{
  "experiment_info": {
    "timestamp": "2025-07-07 01:56:15",
    "dataset": "Texas",
    "model": "RGCN"
  },
  "total_combinations": 6,
  "total_experiments": 60,
  "best_combination_by_val": {
    "parameters": {
      "DROPOUT": 0.5,
      "HIDDEN_CHANNELS": 64,
      "MAX_HOPS": 3,
      "NUM_LAYERS": 2,
      "TEMPERATURE": 0.5
    },
    "final_test_accuracy": {
      "mean": 0.6578947368421054,
      "std": 0.0665742665298606,
      "max": 0.8157894736842105
    },
    "best_test_accuracy": {
      "mean": 0.6578947368421053,
      "std": 0.08321783316232578,
      "max": 0.8157894736842105
    },
    "final_val_accuracy": {
      "mean": 0.65,
      "std": 0.0787635937708768,
      "max": 0.7777777777777778
    },
    "best_val_accuracy": {
      "mean": 0.7611111111111111,
      "std": 0.03967460238079363,
      "max": 0.8333333333333334
    },
    "experiment_count": 10
  },
  "best_combination_by_test": {
    "parameters": {
      "DROPOUT": 0.5,
      "HIDDEN_CHANNELS": 64,
      "MAX_HOPS": 4,
      "NUM_LAYERS": 2,
      "TEMPERATURE": 0.5
    },
    "final_test_accuracy": {
      "mean": 0.6894736842105262,
      "std": 0.0969050138922209,
      "max": 0.8421052631578947
    },
    "best_test_accuracy": {
      "mean": 0.7026315789473684,
      "std": 0.08652253801459786,
      "max": 0.7894736842105263
    },
    "final_val_accuracy": {
      "mean": 0.6527777777777779,
      "std": 0.08806037491192975,
      "max": 0.75
    },
    "best_val_accuracy": {
      "mean": 0.7277777777777777,
      "std": 0.08127077132404331,
      "max": 0.8333333333333334
    },
    "experiment_count": 10
  },
  "top_10_combinations": [
    {
      "parameters": {
        "DROPOUT": 0.5,
        "HIDDEN_CHANNELS": 64,
        "MAX_HOPS": 4,
        "NUM_LAYERS": 2,
        "TEMPERATURE": 0.5
      },
      "final_test_accuracy": {
        "mean": 0.6894736842105262,
        "std": 0.0969050138922209,
        "max": 0.8421052631578947
      },
      "best_test_accuracy": {
        "mean": 0.7026315789473684,
        "std": 0.08652253801459786,
        "max": 0.7894736842105263
      },
      "final_val_accuracy": {
        "mean": 0.6527777777777779,
        "std": 0.08806037491192975,
        "max": 0.75
      },
      "best_val_accuracy": {
        "mean": 0.7277777777777777,
        "std": 0.08127077132404331,
        "max": 0.8333333333333334
      },
      "experiment_count": 10
    },
    {
      "parameters": {
        "DROPOUT": 0.5,
        "HIDDEN_CHANNELS": 64,
        "MAX_HOPS": 3,
        "NUM_LAYERS": 2,
        "TEMPERATURE": 0.5
      },
      "final_test_accuracy": {
        "mean": 0.6578947368421054,
        "std": 0.0665742665298606,
        "max": 0.8157894736842105
      },
      "best_test_accuracy": {
        "mean": 0.6578947368421053,
        "std": 0.08321783316232578,
        "max": 0.8157894736842105
      },
      "final_val_accuracy": {
        "mean": 0.65,
        "std": 0.0787635937708768,
        "max": 0.7777777777777778
      },
      "best_val_accuracy": {
        "mean": 0.7611111111111111,
        "std": 0.03967460238079363,
        "max": 0.8333333333333334
      },
      "experiment_count": 10
    },
    {
      "parameters": {
        "DROPOUT": 0.5,
        "HIDDEN_CHANNELS": 64,
        "MAX_HOPS": 2,
        "NUM_LAYERS": 2,
        "TEMPERATURE": 0.5
      },
      "final_test_accuracy": {
        "mean": 0.6263157894736843,
        "std": 0.12609630053379936,
        "max": 0.7631578947368421
      },
      "best_test_accuracy": {
        "mean": 0.6763157894736843,
        "std": 0.052697327353949434,
        "max": 0.7631578947368421
      },
      "final_val_accuracy": {
        "mean": 0.5944444444444444,
        "std": 0.13217085837078132,
        "max": 0.7777777777777778
      },
      "best_val_accuracy": {
        "mean": 0.7361111111111112,
        "std": 0.05159493228057422,
        "max": 0.8333333333333334
      },
      "experiment_count": 10
    },
    {
      "parameters": {
        "DROPOUT": 0.5,
        "HIDDEN_CHANNELS": 64,
        "MAX_HOPS": 3,
        "NUM_LAYERS": 1,
        "TEMPERATURE": 0.5
      },
      "final_test_accuracy": {
        "mean": 0.55,
        "std": 0.0784634290309241,
        "max": 0.6578947368421053
      },
      "best_test_accuracy": {
        "mean": 0.5368421052631579,
        "std": 0.0799930744924772,
        "max": 0.6578947368421053
      },
      "final_val_accuracy": {
        "mean": 0.5527777777777778,
        "std": 0.07291335971337048,
        "max": 0.6666666666666666
      },
      "best_val_accuracy": {
        "mean": 0.5750000000000001,
        "std": 0.06579288490181673,
        "max": 0.6944444444444444
      },
      "experiment_count": 10
    },
    {
      "parameters": {
        "DROPOUT": 0.5,
        "HIDDEN_CHANNELS": 64,
        "MAX_HOPS": 4,
        "NUM_LAYERS": 1,
        "TEMPERATURE": 0.5
      },
      "final_test_accuracy": {
        "mean": 0.5342105263157895,
        "std": 0.06662625737459034,
        "max": 0.631578947368421
      },
      "best_test_accuracy": {
        "mean": 0.5,
        "std": 0.06446025638903102,
        "max": 0.5789473684210527
      },
      "final_val_accuracy": {
        "mean": 0.5305555555555556,
        "std": 0.08910563851303022,
        "max": 0.6666666666666666
      },
      "best_val_accuracy": {
        "mean": 0.5527777777777778,
        "std": 0.0799787780493776,
        "max": 0.6666666666666666
      },
      "experiment_count": 10
    },
    {
      "parameters": {
        "DROPOUT": 0.5,
        "HIDDEN_CHANNELS": 64,
        "MAX_HOPS": 2,
        "NUM_LAYERS": 1,
        "TEMPERATURE": 0.5
      },
      "final_test_accuracy": {
        "mean": 0.5263157894736842,
        "std": 0.0288275030265877,
        "max": 0.5789473684210527
      },
      "best_test_accuracy": {
        "mean": 0.5263157894736842,
        "std": 0.03721614637823935,
        "max": 0.6052631578947368
      },
      "final_val_accuracy": {
        "mean": 0.5583333333333333,
        "std": 0.05038432540893626,
        "max": 0.6666666666666666
      },
      "best_val_accuracy": {
        "mean": 0.5694444444444444,
        "std": 0.05450393575096829,
        "max": 0.6666666666666666
      },
      "experiment_count": 10
    }
  ],
  "all_combinations": [
    {
      "parameters": {
        "DROPOUT": 0.5,
        "HIDDEN_CHANNELS": 64,
        "MAX_HOPS": 4,
        "NUM_LAYERS": 2,
        "TEMPERATURE": 0.5
      },
      "final_test_accuracy": {
        "mean": 0.6894736842105262,
        "std": 0.0969050138922209,
        "max": 0.8421052631578947
      },
      "best_test_accuracy": {
        "mean": 0.7026315789473684,
        "std": 0.08652253801459786,
        "max": 0.7894736842105263
      },
      "final_val_accuracy": {
        "mean": 0.6527777777777779,
        "std": 0.08806037491192975,
        "max": 0.75
      },
      "best_val_accuracy": {
        "mean": 0.7277777777777777,
        "std": 0.08127077132404331,
        "max": 0.8333333333333334
      },
      "experiment_count": 10
    },
    {
      "parameters": {
        "DROPOUT": 0.5,
        "HIDDEN_CHANNELS": 64,
        "MAX_HOPS": 3,
        "NUM_LAYERS": 2,
        "TEMPERATURE": 0.5
      },
      "final_test_accuracy": {
        "mean": 0.6578947368421054,
        "std": 0.0665742665298606,
        "max": 0.8157894736842105
      },
      "best_test_accuracy": {
        "mean": 0.6578947368421053,
        "std": 0.08321783316232578,
        "max": 0.8157894736842105
      },
      "final_val_accuracy": {
        "mean": 0.65,
        "std": 0.0787635937708768,
        "max": 0.7777777777777778
      },
      "best_val_accuracy": {
        "mean": 0.7611111111111111,
        "std": 0.03967460238079363,
        "max": 0.8333333333333334
      },
      "experiment_count": 10
    },
    {
      "parameters": {
        "DROPOUT": 0.5,
        "HIDDEN_CHANNELS": 64,
        "MAX_HOPS": 2,
        "NUM_LAYERS": 2,