{
  "experiment_info": {
    "timestamp": "2025-07-05 10:35:21",
    "dataset": "Cora",
    "model": "RobustH2GCN"
  },
  "total_experiments": 60,
  "final_results": {
    "train": {
      "mean": 0.9992097701149426,
      "std": 0.0018200358980566805
    },
    "val": {
      "mean": 0.8589032655576094,
      "std": 0.012999009983919164
    },
    "test": {
      "mean": 0.8591774094536525,
      "std": 0.017627258774707097
    }
  },
  "best_results": {
    "val": {
      "mean": 0.876124460874923,
      "std": 0.013176638610071241
    },
    "test": {
      "mean": 0.8640577041129526,
      "std": 0.018661629470349623
    }
  },
  "early_stopping": {
    "early_stopped_experiments": 60,
    "early_stopping_rate": 1.0,
    "average_stopping_epoch": 86.1,
    "stopping_epoch_std": 25.456957136835243,
    "stopping_epoch_range": [
      60,
      176
    ]
  },
  "feature_modification": {
    "modifications_applied": 1,
    "modification_types": [
      "missingness"
    ]
  }
}