{
  "experiment_info": {
    "timestamp": "2025-07-05 10:35:22",
    "dataset": "Cora",
    "model": "RobustH2GCN"
  },
  "gate_statistics": {
    "gate_mean": {
      "mean": 0.630817474424839,
      "std": 0.24524950281551883
    },
    "gate_std": {
      "mean": 0.26251601775487265,
      "std": 0.07765417253051611
    },
    "gate_min": {
      "mean": 0.09037656551062474,
      "std": 0.1624853313902176
    },
    "gate_max": {
      "mean": 0.999461614092191,
      "std": 0.0012893348659023876
    },
    "gate_range": [
      1.2261410775593617e-09,
      1.0
    ],
    "experiment_count": 60
  },
  "best_parameter_gate_stats": {
    "gate_mean": {
      "mean": 0.91855748295784,
      "std": 0.03253357204549956
    },
    "gate_std": {
      "mean": 0.16306037455797195,
      "std": 0.058848347294597
    },
    "gate_min": {
      "mean": 0.3216330301307607,
      "std": 0.23070400033090646
    },
    "gate_max": {
      "mean": 0.9999999880790711,
      "std": 3.5762786865234374e-08
    },
    "gate_range": [
      0.00032127537997439504,
      1.0
    ],
    "experiment_count": 10,
    "best_parameters": {
      "DROPOUT": 0.5,
      "HIDDEN_CHANNELS": 64,
      "MAX_HOPS": 2,
      "NUM_LAYERS": 1,
      "TEMPERATURE": 2.0
    }
  }
}