{
  "experiment_info": {
    "timestamp": "2025-07-05 06:14:57",
    "dataset": "Chameleon",
    "model": "MixHop"
  },
  "total_combinations": 9,
  "total_experiments": 90,
  "best_combination_by_val": {
    "parameters": {
      "DROPOUT": 0.5,
      "HIDDEN_CHANNELS": 64,
      "MAX_HOPS": 3,
      "NUM_LAYERS": 3,
      "TEMPERATURE": 0.5
    },
    "final_test_accuracy": {
      "mean": 0.34342105263157896,
      "std": 0.0544036473801252,
      "max": 0.4298245614035088
    },
    "best_test_accuracy": {
      "mean": 0.4035087719298246,
      "std": 0.03335929275404635,
      "max": 0.48464912280701755
    },
    "final_val_accuracy": {
      "mean": 0.3485714285714286,
      "std": 0.06507276263278085,
      "max": 0.43956043956043955
    },
    "best_val_accuracy": {
      "mean": 0.42153846153846153,
      "std": 0.042101538551028335,
      "max": 0.4945054945054945
    },
    "experiment_count": 10
  },
  "best_combination_by_test": {
    "parameters": {
      "DROPOUT": 0.5,
      "HIDDEN_CHANNELS": 64,
      "MAX_HOPS": 3,
      "NUM_LAYERS": 3,
      "TEMPERATURE": 0.5
    },
    "final_test_accuracy": {
      "mean": 0.34342105263157896,
      "std": 0.0544036473801252,
      "max": 0.4298245614035088
    },
    "best_test_accuracy": {
      "mean": 0.4035087719298246,
      "std": 0.03335929275404635,
      "max": 0.48464912280701755
    },
    "final_val_accuracy": {
      "mean": 0.3485714285714286,
      "std": 0.06507276263278085,
      "max": 0.43956043956043955
    },
    "best_val_accuracy": {
      "mean": 0.42153846153846153,
      "std": 0.042101538551028335,
      "max": 0.4945054945054945
    },
    "experiment_count": 10
  },
  "top_10_combinations": [
    {
      "parameters": {
        "DROPOUT": 0.5,
        "HIDDEN_CHANNELS": 64,
        "MAX_HOPS": 3,
        "NUM_LAYERS": 3,
        "TEMPERATURE": 0.5
      },
      "final_test_accuracy": {
        "mean": 0.34342105263157896,
        "std": 0.0544036473801252,
        "max": 0.4298245614035088
      },
      "best_test_accuracy": {
        "mean": 0.4035087719298246,
        "std": 0.03335929275404635,
        "max": 0.48464912280701755
      },
      "final_val_accuracy": {
        "mean": 0.3485714285714286,
        "std": 0.06507276263278085,
        "max": 0.43956043956043955
      },
      "best_val_accuracy": {
        "mean": 0.42153846153846153,
        "std": 0.042101538551028335,
        "max": 0.4945054945054945
      },
      "experiment_count": 10
    },
    {
      "parameters": {
        "DROPOUT": 0.5,
        "HIDDEN_CHANNELS": 64,
        "MAX_HOPS": 4,
        "NUM_LAYERS": 3,
        "TEMPERATURE": 0.5
      },
      "final_test_accuracy": {
        "mean": 0.3337719298245614,
        "std": 0.03671919765956332,
        "max": 0.40789473684210525
      },
      "best_test_accuracy": {
        "mean": 0.3971491228070176,
        "std": 0.04326849417866037,
        "max": 0.45614035087719296
      },
      "final_val_accuracy": {
        "mean": 0.3316483516483516,
        "std": 0.0523284657245128,
        "max": 0.45714285714285713
      },
      "best_val_accuracy": {
        "mean": 0.41120879120879117,
        "std": 0.041309912560300165,
        "max": 0.5032967032967033
      },
      "experiment_count": 10
    },
    {
      "parameters": {
        "DROPOUT": 0.5,
        "HIDDEN_CHANNELS": 64,
        "MAX_HOPS": 2,
        "NUM_LAYERS": 3,
        "TEMPERATURE": 0.5
      },
      "final_test_accuracy": {
        "mean": 0.3260964912280702,
        "std": 0.07793607890177019,
        "max": 0.4758771929824561
      },
      "best_test_accuracy": {
        "mean": 0.3927631578947368,
        "std": 0.057340935123819825,
        "max": 0.5021929824561403
      },
      "final_val_accuracy": {
        "mean": 0.33164835164835166,
        "std": 0.06663691321719191,
        "max": 0.432967032967033
      },
      "best_val_accuracy": {
        "mean": 0.41714285714285715,
        "std": 0.05298298970807508,
        "max": 0.5098901098901099
      },
      "experiment_count": 10
    },
    {
      "parameters": {
        "DROPOUT": 0.5,
        "HIDDEN_CHANNELS": 64,
        "MAX_HOPS": 4,
        "NUM_LAYERS": 2,
        "TEMPERATURE": 0.5
      },
      "final_test_accuracy": {
        "mean": 0.2973684210526316,
        "std": 0.06885545858296019,
        "max": 0.43201754385964913
      },
      "best_test_accuracy": {
        "mean": 0.3684210526315789,
        "std": 0.0748703609241075,
        "max": 0.4934210526315789
      },
      "final_val_accuracy": {
        "mean": 0.2795604395604396,
        "std": 0.06640709439304178,
        "max": 0.3934065934065934
      },
      "best_val_accuracy": {
        "mean": 0.37736263736263737,
        "std": 0.06878840004096352,
        "max": 0.47692307692307695
      },
      "experiment_count": 10
    },
    {
      "parameters": {
        "DROPOUT": 0.5,
        "HIDDEN_CHANNELS": 64,
        "MAX_HOPS": 2,
        "NUM_LAYERS": 2,
        "TEMPERATURE": 0.5
      },
      "final_test_accuracy": {
        "mean": 0.26776315789473687,
        "std": 0.07440935218659388,
        "max": 0.42543859649122806
      },
      "best_test_accuracy": {
        "mean": 0.3221491228070175,
        "std": 0.07052032847501541,
        "max": 0.4517543859649123
      },
      "final_val_accuracy": {
        "mean": 0.2734065934065934,
        "std": 0.06138284877633231,
        "max": 0.378021978021978
      },
      "best_val_accuracy": {
        "mean": 0.3443956043956044,
        "std": 0.06654696817702456,
        "max": 0.46593406593406594
      },
      "experiment_count": 10
    },
    {
      "parameters": {
        "DROPOUT": 0.5,
        "HIDDEN_CHANNELS": 64,
        "MAX_HOPS": 3,
        "NUM_LAYERS": 2,
        "TEMPERATURE": 0.5
      },
      "final_test_accuracy": {
        "mean": 0.2513157894736842,
        "std": 0.0357825930778441,
        "max": 0.3157894736842105
      },
      "best_test_accuracy": {
        "mean": 0.32192982456140357,
        "std": 0.050683994947104266,
        "max": 0.45614035087719296
      },
      "final_val_accuracy": {
        "mean": 0.25890109890109886,
        "std": 0.036694741386268735,
        "max": 0.31868131868131866
      },
      "best_val_accuracy": {
        "mean": 0.3272527472527473,
        "std": 0.053740196265012856,
        "max": 0.46153846153846156
      },
      "experiment_count": 10
    },
    {
      "parameters": {
        "DROPOUT": 0.5,
        "HIDDEN_CHANNELS": 64,
        "MAX_HOPS": 3,
        "NUM_LAYERS": 1,
        "TEMPERATURE": 0.5
      },
      "final_test_accuracy": {
        "mean": 0.21293859649122804,
        "std": 0.019003176825342045,
        "max": 0.24780701754385964
      },
      "best_test_accuracy": {
        "mean": 0.22171052631578947,
        "std": 0.017692625834675398,
        "max": 0.25
      },
      "final_val_accuracy": {
        "mean": 0.19890109890109892,
        "std": 0.014784202249531546,
        "max": 0.22857142857142856
      },
      "best_val_accuracy": {
        "mean": 0.24021978021978022,
        "std": 0.012817163351053476,
        "max": 0.2681318681318681
      },
      "experiment_count": 10
    },
    {
      "parameters": {
        "DROPOUT": 0.5,
        "HIDDEN_CHANNELS": 64,
        "MAX_HOPS": 2,
        "NUM_LAYERS": 1,
        "TEMPERATURE": 0.5
      },
      "final_test_accuracy": {
        "mean": 0.21249999999999997,
        "std": 0.019453373713723767,
        "max": 0.25219298245614036
      },
      "best_test_accuracy": {
        "mean": 0.2021929824561403,
        "std": 0.021415009852164383,
        "max": 0.22807017543859648
      },
      "final_val_accuracy": {
        "mean": 0.20307692307692307,
        "std": 0.017366809903418386,
        "max": 0.22417582417582418
      },
      "best_val_accuracy": {
        "mean": 0.24725274725274726,
        "std": 0.007692307692307686,
        "max": 0.2571428571428571
      },