{
  "experiment_info": {
    "timestamp": "2025-07-05 21:24:46",
    "dataset": "Citeseer",
    "model": "GCN"
  },
  "total_combinations": 6,
  "total_experiments": 60,
  "best_combination_by_val": {
    "parameters": {
      "DROPOUT": 0.5,
      "HIDDEN_CHANNELS": 64,
      "MAX_HOPS": 2,
      "NUM_LAYERS": 2,
      "TEMPERATURE": 0.5
    },
    "final_test_accuracy": {
      "mean": 0.733033033033033,
      "std": 0.01791512160753713,
      "max": 0.7717717717717718
    },
    "best_test_accuracy": {
      "mean": 0.7656156156156155,
      "std": 0.015797194471011515,
      "max": 0.7867867867867868
    },
    "final_val_accuracy": {
      "mean": 0.738796992481203,
      "std": 0.016390977443608998,
      "max": 0.7684210526315789
    },
    "best_val_accuracy": {
      "mean": 0.7685714285714286,
      "std": 0.011637387918162915,
      "max": 0.7894736842105263
    },
    "experiment_count": 10
  },
  "best_combination_by_test": {
    "parameters": {
      "DROPOUT": 0.5,
      "HIDDEN_CHANNELS": 64,
      "MAX_HOPS": 4,
      "NUM_LAYERS": 1,
      "TEMPERATURE": 0.5
    },
    "final_test_accuracy": {
      "mean": 0.7415915915915916,
      "std": 0.012132466620429896,
      "max": 0.7627627627627628
    },
    "best_test_accuracy": {
      "mean": 0.746996996996997,
      "std": 0.011827600956941716,
      "max": 0.7672672672672672
    },
    "final_val_accuracy": {
      "mean": 0.7505263157894737,
      "std": 0.010977443609022544,
      "max": 0.7654135338345864
    },
    "best_val_accuracy": {
      "mean": 0.7601503759398496,
      "std": 0.01072318585624487,
      "max": 0.7729323308270677
    },
    "experiment_count": 10
  },
  "top_10_combinations": [
    {
      "parameters": {
        "DROPOUT": 0.5,
        "HIDDEN_CHANNELS": 64,
        "MAX_HOPS": 4,
        "NUM_LAYERS": 1,
        "TEMPERATURE": 0.5
      },
      "final_test_accuracy": {
        "mean": 0.7415915915915916,
        "std": 0.012132466620429896,
        "max": 0.7627627627627628
      },
      "best_test_accuracy": {
        "mean": 0.746996996996997,
        "std": 0.011827600956941716,
        "max": 0.7672672672672672
      },
      "final_val_accuracy": {
        "mean": 0.7505263157894737,
        "std": 0.010977443609022544,
        "max": 0.7654135338345864
      },
      "best_val_accuracy": {
        "mean": 0.7601503759398496,
        "std": 0.01072318585624487,
        "max": 0.7729323308270677
      },
      "experiment_count": 10
    },
    {
      "parameters": {
        "DROPOUT": 0.5,
        "HIDDEN_CHANNELS": 64,
        "MAX_HOPS": 3,
        "NUM_LAYERS": 1,
        "TEMPERATURE": 0.5
      },
      "final_test_accuracy": {
        "mean": 0.7412912912912913,
        "std": 0.012455224208642923,
        "max": 0.7627627627627628
      },
      "best_test_accuracy": {
        "mean": 0.743993993993994,
        "std": 0.01049441066366758,
        "max": 0.7597597597597597
      },
      "final_val_accuracy": {
        "mean": 0.7436090225563909,
        "std": 0.015339082983909732,
        "max": 0.7834586466165413
      },
      "best_val_accuracy": {
        "mean": 0.7514285714285714,
        "std": 0.01445565716537174,
        "max": 0.7894736842105263
      },
      "experiment_count": 10
    },
    {
      "parameters": {
        "DROPOUT": 0.5,
        "HIDDEN_CHANNELS": 64,
        "MAX_HOPS": 2,
        "NUM_LAYERS": 1,
        "TEMPERATURE": 0.5
      },
      "final_test_accuracy": {
        "mean": 0.7393393393393394,
        "std": 0.01169244584620527,
        "max": 0.7672672672672672
      },
      "best_test_accuracy": {
        "mean": 0.7447447447447447,
        "std": 0.011074527876628085,
        "max": 0.7747747747747747
      },
      "final_val_accuracy": {
        "mean": 0.7404511278195489,
        "std": 0.014904675721339987,
        "max": 0.7744360902255639
      },
      "best_val_accuracy": {
        "mean": 0.7499248120300752,
        "std": 0.014780509188209303,
        "max": 0.7804511278195488
      },
      "experiment_count": 10
    },
    {
      "parameters": {
        "DROPOUT": 0.5,
        "HIDDEN_CHANNELS": 64,
        "MAX_HOPS": 2,
        "NUM_LAYERS": 2,
        "TEMPERATURE": 0.5
      },
      "final_test_accuracy": {
        "mean": 0.733033033033033,
        "std": 0.01791512160753713,
        "max": 0.7717717717717718
      },
      "best_test_accuracy": {
        "mean": 0.7656156156156155,
        "std": 0.015797194471011515,
        "max": 0.7867867867867868
      },
      "final_val_accuracy": {
        "mean": 0.738796992481203,
        "std": 0.016390977443608998,
        "max": 0.7684210526315789
      },
      "best_val_accuracy": {
        "mean": 0.7685714285714286,
        "std": 0.011637387918162915,
        "max": 0.7894736842105263
      },
      "experiment_count": 10
    },
    {
      "parameters": {
        "DROPOUT": 0.5,
        "HIDDEN_CHANNELS": 64,
        "MAX_HOPS": 3,
        "NUM_LAYERS": 2,
        "TEMPERATURE": 0.5
      },
      "final_test_accuracy": {
        "mean": 0.7312312312312312,
        "std": 0.015661747520006368,
        "max": 0.7552552552552553
      },
      "best_test_accuracy": {
        "mean": 0.759009009009009,
        "std": 0.014988715706673207,
        "max": 0.7792792792792793
      },
      "final_val_accuracy": {
        "mean": 0.7330827067669172,
        "std": 0.014190422187474988,
        "max": 0.7593984962406015
      },
      "best_val_accuracy": {
        "mean": 0.7649624060150375,
        "std": 0.011173448413990927,
        "max": 0.7819548872180451
      },
      "experiment_count": 10
    },
    {
      "parameters": {
        "DROPOUT": 0.5,
        "HIDDEN_CHANNELS": 64,
        "MAX_HOPS": 4,
        "NUM_LAYERS": 2,
        "TEMPERATURE": 0.5
      },
      "final_test_accuracy": {
        "mean": 0.7267267267267268,
        "std": 0.013613245593565347,
        "max": 0.7567567567567568
      },
      "best_test_accuracy": {
        "mean": 0.7572072072072072,
        "std": 0.017277709337776274,
        "max": 0.7912912912912913
      },
      "final_val_accuracy": {
        "mean": 0.7222556390977444,
        "std": 0.011051352797998874,
        "max": 0.7428571428571429
      },
      "best_val_accuracy": {
        "mean": 0.7565413533834586,
        "std": 0.012353728961528337,
        "max": 0.7774436090225564
      },
      "experiment_count": 10
    }
  ],
  "all_combinations": [
    {
      "parameters": {
        "DROPOUT": 0.5,
        "HIDDEN_CHANNELS": 64,
        "MAX_HOPS": 4,
        "NUM_LAYERS": 1,
        "TEMPERATURE": 0.5
      },
      "final_test_accuracy": {
        "mean": 0.7415915915915916,
        "std": 0.012132466620429896,
        "max": 0.7627627627627628
      },
      "best_test_accuracy": {
        "mean": 0.746996996996997,
        "std": 0.011827600956941716,
        "max": 0.7672672672672672
      },
      "final_val_accuracy": {
        "mean": 0.7505263157894737,
        "std": 0.010977443609022544,
        "max": 0.7654135338345864
      },
      "best_val_accuracy": {
        "mean": 0.7601503759398496,
        "std": 0.01072318585624487,
        "max": 0.7729323308270677
      },
      "experiment_count": 10
    },
    {
      "parameters": {
        "DROPOUT": 0.5,
        "HIDDEN_CHANNELS": 64,
        "MAX_HOPS": 3,
        "NUM_LAYERS": 1,
        "TEMPERATURE": 0.5
      },
      "final_test_accuracy": {
        "mean": 0.7412912912912913,
        "std": 0.012455224208642923,
        "max": 0.7627627627627628
      },
      "best_test_accuracy": {
        "mean": 0.743993993993994,
        "std": 0.01049441066366758,
        "max": 0.7597597597597597
      },
      "final_val_accuracy": {
        "mean": 0.7436090225563909,
        "std": 0.015339082983909732,
        "max": 0.7834586466165413
      },
      "best_val_accuracy": {
        "mean": 0.7514285714285714,
        "std": 0.01445565716537174,
        "max": 0.7894736842105263
      },