{
  "experiment_info": {
    "timestamp": "2025-07-03 14:59:17",
    "dataset": "Cornell",
    "model": "GraphSAGE"
  },
  "total_experiments": 90,
  "final_results": {
    "train": {
      "mean": 0.6291539245667687,
      "std": 0.14234465734076407
    },
    "val": {
      "mean": 0.48518518518518505,
      "std": 0.07257747386024231
    },
    "test": {
      "mean": 0.48859649122807014,
      "std": 0.08201168006057967
    }
  },
  "best_results": {
    "val": {
      "mean": 0.533641975308642,
      "std": 0.07618456899907061
    },
    "test": {
      "mean": 0.49210526315789477,
      "std": 0.07509612184499821
    }
  },
  "early_stopping": {
    "early_stopped_experiments": 90,
    "early_stopping_rate": 1.0,
    "average_stopping_epoch": 79.0,
    "stopping_epoch_std": 28.985053619638748,
    "stopping_epoch_range": [
      50,
      168
    ]
  },
  "feature_modification": {
    "modifications_applied": 1,
    "modification_types": [
      "noise"
    ]
  }
}