{
  "experiment_info": {
    "timestamp": "2025-07-07 16:13:39",
    "dataset": "Chameleon",
    "model": "GraphSAGE"
  },
  "total_combinations": 6,
  "total_experiments": 60,
  "best_combination_by_val": {
    "parameters": {
      "DROPOUT": 0.5,
      "HIDDEN_CHANNELS": 64,
      "MAX_HOPS": 3,
      "NUM_LAYERS": 1,
      "TEMPERATURE": 0.5
    },
    "final_test_accuracy": {
      "mean": 0.23662280701754385,
      "std": 0.0261406820301643,
      "max": 0.30701754385964913
    },
    "best_test_accuracy": {
      "mean": 0.25811403508771924,
      "std": 0.053958510473974555,
      "max": 0.35964912280701755
    },
    "final_val_accuracy": {
      "mean": 0.23428571428571435,
      "std": 0.028692894805041915,
      "max": 0.3120879120879121
    },
    "best_val_accuracy": {
      "mean": 0.2775824175824176,
      "std": 0.04513849128764888,
      "max": 0.3626373626373626
    },
    "experiment_count": 10
  },
  "best_combination_by_test": {
    "parameters": {
      "DROPOUT": 0.5,
      "HIDDEN_CHANNELS": 64,
      "MAX_HOPS": 3,
      "NUM_LAYERS": 1,
      "TEMPERATURE": 0.5
    },
    "final_test_accuracy": {
      "mean": 0.23662280701754385,
      "std": 0.0261406820301643,
      "max": 0.30701754385964913
    },
    "best_test_accuracy": {
      "mean": 0.25811403508771924,
      "std": 0.053958510473974555,
      "max": 0.35964912280701755
    },
    "final_val_accuracy": {
      "mean": 0.23428571428571435,
      "std": 0.028692894805041915,
      "max": 0.3120879120879121
    },
    "best_val_accuracy": {
      "mean": 0.2775824175824176,
      "std": 0.04513849128764888,
      "max": 0.3626373626373626
    },
    "experiment_count": 10
  },
  "top_10_combinations": [
    {
      "parameters": {
        "DROPOUT": 0.5,
        "HIDDEN_CHANNELS": 64,
        "MAX_HOPS": 3,
        "NUM_LAYERS": 1,
        "TEMPERATURE": 0.5
      },
      "final_test_accuracy": {
        "mean": 0.23662280701754385,
        "std": 0.0261406820301643,
        "max": 0.30701754385964913
      },
      "best_test_accuracy": {
        "mean": 0.25811403508771924,
        "std": 0.053958510473974555,
        "max": 0.35964912280701755
      },
      "final_val_accuracy": {
        "mean": 0.23428571428571435,
        "std": 0.028692894805041915,
        "max": 0.3120879120879121
      },
      "best_val_accuracy": {
        "mean": 0.2775824175824176,
        "std": 0.04513849128764888,
        "max": 0.3626373626373626
      },
      "experiment_count": 10
    },
    {
      "parameters": {
        "DROPOUT": 0.5,
        "HIDDEN_CHANNELS": 64,
        "MAX_HOPS": 3,
        "NUM_LAYERS": 2,
        "TEMPERATURE": 0.5
      },
      "final_test_accuracy": {
        "mean": 0.22434210526315787,
        "std": 0.020966793206382027,
        "max": 0.24780701754385964
      },
      "best_test_accuracy": {
        "mean": 0.22478070175438597,
        "std": 0.042886686181688845,
        "max": 0.32456140350877194
      },
      "final_val_accuracy": {
        "mean": 0.21956043956043958,
        "std": 0.028612818709759624,
        "max": 0.2681318681318681
      },
      "best_val_accuracy": {
        "mean": 0.25846153846153846,
        "std": 0.032571992105578665,
        "max": 0.34065934065934067
      },
      "experiment_count": 10
    },
    {
      "parameters": {
        "DROPOUT": 0.5,
        "HIDDEN_CHANNELS": 64,
        "MAX_HOPS": 2,
        "NUM_LAYERS": 1,
        "TEMPERATURE": 0.5
      },
      "final_test_accuracy": {
        "mean": 0.22324561403508775,
        "std": 0.02575797694741408,
        "max": 0.25
      },
      "best_test_accuracy": {
        "mean": 0.24780701754385964,
        "std": 0.04605263157894737,
        "max": 0.32894736842105265
      },
      "final_val_accuracy": {
        "mean": 0.21076923076923076,
        "std": 0.02649149485403754,
        "max": 0.25054945054945055
      },
      "best_val_accuracy": {
        "mean": 0.26967032967032967,
        "std": 0.03484816202917995,
        "max": 0.36043956043956044
      },
      "experiment_count": 10
    },
    {
      "parameters": {
        "DROPOUT": 0.5,
        "HIDDEN_CHANNELS": 64,
        "MAX_HOPS": 4,
        "NUM_LAYERS": 2,
        "TEMPERATURE": 0.5
      },
      "final_test_accuracy": {
        "mean": 0.21995614035087718,
        "std": 0.01581534187026561,
        "max": 0.25219298245614036
      },
      "best_test_accuracy": {
        "mean": 0.24868421052631579,
        "std": 0.03498064803787792,
        "max": 0.29605263157894735
      },
      "final_val_accuracy": {
        "mean": 0.21780219780219784,
        "std": 0.021499179248719115,
        "max": 0.24395604395604395
      },
      "best_val_accuracy": {
        "mean": 0.24703296703296704,
        "std": 0.01780626734112447,
        "max": 0.2725274725274725
      },
      "experiment_count": 10
    },
    {
      "parameters": {
        "DROPOUT": 0.5,
        "HIDDEN_CHANNELS": 64,
        "MAX_HOPS": 4,
        "NUM_LAYERS": 1,
        "TEMPERATURE": 0.5
      },
      "final_test_accuracy": {
        "mean": 0.21754385964912282,
        "std": 0.0219473614091172,
        "max": 0.2565789473684211
      },
      "best_test_accuracy": {
        "mean": 0.23004385964912283,
        "std": 0.025394130829359752,
        "max": 0.26973684210526316
      },
      "final_val_accuracy": {
        "mean": 0.20901098901098902,
        "std": 0.02259464656451161,
        "max": 0.24175824175824176
      },
      "best_val_accuracy": {
        "mean": 0.24153846153846154,
        "std": 0.018892152239860745,
        "max": 0.2813186813186813
      },
      "experiment_count": 10
    },
    {
      "parameters": {
        "DROPOUT": 0.5,
        "HIDDEN_CHANNELS": 64,
        "MAX_HOPS": 2,
        "NUM_LAYERS": 2,
        "TEMPERATURE": 0.5
      },
      "final_test_accuracy": {
        "mean": 0.21469298245614032,
        "std": 0.0364252999669933,
        "max": 0.30701754385964913
      },
      "best_test_accuracy": {
        "mean": 0.25175438596491223,
        "std": 0.04446728214413997,
        "max": 0.3508771929824561
      },
      "final_val_accuracy": {
        "mean": 0.22505494505494505,
        "std": 0.03356526804503298,
        "max": 0.3054945054945055
      },
      "best_val_accuracy": {
        "mean": 0.2663736263736264,
        "std": 0.03743754610965729,
        "max": 0.34725274725274724
      },
      "experiment_count": 10
    }
  ],
  "all_combinations": [
    {
      "parameters": {
        "DROPOUT": 0.5,
        "HIDDEN_CHANNELS": 64,
        "MAX_HOPS": 3,
        "NUM_LAYERS": 1,
        "TEMPERATURE": 0.5
      },
      "final_test_accuracy": {
        "mean": 0.23662280701754385,
        "std": 0.0261406820301643,
        "max": 0.30701754385964913
      },
      "best_test_accuracy": {
        "mean": 0.25811403508771924,
        "std": 0.053958510473974555,
        "max": 0.35964912280701755
      },
      "final_val_accuracy": {
        "mean": 0.23428571428571435,
        "std": 0.028692894805041915,
        "max": 0.3120879120879121
      },
      "best_val_accuracy": {
        "mean": 0.2775824175824176,
        "std": 0.04513849128764888,
        "max": 0.3626373626373626
      },
      "experiment_count": 10
    },
    {
      "parameters": {
        "DROPOUT": 0.5,
        "HIDDEN_CHANNELS": 64,
        "MAX_HOPS": 3,
        "NUM_LAYERS": 2,
        "TEMPERATURE": 0.5
      },
      "final_test_accuracy": {
        "mean": 0.22434210526315787,
        "std": 0.020966793206382027,
        "max": 0.24780701754385964
      },
      "best_test_accuracy": {
        "mean": 0.22478070175438597,
        "std": 0.042886686181688845,
        "max": 0.32456140350877194
      },
      "final_val_accuracy": {
        "mean": 0.21956043956043958,
        "std": 0.028612818709759624,
        "max": 0.2681318681318681
      },
      "best_val_accuracy": {
        "mean": 0.25846153846153846,
        "std": 0.032571992105578665,