{
  "experiment_info": {
    "timestamp": "2025-07-04 06:54:37",
    "dataset": "Chameleon",
    "model": "RobustH2GCN"
  },
  "total_combinations": 9,
  "total_experiments": 90,
  "best_combination_by_val": {
    "parameters": {
      "DROPOUT": 0.5,
      "HIDDEN_CHANNELS": 64,
      "MAX_HOPS": 3,
      "NUM_LAYERS": 1,
      "TEMPERATURE": 0.5
    },
    "final_test_accuracy": {
      "mean": 0.6057017543859649,
      "std": 0.035439573549150456,
      "max": 0.668859649122807
    },
    "best_test_accuracy": {
      "mean": 0.6039473684210526,
      "std": 0.03873827625745885,
      "max": 0.6710526315789473
    },
    "final_val_accuracy": {
      "mean": 0.5916483516483515,
      "std": 0.02476407212484092,
      "max": 0.6395604395604395
    },
    "best_val_accuracy": {
      "mean": 0.6061538461538463,
      "std": 0.026056703886204718,
      "max": 0.6593406593406593
    },
    "experiment_count": 10
  },
  "best_combination_by_test": {
    "parameters": {
      "DROPOUT": 0.5,
      "HIDDEN_CHANNELS": 64,
      "MAX_HOPS": 3,
      "NUM_LAYERS": 1,
      "TEMPERATURE": 0.5
    },
    "final_test_accuracy": {
      "mean": 0.6057017543859649,
      "std": 0.035439573549150456,
      "max": 0.668859649122807
    },
    "best_test_accuracy": {
      "mean": 0.6039473684210526,
      "std": 0.03873827625745885,
      "max": 0.6710526315789473
    },
    "final_val_accuracy": {
      "mean": 0.5916483516483515,
      "std": 0.02476407212484092,
      "max": 0.6395604395604395
    },
    "best_val_accuracy": {
      "mean": 0.6061538461538463,
      "std": 0.026056703886204718,
      "max": 0.6593406593406593
    },
    "experiment_count": 10
  },
  "top_10_combinations": [
    {
      "parameters": {
        "DROPOUT": 0.5,
        "HIDDEN_CHANNELS": 64,
        "MAX_HOPS": 3,
        "NUM_LAYERS": 1,
        "TEMPERATURE": 0.5
      },
      "final_test_accuracy": {
        "mean": 0.6057017543859649,
        "std": 0.035439573549150456,
        "max": 0.668859649122807
      },
      "best_test_accuracy": {
        "mean": 0.6039473684210526,
        "std": 0.03873827625745885,
        "max": 0.6710526315789473
      },
      "final_val_accuracy": {
        "mean": 0.5916483516483515,
        "std": 0.02476407212484092,
        "max": 0.6395604395604395
      },
      "best_val_accuracy": {
        "mean": 0.6061538461538463,
        "std": 0.026056703886204718,
        "max": 0.6593406593406593
      },
      "experiment_count": 10
    },
    {
      "parameters": {
        "DROPOUT": 0.5,
        "HIDDEN_CHANNELS": 64,
        "MAX_HOPS": 4,
        "NUM_LAYERS": 1,
        "TEMPERATURE": 1.0
      },
      "final_test_accuracy": {
        "mean": 0.5932017543859649,
        "std": 0.026665259946737543,
        "max": 0.625
      },
      "best_test_accuracy": {
        "mean": 0.5918859649122807,
        "std": 0.03582624637341997,
        "max": 0.6293859649122807
      },
      "final_val_accuracy": {
        "mean": 0.5868131868131867,
        "std": 0.023568802845634316,
        "max": 0.6417582417582418
      },
      "best_val_accuracy": {
        "mean": 0.5973626373626374,
        "std": 0.023213619211447736,
        "max": 0.6527472527472528
      },
      "experiment_count": 10
    },
    {
      "parameters": {
        "DROPOUT": 0.5,
        "HIDDEN_CHANNELS": 64,
        "MAX_HOPS": 4,
        "NUM_LAYERS": 1,
        "TEMPERATURE": 0.5
      },
      "final_test_accuracy": {
        "mean": 0.5927631578947368,
        "std": 0.023762257694411336,
        "max": 0.6293859649122807
      },
      "best_test_accuracy": {
        "mean": 0.593859649122807,
        "std": 0.027683743575542985,
        "max": 0.6513157894736842
      },
      "final_val_accuracy": {
        "mean": 0.5942857142857143,
        "std": 0.03078806331048346,
        "max": 0.6527472527472528
      },
      "best_val_accuracy": {
        "mean": 0.6026373626373627,
        "std": 0.029663002758334927,
        "max": 0.6593406593406593
      },
      "experiment_count": 10
    },
    {
      "parameters": {
        "DROPOUT": 0.5,
        "HIDDEN_CHANNELS": 64,
        "MAX_HOPS": 3,
        "NUM_LAYERS": 1,
        "TEMPERATURE": 1.0
      },
      "final_test_accuracy": {
        "mean": 0.5910087719298246,
        "std": 0.027899184517978952,
        "max": 0.6425438596491229
      },
      "best_test_accuracy": {
        "mean": 0.5855263157894737,
        "std": 0.03496414643398558,
        "max": 0.6381578947368421
      },
      "final_val_accuracy": {
        "mean": 0.5894505494505493,
        "std": 0.01795753689302462,
        "max": 0.6307692307692307
      },
      "best_val_accuracy": {
        "mean": 0.5956043956043956,
        "std": 0.017936005066464318,
        "max": 0.6373626373626373
      },
      "experiment_count": 10
    },
    {
      "parameters": {
        "DROPOUT": 0.5,
        "HIDDEN_CHANNELS": 64,
        "MAX_HOPS": 4,
        "NUM_LAYERS": 1,
        "TEMPERATURE": 2.0
      },
      "final_test_accuracy": {
        "mean": 0.5899122807017544,
        "std": 0.035265448996009086,
        "max": 0.6337719298245614
      },
      "best_test_accuracy": {
        "mean": 0.5890350877192982,
        "std": 0.0372703804081875,
        "max": 0.6337719298245614
      },
      "final_val_accuracy": {
        "mean": 0.5786813186813187,
        "std": 0.02919108270109498,
        "max": 0.643956043956044
      },
      "best_val_accuracy": {
        "mean": 0.592087912087912,
        "std": 0.02942429533394211,
        "max": 0.6461538461538462
      },
      "experiment_count": 10
    },
    {
      "parameters": {
        "DROPOUT": 0.5,
        "HIDDEN_CHANNELS": 64,
        "MAX_HOPS": 3,
        "NUM_LAYERS": 1,
        "TEMPERATURE": 2.0
      },
      "final_test_accuracy": {
        "mean": 0.5866228070175439,
        "std": 0.028731418045182568,
        "max": 0.631578947368421
      },
      "best_test_accuracy": {
        "mean": 0.5885964912280701,
        "std": 0.031569808619172135,
        "max": 0.6403508771929824
      },
      "final_val_accuracy": {
        "mean": 0.5907692307692308,
        "std": 0.03403117688060821,
        "max": 0.6461538461538462
      },
      "best_val_accuracy": {
        "mean": 0.6002197802197802,
        "std": 0.03515727940803945,
        "max": 0.654945054945055
      },
      "experiment_count": 10
    },
    {
      "parameters": {
        "DROPOUT": 0.5,
        "HIDDEN_CHANNELS": 64,
        "MAX_HOPS": 2,
        "NUM_LAYERS": 1,
        "TEMPERATURE": 2.0
      },
      "final_test_accuracy": {
        "mean": 0.5831140350877193,
        "std": 0.023259057681581815,
        "max": 0.6162280701754386
      },
      "best_test_accuracy": {
        "mean": 0.5807017543859649,
        "std": 0.026693200095970065,
        "max": 0.618421052631579
      },
      "final_val_accuracy": {
        "mean": 0.5745054945054944,
        "std": 0.027401226154740572,
        "max": 0.6131868131868132
      },
      "best_val_accuracy": {
        "mean": 0.5810989010989009,
        "std": 0.02623038021597486,
        "max": 0.6175824175824176
      },
      "experiment_count": 10
    },
    {
      "parameters": {
        "DROPOUT": 0.5,
        "HIDDEN_CHANNELS": 64,
        "MAX_HOPS": 2,
        "NUM_LAYERS": 1,
        "TEMPERATURE": 0.5
      },
      "final_test_accuracy": {
        "mean": 0.5815789473684211,
        "std": 0.02451436598681073,
        "max": 0.6403508771929824
      },
      "best_test_accuracy": {
        "mean": 0.5831140350877193,
        "std": 0.025050925355923636,
        "max": 0.6403508771929824
      },
      "final_val_accuracy": {
        "mean": 0.5892307692307691,
        "std": 0.02414483528386887,
        "max": 0.643956043956044
      },
      "best_val_accuracy": {
        "mean": 0.5949450549450549,
        "std": 0.02336399156651232,
        "max": 0.6461538461538462
      },