{
  "experiment_info": {
    "timestamp": "2025-07-05 12:23:54",
    "dataset": "Wisconsin",
    "model": "H2GCN"
  },
  "total_combinations": 6,
  "total_experiments": 60,
  "best_combination_by_val": {
    "parameters": {
      "DROPOUT": 0.5,
      "HIDDEN_CHANNELS": 64,
      "MAX_HOPS": 3,
      "NUM_LAYERS": 1,
      "TEMPERATURE": 0.5
    },
    "final_test_accuracy": {
      "mean": 0.8431372549019608,
      "std": 0.05037346109280444,
      "max": 0.9215686274509803
    },
    "best_test_accuracy": {
      "mean": 0.8196078431372549,
      "std": 0.0445404576141198,
      "max": 0.8823529411764706
    },
    "final_val_accuracy": {
      "mean": 0.868,
      "std": 0.031240998703626646,
      "max": 0.9
    },
    "best_val_accuracy": {
      "mean": 0.9020000000000001,
      "std": 0.026000000000000006,
      "max": 0.94
    },
    "experiment_count": 10
  },
  "best_combination_by_test": {
    "parameters": {
      "DROPOUT": 0.5,
      "HIDDEN_CHANNELS": 64,
      "MAX_HOPS": 4,
      "NUM_LAYERS": 1,
      "TEMPERATURE": 0.5
    },
    "final_test_accuracy": {
      "mean": 0.8470588235294118,
      "std": 0.047058823529411764,
      "max": 0.9019607843137255
    },
    "best_test_accuracy": {
      "mean": 0.8313725490196079,
      "std": 0.07080576504026585,
      "max": 0.9411764705882353
    },
    "final_val_accuracy": {
      "mean": 0.8320000000000001,
      "std": 0.07054076835419358,
      "max": 0.98
    },
    "best_val_accuracy": {
      "mean": 0.8620000000000001,
      "std": 0.06599999999999999,
      "max": 0.98
    },
    "experiment_count": 10
  },
  "top_10_combinations": [
    {
      "parameters": {
        "DROPOUT": 0.5,
        "HIDDEN_CHANNELS": 64,
        "MAX_HOPS": 4,
        "NUM_LAYERS": 1,
        "TEMPERATURE": 0.5
      },
      "final_test_accuracy": {
        "mean": 0.8470588235294118,
        "std": 0.047058823529411764,
        "max": 0.9019607843137255
      },
      "best_test_accuracy": {
        "mean": 0.8313725490196079,
        "std": 0.07080576504026585,
        "max": 0.9411764705882353
      },
      "final_val_accuracy": {
        "mean": 0.8320000000000001,
        "std": 0.07054076835419358,
        "max": 0.98
      },
      "best_val_accuracy": {
        "mean": 0.8620000000000001,
        "std": 0.06599999999999999,
        "max": 0.98
      },
      "experiment_count": 10
    },
    {
      "parameters": {
        "DROPOUT": 0.5,
        "HIDDEN_CHANNELS": 64,
        "MAX_HOPS": 4,
        "NUM_LAYERS": 2,
        "TEMPERATURE": 0.5
      },
      "final_test_accuracy": {
        "mean": 0.8450980392156863,
        "std": 0.040612382700407824,
        "max": 0.9019607843137255
      },
      "best_test_accuracy": {
        "mean": 0.8196078431372549,
        "std": 0.08803899733585745,
        "max": 0.9411764705882353
      },
      "final_val_accuracy": {
        "mean": 0.8460000000000001,
        "std": 0.06873136110975832,
        "max": 0.96
      },
      "best_val_accuracy": {
        "mean": 0.868,
        "std": 0.05741080037762929,
        "max": 0.96
      },
      "experiment_count": 10
    },
    {
      "parameters": {
        "DROPOUT": 0.5,
        "HIDDEN_CHANNELS": 64,
        "MAX_HOPS": 3,
        "NUM_LAYERS": 1,
        "TEMPERATURE": 0.5
      },
      "final_test_accuracy": {
        "mean": 0.8431372549019608,
        "std": 0.05037346109280444,
        "max": 0.9215686274509803
      },
      "best_test_accuracy": {
        "mean": 0.8196078431372549,
        "std": 0.0445404576141198,
        "max": 0.8823529411764706
      },
      "final_val_accuracy": {
        "mean": 0.868,
        "std": 0.031240998703626646,
        "max": 0.9
      },
      "best_val_accuracy": {
        "mean": 0.9020000000000001,
        "std": 0.026000000000000006,
        "max": 0.94
      },
      "experiment_count": 10
    },
    {
      "parameters": {
        "DROPOUT": 0.5,
        "HIDDEN_CHANNELS": 64,
        "MAX_HOPS": 2,
        "NUM_LAYERS": 1,
        "TEMPERATURE": 0.5
      },
      "final_test_accuracy": {
        "mean": 0.8254901960784314,
        "std": 0.043359498799011714,
        "max": 0.9215686274509803
      },
      "best_test_accuracy": {
        "mean": 0.792156862745098,
        "std": 0.047384494014096376,
        "max": 0.8627450980392157
      },
      "final_val_accuracy": {
        "mean": 0.8520000000000001,
        "std": 0.033704599092705435,
        "max": 0.88
      },
      "best_val_accuracy": {
        "mean": 0.8800000000000001,
        "std": 0.02966479394838268,
        "max": 0.92
      },
      "experiment_count": 10
    },
    {
      "parameters": {
        "DROPOUT": 0.5,
        "HIDDEN_CHANNELS": 64,
        "MAX_HOPS": 2,
        "NUM_LAYERS": 2,
        "TEMPERATURE": 0.5
      },
      "final_test_accuracy": {
        "mean": 0.8254901960784313,
        "std": 0.05294117647058824,
        "max": 0.9019607843137255
      },
      "best_test_accuracy": {
        "mean": 0.8117647058823529,
        "std": 0.044019498667928716,
        "max": 0.8823529411764706
      },
      "final_val_accuracy": {
        "mean": 0.8440000000000001,
        "std": 0.03773592452822642,
        "max": 0.92
      },
      "best_val_accuracy": {
        "mean": 0.874,
        "std": 0.035832945734337845,
        "max": 0.94
      },
      "experiment_count": 10
    },
    {
      "parameters": {
        "DROPOUT": 0.5,
        "HIDDEN_CHANNELS": 64,
        "MAX_HOPS": 3,
        "NUM_LAYERS": 2,
        "TEMPERATURE": 0.5
      },
      "final_test_accuracy": {
        "mean": 0.8156862745098039,
        "std": 0.059602682955179086,
        "max": 0.9019607843137255
      },
      "best_test_accuracy": {
        "mean": 0.8137254901960785,
        "std": 0.04660731107452831,
        "max": 0.8627450980392157
      },
      "final_val_accuracy": {
        "mean": 0.868,
        "std": 0.031240998703626618,
        "max": 0.94
      },
      "best_val_accuracy": {
        "mean": 0.89,
        "std": 0.03130495168499706,
        "max": 0.96
      },
      "experiment_count": 10
    }
  ],
  "all_combinations": [
    {
      "parameters": {
        "DROPOUT": 0.5,
        "HIDDEN_CHANNELS": 64,
        "MAX_HOPS": 4,
        "NUM_LAYERS": 1,
        "TEMPERATURE": 0.5
      },
      "final_test_accuracy": {
        "mean": 0.8470588235294118,
        "std": 0.047058823529411764,
        "max": 0.9019607843137255
      },
      "best_test_accuracy": {
        "mean": 0.8313725490196079,
        "std": 0.07080576504026585,
        "max": 0.9411764705882353
      },
      "final_val_accuracy": {
        "mean": 0.8320000000000001,
        "std": 0.07054076835419358,
        "max": 0.98
      },
      "best_val_accuracy": {
        "mean": 0.8620000000000001,
        "std": 0.06599999999999999,
        "max": 0.98
      },
      "experiment_count": 10
    },
    {
      "parameters": {
        "DROPOUT": 0.5,
        "HIDDEN_CHANNELS": 64,
        "MAX_HOPS": 4,
        "NUM_LAYERS": 2,
        "TEMPERATURE": 0.5
      },
      "final_test_accuracy": {
        "mean": 0.8450980392156863,
        "std": 0.040612382700407824,
        "max": 0.9019607843137255
      },
      "best_test_accuracy": {
        "mean": 0.8196078431372549,
        "std": 0.08803899733585745,
        "max": 0.9411764705882353
      },
      "final_val_accuracy": {
        "mean": 0.8460000000000001,
        "std": 0.06873136110975832,
        "max": 0.96
      },
      "best_val_accuracy": {
        "mean": 0.868,
        "std": 0.05741080037762929,
        "max": 0.96
      },
      "experiment_count": 10
    },
    {
      "parameters": {
        "DROPOUT": 0.5,
        "HIDDEN_CHANNELS": 64,
        "MAX_HOPS": 3,
        "NUM_LAYERS": 1,
        "TEMPERATURE": 0.5
      },
      "final_test_accuracy": {
        "mean": 0.8431372549019608,
        "std": 0.05037346109280444,
        "max": 0.9215686274509803
      },