{
  "experiment_info": {
    "timestamp": "2025-07-07 01:29:41",
    "dataset": "Texas",
    "model": "RobustH2GCN"
  },
  "total_experiments": 60,
  "final_results": {
    "train": {
      "mean": 1.0,
      "std": 0.0
    },
    "val": {
      "mean": 0.7296296296296296,
      "std": 0.07223409209200773
    },
    "test": {
      "mean": 0.7201754385964912,
      "std": 0.0734907652860754
    }
  },
  "best_results": {
    "val": {
      "mean": 0.7962962962962964,
      "std": 0.05662549944970613
    },
    "test": {
      "mean": 0.7478070175438598,
      "std": 0.06983883086142768
    }
  },
  "early_stopping": {
    "early_stopped_experiments": 60,
    "early_stopping_rate": 1.0,
    "average_stopping_epoch": 65.96666666666667,
    "stopping_epoch_std": 13.7464742954532,
    "stopping_epoch_range": [
      54,
      113
    ]
  },
  "feature_modification": {
    "modifications_applied": 1,
    "modification_types": [
      "missingness"
    ]
  }
}