{
  "experiment_info": {
    "timestamp": "2025-07-05 22:23:23",
    "dataset": "Citeseer",
    "model": "GraphSAGE"
  },
  "total_experiments": 60,
  "final_results": {
    "train": {
      "mean": 1.0,
      "std": 0.0
    },
    "val": {
      "mean": 0.6978947368421051,
      "std": 0.01939344419457655
    },
    "test": {
      "mean": 0.6980230230230231,
      "std": 0.016600685677017356
    }
  },
  "best_results": {
    "val": {
      "mean": 0.7216040100250627,
      "std": 0.018284680971551517
    },
    "test": {
      "mean": 0.7133883883883884,
      "std": 0.014360331019683457
    }
  },
  "early_stopping": {
    "early_stopped_experiments": 60,
    "early_stopping_rate": 1.0,
    "average_stopping_epoch": 61.95,
    "stopping_epoch_std": 3.451690407129044,
    "stopping_epoch_range": [
      58,
      80
    ]
  },
  "feature_modification": {
    "modifications_applied": 1,
    "modification_types": [
      "missingness"
    ]
  }
}