{
  "experiment_info": {
    "timestamp": "2025-07-05 12:15:35",
    "dataset": "Texas",
    "model": "GAT"
  },
  "total_experiments": 60,
  "final_results": {
    "train": {
      "mean": 0.9166666666666667,
      "std": 0.05867954901372099
    },
    "val": {
      "mean": 0.4824074074074074,
      "std": 0.08871027579457788
    },
    "test": {
      "mean": 0.475,
      "std": 0.08465139529719384
    }
  },
  "best_results": {
    "val": {
      "mean": 0.6125,
      "std": 0.06755294372387716
    },
    "test": {
      "mean": 0.5425438596491229,
      "std": 0.08309175510290942
    }
  },
  "early_stopping": {
    "early_stopped_experiments": 60,
    "early_stopping_rate": 1.0,
    "average_stopping_epoch": 65.41666666666667,
    "stopping_epoch_std": 17.192335178470923,
    "stopping_epoch_range": [
      50,
      121
    ]
  },
  "feature_modification": {
    "modifications_applied": 1,
    "modification_types": [
      "missingness"
    ]
  }
}