{
  "experiment_info": {
    "timestamp": "2025-07-04 02:00:12",
    "dataset": "Chameleon",
    "model": "RobustH2GCN"
  },
  "total_combinations": 9,
  "total_experiments": 90,
  "best_combination_by_val": {
    "parameters": {
      "DROPOUT": 0.5,
      "HIDDEN_CHANNELS": 64,
      "MAX_HOPS": 2,
      "NUM_LAYERS": 1,
      "TEMPERATURE": 2.0
    },
    "final_test_accuracy": {
      "mean": 0.5241228070175439,
      "std": 0.012366554543747086,
      "max": 0.5416666666666666
    },
    "best_test_accuracy": {
      "mean": 0.556140350877193,
      "std": 0.026682388025009,
      "max": 0.6052631578947368
    },
    "final_val_accuracy": {
      "mean": 0.549010989010989,
      "std": 0.024251629405070273,
      "max": 0.5912087912087912
    },
    "best_val_accuracy": {
      "mean": 0.6037362637362638,
      "std": 0.018310475627113024,
      "max": 0.6373626373626373
    },
    "experiment_count": 10
  },
  "best_combination_by_test": {
    "parameters": {
      "DROPOUT": 0.5,
      "HIDDEN_CHANNELS": 64,
      "MAX_HOPS": 4,
      "NUM_LAYERS": 1,
      "TEMPERATURE": 0.5
    },
    "final_test_accuracy": {
      "mean": 0.5611842105263158,
      "std": 0.032637149354769635,
      "max": 0.6293859649122807
    },
    "best_test_accuracy": {
      "mean": 0.5671052631578947,
      "std": 0.02598846134565885,
      "max": 0.6008771929824561
    },
    "final_val_accuracy": {
      "mean": 0.549010989010989,
      "std": 0.012655982460560855,
      "max": 0.5648351648351648
    },
    "best_val_accuracy": {
      "mean": 0.5887912087912086,
      "std": 0.01808218300841902,
      "max": 0.6197802197802198
    },
    "experiment_count": 10
  },
  "top_10_combinations": [
    {
      "parameters": {
        "DROPOUT": 0.5,
        "HIDDEN_CHANNELS": 64,
        "MAX_HOPS": 4,
        "NUM_LAYERS": 1,
        "TEMPERATURE": 0.5
      },
      "final_test_accuracy": {
        "mean": 0.5611842105263158,
        "std": 0.032637149354769635,
        "max": 0.6293859649122807
      },
      "best_test_accuracy": {
        "mean": 0.5671052631578947,
        "std": 0.02598846134565885,
        "max": 0.6008771929824561
      },
      "final_val_accuracy": {
        "mean": 0.549010989010989,
        "std": 0.012655982460560855,
        "max": 0.5648351648351648
      },
      "best_val_accuracy": {
        "mean": 0.5887912087912086,
        "std": 0.01808218300841902,
        "max": 0.6197802197802198
      },
      "experiment_count": 10
    },
    {
      "parameters": {
        "DROPOUT": 0.5,
        "HIDDEN_CHANNELS": 64,
        "MAX_HOPS": 4,
        "NUM_LAYERS": 1,
        "TEMPERATURE": 1.0
      },
      "final_test_accuracy": {
        "mean": 0.5528508771929825,
        "std": 0.017692625834675398,
        "max": 0.5745614035087719
      },
      "best_test_accuracy": {
        "mean": 0.5655701754385964,
        "std": 0.022481011788693963,
        "max": 0.5964912280701754
      },
      "final_val_accuracy": {
        "mean": 0.5345054945054944,
        "std": 0.01707509854905937,
        "max": 0.567032967032967
      },
      "best_val_accuracy": {
        "mean": 0.5778021978021977,
        "std": 0.020953021327850714,
        "max": 0.6153846153846154
      },
      "experiment_count": 10
    },
    {
      "parameters": {
        "DROPOUT": 0.5,
        "HIDDEN_CHANNELS": 64,
        "MAX_HOPS": 2,
        "NUM_LAYERS": 1,
        "TEMPERATURE": 0.5
      },
      "final_test_accuracy": {
        "mean": 0.549780701754386,
        "std": 0.019194547949240283,
        "max": 0.5964912280701754
      },
      "best_test_accuracy": {
        "mean": 0.5780701754385965,
        "std": 0.02164730294605801,
        "max": 0.6206140350877193
      },
      "final_val_accuracy": {
        "mean": 0.5384615384615385,
        "std": 0.01676679659143792,
        "max": 0.567032967032967
      },
      "best_val_accuracy": {
        "mean": 0.5762637362637362,
        "std": 0.02093803140890472,
        "max": 0.610989010989011
      },
      "experiment_count": 10
    },
    {
      "parameters": {
        "DROPOUT": 0.5,
        "HIDDEN_CHANNELS": 64,
        "MAX_HOPS": 4,
        "NUM_LAYERS": 1,
        "TEMPERATURE": 2.0
      },
      "final_test_accuracy": {
        "mean": 0.5453947368421053,
        "std": 0.01617612597009651,
        "max": 0.581140350877193
      },
      "best_test_accuracy": {
        "mean": 0.580482456140351,
        "std": 0.018814971560352306,
        "max": 0.6118421052631579
      },
      "final_val_accuracy": {
        "mean": 0.5276923076923077,
        "std": 0.009702742881162267,
        "max": 0.5472527472527473
      },
      "best_val_accuracy": {
        "mean": 0.5767032967032966,
        "std": 0.018128870881143982,
        "max": 0.6087912087912087
      },
      "experiment_count": 10
    },
    {
      "parameters": {
        "DROPOUT": 0.5,
        "HIDDEN_CHANNELS": 64,
        "MAX_HOPS": 3,
        "NUM_LAYERS": 1,
        "TEMPERATURE": 0.5
      },
      "final_test_accuracy": {
        "mean": 0.5438596491228072,
        "std": 0.019067600981828223,
        "max": 0.5701754385964912
      },
      "best_test_accuracy": {
        "mean": 0.569517543859649,
        "std": 0.018005173925531574,
        "max": 0.5942982456140351
      },
      "final_val_accuracy": {
        "mean": 0.5536263736263736,
        "std": 0.017785910335107877,
        "max": 0.5802197802197803
      },
      "best_val_accuracy": {
        "mean": 0.5975824175824176,
        "std": 0.018399949596440514,
        "max": 0.6373626373626373
      },
      "experiment_count": 10
    },
    {
      "parameters": {
        "DROPOUT": 0.5,
        "HIDDEN_CHANNELS": 64,
        "MAX_HOPS": 3,
        "NUM_LAYERS": 1,
        "TEMPERATURE": 2.0
      },
      "final_test_accuracy": {
        "mean": 0.5410087719298246,
        "std": 0.01620582876038799,
        "max": 0.5570175438596491
      },
      "best_test_accuracy": {
        "mean": 0.5592105263157896,
        "std": 0.0263523138347365,
        "max": 0.6008771929824561
      },
      "final_val_accuracy": {
        "mean": 0.5325274725274726,
        "std": 0.01911077161171726,
        "max": 0.5604395604395604
      },
      "best_val_accuracy": {
        "mean": 0.5859340659340659,
        "std": 0.02717109355696807,
        "max": 0.6373626373626373
      },
      "experiment_count": 10
    },
    {
      "parameters": {
        "DROPOUT": 0.5,
        "HIDDEN_CHANNELS": 64,
        "MAX_HOPS": 3,
        "NUM_LAYERS": 1,
        "TEMPERATURE": 1.0
      },
      "final_test_accuracy": {
        "mean": 0.5344298245614035,
        "std": 0.011647606776218861,
        "max": 0.5570175438596491
      },
      "best_test_accuracy": {
        "mean": 0.569078947368421,
        "std": 0.026701306276065612,
        "max": 0.6074561403508771
      },
      "final_val_accuracy": {
        "mean": 0.5408791208791209,
        "std": 0.024718191903717615,
        "max": 0.5736263736263736
      },
      "best_val_accuracy": {
        "mean": 0.5835164835164834,
        "std": 0.020669859375035564,
        "max": 0.6131868131868132
      },
      "experiment_count": 10
    },
    {
      "parameters": {
        "DROPOUT": 0.5,
        "HIDDEN_CHANNELS": 64,
        "MAX_HOPS": 2,
        "NUM_LAYERS": 1,
        "TEMPERATURE": 1.0
      },
      "final_test_accuracy": {
        "mean": 0.5320175438596492,
        "std": 0.025728086624670975,
        "max": 0.5767543859649122
      },
      "best_test_accuracy": {
        "mean": 0.5517543859649121,
        "std": 0.023745048567788016,
        "max": 0.6008771929824561
      },
      "final_val_accuracy": {
        "mean": 0.5334065934065935,
        "std": 0.020287750067506105,
        "max": 0.5648351648351648
      },
      "best_val_accuracy": {
        "mean": 0.5736263736263736,
        "std": 0.015131353387304175,
        "max": 0.6
      },