{
  "experiment_info": {
    "timestamp": "2025-07-05 12:15:28",
    "dataset": "Texas",
    "model": "GAT"
  },
  "total_combinations": 6,
  "total_experiments": 60,
  "best_combination_by_val": {
    "parameters": {
      "DROPOUT": 0.5,
      "HIDDEN_CHANNELS": 64,
      "MAX_HOPS": 4,
      "NUM_LAYERS": 1,
      "TEMPERATURE": 0.5
    },
    "final_test_accuracy": {
      "mean": 0.47631578947368414,
      "std": 0.08359147460141364,
      "max": 0.6052631578947368
    },
    "best_test_accuracy": {
      "mean": 0.55,
      "std": 0.05450609257159994,
      "max": 0.631578947368421
    },
    "final_val_accuracy": {
      "mean": 0.4722222222222222,
      "std": 0.05957669608202005,
      "max": 0.5833333333333334
    },
    "best_val_accuracy": {
      "mean": 0.6194444444444445,
      "std": 0.06340395672507403,
      "max": 0.7222222222222222
    },
    "experiment_count": 10
  },
  "best_combination_by_test": {
    "parameters": {
      "DROPOUT": 0.5,
      "HIDDEN_CHANNELS": 64,
      "MAX_HOPS": 2,
      "NUM_LAYERS": 1,
      "TEMPERATURE": 0.5
    },
    "final_test_accuracy": {
      "mean": 0.5078947368421053,
      "std": 0.11413288653790232,
      "max": 0.631578947368421
    },
    "best_test_accuracy": {
      "mean": 0.555263157894737,
      "std": 0.07484980343856786,
      "max": 0.6578947368421053
    },
    "final_val_accuracy": {
      "mean": 0.4666666666666668,
      "std": 0.08127077132404331,
      "max": 0.6111111111111112
    },
    "best_val_accuracy": {
      "mean": 0.6138888888888888,
      "std": 0.10277777777777776,
      "max": 0.75
    },
    "experiment_count": 10
  },
  "top_10_combinations": [
    {
      "parameters": {
        "DROPOUT": 0.5,
        "HIDDEN_CHANNELS": 64,
        "MAX_HOPS": 2,
        "NUM_LAYERS": 1,
        "TEMPERATURE": 0.5
      },
      "final_test_accuracy": {
        "mean": 0.5078947368421053,
        "std": 0.11413288653790232,
        "max": 0.631578947368421
      },
      "best_test_accuracy": {
        "mean": 0.555263157894737,
        "std": 0.07484980343856786,
        "max": 0.6578947368421053
      },
      "final_val_accuracy": {
        "mean": 0.4666666666666668,
        "std": 0.08127077132404331,
        "max": 0.6111111111111112
      },
      "best_val_accuracy": {
        "mean": 0.6138888888888888,
        "std": 0.10277777777777776,
        "max": 0.75
      },
      "experiment_count": 10
    },
    {
      "parameters": {
        "DROPOUT": 0.5,
        "HIDDEN_CHANNELS": 64,
        "MAX_HOPS": 3,
        "NUM_LAYERS": 1,
        "TEMPERATURE": 0.5
      },
      "final_test_accuracy": {
        "mean": 0.4921052631578947,
        "std": 0.06343142522733658,
        "max": 0.5789473684210527
      },
      "best_test_accuracy": {
        "mean": 0.5526315789473684,
        "std": 0.07349600023036286,
        "max": 0.7368421052631579
      },
      "final_val_accuracy": {
        "mean": 0.4611111111111111,
        "std": 0.09060836905722272,
        "max": 0.5833333333333334
      },
      "best_val_accuracy": {
        "mean": 0.5611111111111111,
        "std": 0.07432826755699806,
        "max": 0.6944444444444444
      },
      "experiment_count": 10
    },
    {
      "parameters": {
        "DROPOUT": 0.5,
        "HIDDEN_CHANNELS": 64,
        "MAX_HOPS": 4,
        "NUM_LAYERS": 1,
        "TEMPERATURE": 0.5
      },
      "final_test_accuracy": {
        "mean": 0.47631578947368414,
        "std": 0.08359147460141364,
        "max": 0.6052631578947368
      },
      "best_test_accuracy": {
        "mean": 0.55,
        "std": 0.05450609257159994,
        "max": 0.631578947368421
      },
      "final_val_accuracy": {
        "mean": 0.4722222222222222,
        "std": 0.05957669608202005,
        "max": 0.5833333333333334
      },
      "best_val_accuracy": {
        "mean": 0.6194444444444445,
        "std": 0.06340395672507403,
        "max": 0.7222222222222222
      },
      "experiment_count": 10
    },
    {
      "parameters": {
        "DROPOUT": 0.5,
        "HIDDEN_CHANNELS": 64,
        "MAX_HOPS": 4,
        "NUM_LAYERS": 2,
        "TEMPERATURE": 0.5
      },
      "final_test_accuracy": {
        "mean": 0.43947368421052635,
        "std": 0.0744787984109732,
        "max": 0.5526315789473685
      },
      "best_test_accuracy": {
        "mean": 0.5657894736842105,
        "std": 0.06987325288079871,
        "max": 0.6578947368421053
      },
      "final_val_accuracy": {
        "mean": 0.45,
        "std": 0.044444444444444446,
        "max": 0.5277777777777778
      },
      "best_val_accuracy": {
        "mean": 0.5611111111111111,
        "std": 0.03239417719358502,
        "max": 0.6111111111111112
      },
      "experiment_count": 10
    },
    {
      "parameters": {
        "DROPOUT": 0.5,
        "HIDDEN_CHANNELS": 64,
        "MAX_HOPS": 3,
        "NUM_LAYERS": 2,
        "TEMPERATURE": 0.5
      },
      "final_test_accuracy": {
        "mean": 0.4394736842105263,
        "std": 0.057715032103845564,
        "max": 0.5789473684210527
      },
      "best_test_accuracy": {
        "mean": 0.531578947368421,
        "std": 0.0778876241418355,
        "max": 0.6578947368421053
      },
      "final_val_accuracy": {
        "mean": 0.45833333333333337,
        "std": 0.07978559231302819,
        "max": 0.6111111111111112
      },
      "best_val_accuracy": {
        "mean": 0.6083333333333333,
        "std": 0.05038432540893623,
        "max": 0.7222222222222222
      },
      "experiment_count": 10
    },
    {
      "parameters": {
        "DROPOUT": 0.5,
        "HIDDEN_CHANNELS": 64,
        "MAX_HOPS": 2,
        "NUM_LAYERS": 2,
        "TEMPERATURE": 0.5
      },
      "final_test_accuracy": {
        "mean": 0.43157894736842106,
        "std": 0.05545080922554072,
        "max": 0.5
      },
      "best_test_accuracy": {
        "mean": 0.5236842105263158,
        "std": 0.07484980343856787,
        "max": 0.6578947368421053
      },
      "final_val_accuracy": {
        "mean": 0.4444444444444445,
        "std": 0.07453559924999299,
        "max": 0.5833333333333334
      },
      "best_val_accuracy": {
        "mean": 0.5888888888888889,
        "std": 0.06060395619242062,
        "max": 0.6666666666666666
      },
      "experiment_count": 10
    }
  ],
  "all_combinations": [
    {
      "parameters": {
        "DROPOUT": 0.5,
        "HIDDEN_CHANNELS": 64,
        "MAX_HOPS": 2,
        "NUM_LAYERS": 1,
        "TEMPERATURE": 0.5
      },
      "final_test_accuracy": {
        "mean": 0.5078947368421053,
        "std": 0.11413288653790232,
        "max": 0.631578947368421
      },
      "best_test_accuracy": {
        "mean": 0.555263157894737,
        "std": 0.07484980343856786,
        "max": 0.6578947368421053
      },
      "final_val_accuracy": {
        "mean": 0.4666666666666668,
        "std": 0.08127077132404331,
        "max": 0.6111111111111112
      },
      "best_val_accuracy": {
        "mean": 0.6138888888888888,
        "std": 0.10277777777777776,
        "max": 0.75
      },
      "experiment_count": 10
    },
    {
      "parameters": {
        "DROPOUT": 0.5,
        "HIDDEN_CHANNELS": 64,
        "MAX_HOPS": 3,
        "NUM_LAYERS": 1,
        "TEMPERATURE": 0.5
      },
      "final_test_accuracy": {
        "mean": 0.4921052631578947,
        "std": 0.06343142522733658,
        "max": 0.5789473684210527
      },
      "best_test_accuracy": {
        "mean": 0.5526315789473684,
        "std": 0.07349600023036286,
        "max": 0.7368421052631579
      },
      "final_val_accuracy": {
        "mean": 0.4611111111111111,
        "std": 0.09060836905722272,
        "max": 0.5833333333333334
      },
      "best_val_accuracy": {
        "mean": 0.5611111111111111,
        "std": 0.07432826755699806,
        "max": 0.6944444444444444
      },
      "experiment_count": 10
    },
    {
      "parameters": {
        "DROPOUT": 0.5,
        "HIDDEN_CHANNELS": 64,
        "MAX_HOPS": 4,