{
  "experiment_info": {
    "timestamp": "2025-07-02 19:47:43",
    "dataset": "Cora",
    "model": "RobustH2GCN"
  },
  "total_combinations": 9,
  "total_experiments": 90,
  "best_combination_by_val": {
    "parameters": {
      "DROPOUT": 0.5,
      "HIDDEN_CHANNELS": 64,
      "MAX_HOPS": 3,
      "NUM_LAYERS": 1,
      "TEMPERATURE": 0.5
    },
    "final_test_accuracy": {
      "mean": 0.8419889502762432,
      "std": 0.012938613679742403,
      "max": 0.8692449355432781
    },
    "best_test_accuracy": {
      "mean": 0.8375690607734807,
      "std": 0.014140960457055249,
      "max": 0.85451197053407
    },
    "final_val_accuracy": {
      "mean": 0.8443622920517558,
      "std": 0.015102919198384857,
      "max": 0.8632162661737524
    },
    "best_val_accuracy": {
      "mean": 0.8534195933456561,
      "std": 0.014765464276185965,
      "max": 0.878003696857671
    },
    "experiment_count": 10
  },
  "best_combination_by_test": {
    "parameters": {
      "DROPOUT": 0.5,
      "HIDDEN_CHANNELS": 64,
      "MAX_HOPS": 2,
      "NUM_LAYERS": 1,
      "TEMPERATURE": 0.5
    },
    "final_test_accuracy": {
      "mean": 0.8499079189686924,
      "std": 0.01728084005553665,
      "max": 0.8710865561694291
    },
    "best_test_accuracy": {
      "mean": 0.8491712707182322,
      "std": 0.011002045695207272,
      "max": 0.861878453038674
    },
    "final_val_accuracy": {
      "mean": 0.8460258780036968,
      "std": 0.012262483024489453,
      "max": 0.8632162661737524
    },
    "best_val_accuracy": {
      "mean": 0.8530499075785581,
      "std": 0.011005527280298844,
      "max": 0.8761552680221811
    },
    "experiment_count": 10
  },
  "top_10_combinations": [
    {
      "parameters": {
        "DROPOUT": 0.5,
        "HIDDEN_CHANNELS": 64,
        "MAX_HOPS": 2,
        "NUM_LAYERS": 1,
        "TEMPERATURE": 0.5
      },
      "final_test_accuracy": {
        "mean": 0.8499079189686924,
        "std": 0.01728084005553665,
        "max": 0.8710865561694291
      },
      "best_test_accuracy": {
        "mean": 0.8491712707182322,
        "std": 0.011002045695207272,
        "max": 0.861878453038674
      },
      "final_val_accuracy": {
        "mean": 0.8460258780036968,
        "std": 0.012262483024489453,
        "max": 0.8632162661737524
      },
      "best_val_accuracy": {
        "mean": 0.8530499075785581,
        "std": 0.011005527280298844,
        "max": 0.8761552680221811
      },
      "experiment_count": 10
    },
    {
      "parameters": {
        "DROPOUT": 0.5,
        "HIDDEN_CHANNELS": 64,
        "MAX_HOPS": 3,
        "NUM_LAYERS": 1,
        "TEMPERATURE": 0.5
      },
      "final_test_accuracy": {
        "mean": 0.8419889502762432,
        "std": 0.012938613679742403,
        "max": 0.8692449355432781
      },
      "best_test_accuracy": {
        "mean": 0.8375690607734807,
        "std": 0.014140960457055249,
        "max": 0.85451197053407
      },
      "final_val_accuracy": {
        "mean": 0.8443622920517558,
        "std": 0.015102919198384857,
        "max": 0.8632162661737524
      },
      "best_val_accuracy": {
        "mean": 0.8534195933456561,
        "std": 0.014765464276185965,
        "max": 0.878003696857671
      },
      "experiment_count": 10
    },
    {
      "parameters": {
        "DROPOUT": 0.5,
        "HIDDEN_CHANNELS": 64,
        "MAX_HOPS": 4,
        "NUM_LAYERS": 1,
        "TEMPERATURE": 0.5
      },
      "final_test_accuracy": {
        "mean": 0.8394106813996316,
        "std": 0.014378800218006001,
        "max": 0.858195211786372
      },
      "best_test_accuracy": {
        "mean": 0.8429097605893187,
        "std": 0.016265795555618093,
        "max": 0.8655616942909761
      },
      "final_val_accuracy": {
        "mean": 0.8362292051756007,
        "std": 0.00819168939229586,
        "max": 0.8465804066543438
      },
      "best_val_accuracy": {
        "mean": 0.8469500924214419,
        "std": 0.009668537397872096,
        "max": 0.8613678373382625
      },
      "experiment_count": 10
    },
    {
      "parameters": {
        "DROPOUT": 0.5,
        "HIDDEN_CHANNELS": 64,
        "MAX_HOPS": 4,
        "NUM_LAYERS": 1,
        "TEMPERATURE": 1.0
      },
      "final_test_accuracy": {
        "mean": 0.8349907918968691,
        "std": 0.015739123844730404,
        "max": 0.85451197053407
      },
      "best_test_accuracy": {
        "mean": 0.8338858195211787,
        "std": 0.014911441974215222,
        "max": 0.856353591160221
      },
      "final_val_accuracy": {
        "mean": 0.8262476894639557,
        "std": 0.013329209890809574,
        "max": 0.8521256931608133
      },
      "best_val_accuracy": {
        "mean": 0.834380776340111,
        "std": 0.01232224274491606,
        "max": 0.8558225508317929
      },
      "experiment_count": 10
    },
    {
      "parameters": {
        "DROPOUT": 0.5,
        "HIDDEN_CHANNELS": 64,
        "MAX_HOPS": 2,
        "NUM_LAYERS": 1,
        "TEMPERATURE": 1.0
      },
      "final_test_accuracy": {
        "mean": 0.8320441988950277,
        "std": 0.013899051391611947,
        "max": 0.850828729281768
      },
      "best_test_accuracy": {
        "mean": 0.8340699815837936,
        "std": 0.01075260447660773,
        "max": 0.85451197053407
      },
      "final_val_accuracy": {
        "mean": 0.8341959334565621,
        "std": 0.017182436099237867,
        "max": 0.8761552680221811
      },
      "best_val_accuracy": {
        "mean": 0.8402957486136783,
        "std": 0.014815131171544448,
        "max": 0.8761552680221811
      },
      "experiment_count": 10
    },
    {
      "parameters": {
        "DROPOUT": 0.5,
        "HIDDEN_CHANNELS": 64,
        "MAX_HOPS": 3,
        "NUM_LAYERS": 1,
        "TEMPERATURE": 1.0
      },
      "final_test_accuracy": {
        "mean": 0.830755064456722,
        "std": 0.01896869244935543,
        "max": 0.8655616942909761
      },
      "best_test_accuracy": {
        "mean": 0.8267034990791897,
        "std": 0.017146862760964044,
        "max": 0.85451197053407
      },
      "final_val_accuracy": {
        "mean": 0.8369685767097966,
        "std": 0.017453710364677077,
        "max": 0.8706099815157117
      },
      "best_val_accuracy": {
        "mean": 0.8438077634011091,
        "std": 0.01688557699313758,
        "max": 0.878003696857671
      },
      "experiment_count": 10
    },
    {
      "parameters": {
        "DROPOUT": 0.5,
        "HIDDEN_CHANNELS": 64,
        "MAX_HOPS": 2,
        "NUM_LAYERS": 1,
        "TEMPERATURE": 2.0
      },
      "final_test_accuracy": {
        "mean": 0.8300184162062616,
        "std": 0.011354005629317378,
        "max": 0.850828729281768
      },
      "best_test_accuracy": {
        "mean": 0.8268876611418048,
        "std": 0.016012570990264572,
        "max": 0.850828729281768
      },
      "final_val_accuracy": {
        "mean": 0.8255083179297596,
        "std": 0.010752709480405926,
        "max": 0.8373382624768947
      },
      "best_val_accuracy": {
        "mean": 0.8334565619223658,
        "std": 0.01053604436229205,
        "max": 0.8465804066543438
      },
      "experiment_count": 10
    },
    {
      "parameters": {
        "DROPOUT": 0.5,
        "HIDDEN_CHANNELS": 64,
        "MAX_HOPS": 3,
        "NUM_LAYERS": 1,
        "TEMPERATURE": 2.0
      },
      "final_test_accuracy": {
        "mean": 0.8250460405156537,
        "std": 0.02430660177074979,
        "max": 0.8637200736648251
      },
      "best_test_accuracy": {
        "mean": 0.8279926335174954,
        "std": 0.018438292465243217,
        "max": 0.8637200736648251
      },
      "final_val_accuracy": {
        "mean": 0.811460258780037,
        "std": 0.011182612541407887,
        "max": 0.8373382624768947
      },
      "best_val_accuracy": {
        "mean": 0.8221811460258779,
        "std": 0.015592677788512494,
        "max": 0.8595194085027726
      },