{
  "experiment_info": {
    "timestamp": "2025-07-02 19:47:43",
    "dataset": "Cora",
    "model": "RobustH2GCN"
  },
  "gate_statistics": {
    "gate_mean": {
      "mean": 0.0016517775070072677,
      "std": 0.014091995691968286
    },
    "gate_std": {
      "mean": 0.0015381536404746512,
      "std": 0.01251815264840332
    },
    "gate_min": {
      "mean": 4.771235817517496e-09,
      "std": 4.454334203433051e-08
    },
    "gate_max": {
      "mean": 0.007865096661509155,
      "std": 0.059816874340896956
    },
    "gate_range": [
      0.0,
      0.5634627342224121
    ],
    "experiment_count": 90
  },
  "best_parameter_gate_stats": {
    "gate_mean": {
      "mean": 3.5597573292741856e-05,
      "std": 8.492044396188075e-05
    },
    "gate_std": {
      "mean": 4.3857730555859294e-05,
      "std": 0.0001033625165503698
    },
    "gate_min": {
      "mean": 9.833435110017311e-18,
      "std": 2.672530023636007e-17
    },
    "gate_max": {
      "mean": 0.0003411826860836972,
      "std": 0.0008049287736665274
    },
    "gate_range": [
      0.0,
      0.0026694186963140965
    ],
    "experiment_count": 10,
    "best_parameters": {
      "DROPOUT": 0.5,
      "HIDDEN_CHANNELS": 64,
      "MAX_HOPS": 3,
      "NUM_LAYERS": 1,
      "TEMPERATURE": 0.5
    }
  }
}