{
  "experiment_info": {
    "timestamp": "2025-07-05 12:07:58",
    "dataset": "Cornell",
    "model": "GAT"
  },
  "total_combinations": 6,
  "total_experiments": 60,
  "best_combination_by_val": {
    "parameters": {
      "DROPOUT": 0.5,
      "HIDDEN_CHANNELS": 64,
      "MAX_HOPS": 4,
      "NUM_LAYERS": 2,
      "TEMPERATURE": 0.5
    },
    "final_test_accuracy": {
      "mean": 0.4473684210526315,
      "std": 0.07535695296461238,
      "max": 0.6052631578947368
    },
    "best_test_accuracy": {
      "mean": 0.43684210526315786,
      "std": 0.0736842105263158,
      "max": 0.5789473684210527
    },
    "final_val_accuracy": {
      "mean": 0.4111111111111111,
      "std": 0.034694433324435545,
      "max": 0.4722222222222222
    },
    "best_val_accuracy": {
      "mean": 0.5194444444444444,
      "std": 0.04656404059511172,
      "max": 0.5833333333333334
    },
    "experiment_count": 10
  },
  "best_combination_by_test": {
    "parameters": {
      "DROPOUT": 0.5,
      "HIDDEN_CHANNELS": 64,
      "MAX_HOPS": 4,
      "NUM_LAYERS": 2,
      "TEMPERATURE": 0.5
    },
    "final_test_accuracy": {
      "mean": 0.4473684210526315,
      "std": 0.07535695296461238,
      "max": 0.6052631578947368
    },
    "best_test_accuracy": {
      "mean": 0.43684210526315786,
      "std": 0.0736842105263158,
      "max": 0.5789473684210527
    },
    "final_val_accuracy": {
      "mean": 0.4111111111111111,
      "std": 0.034694433324435545,
      "max": 0.4722222222222222
    },
    "best_val_accuracy": {
      "mean": 0.5194444444444444,
      "std": 0.04656404059511172,
      "max": 0.5833333333333334
    },
    "experiment_count": 10
  },
  "top_10_combinations": [
    {
      "parameters": {
        "DROPOUT": 0.5,
        "HIDDEN_CHANNELS": 64,
        "MAX_HOPS": 4,
        "NUM_LAYERS": 2,
        "TEMPERATURE": 0.5
      },
      "final_test_accuracy": {
        "mean": 0.4473684210526315,
        "std": 0.07535695296461238,
        "max": 0.6052631578947368
      },
      "best_test_accuracy": {
        "mean": 0.43684210526315786,
        "std": 0.0736842105263158,
        "max": 0.5789473684210527
      },
      "final_val_accuracy": {
        "mean": 0.4111111111111111,
        "std": 0.034694433324435545,
        "max": 0.4722222222222222
      },
      "best_val_accuracy": {
        "mean": 0.5194444444444444,
        "std": 0.04656404059511172,
        "max": 0.5833333333333334
      },
      "experiment_count": 10
    },
    {
      "parameters": {
        "DROPOUT": 0.5,
        "HIDDEN_CHANNELS": 64,
        "MAX_HOPS": 2,
        "NUM_LAYERS": 1,
        "TEMPERATURE": 0.5
      },
      "final_test_accuracy": {
        "mean": 0.4184210526315789,
        "std": 0.054506092571599954,
        "max": 0.5526315789473685
      },
      "best_test_accuracy": {
        "mean": 0.4447368421052631,
        "std": 0.053220390568833376,
        "max": 0.5263157894736842
      },
      "final_val_accuracy": {
        "mean": 0.375,
        "std": 0.05306936992928555,
        "max": 0.4722222222222222
      },
      "best_val_accuracy": {
        "mean": 0.46111111111111114,
        "std": 0.06358623967921999,
        "max": 0.6111111111111112
      },
      "experiment_count": 10
    },
    {
      "parameters": {
        "DROPOUT": 0.5,
        "HIDDEN_CHANNELS": 64,
        "MAX_HOPS": 3,
        "NUM_LAYERS": 2,
        "TEMPERATURE": 0.5
      },
      "final_test_accuracy": {
        "mean": 0.4052631578947369,
        "std": 0.07735230766683722,
        "max": 0.5526315789473685
      },
      "best_test_accuracy": {
        "mean": 0.4473684210526316,
        "std": 0.07061267297367757,
        "max": 0.6052631578947368
      },
      "final_val_accuracy": {
        "mean": 0.4111111111111111,
        "std": 0.0911178859269818,
        "max": 0.5833333333333334
      },
      "best_val_accuracy": {
        "mean": 0.49444444444444435,
        "std": 0.07432826755699808,
        "max": 0.6111111111111112
      },
      "experiment_count": 10
    },
    {
      "parameters": {
        "DROPOUT": 0.5,
        "HIDDEN_CHANNELS": 64,
        "MAX_HOPS": 3,
        "NUM_LAYERS": 1,
        "TEMPERATURE": 0.5
      },
      "final_test_accuracy": {
        "mean": 0.4052631578947368,
        "std": 0.07461814146714646,
        "max": 0.5263157894736842
      },
      "best_test_accuracy": {
        "mean": 0.42105263157894735,
        "std": 0.06862318321265946,
        "max": 0.5
      },
      "final_val_accuracy": {
        "mean": 0.38055555555555554,
        "std": 0.07032771611762312,
        "max": 0.4722222222222222
      },
      "best_val_accuracy": {
        "mean": 0.49444444444444446,
        "std": 0.0689426313666159,
        "max": 0.6111111111111112
      },
      "experiment_count": 10
    },
    {
      "parameters": {
        "DROPOUT": 0.5,
        "HIDDEN_CHANNELS": 64,
        "MAX_HOPS": 2,
        "NUM_LAYERS": 2,
        "TEMPERATURE": 0.5
      },
      "final_test_accuracy": {
        "mean": 0.38684210526315793,
        "std": 0.058902708646314195,
        "max": 0.5
      },
      "best_test_accuracy": {
        "mean": 0.41578947368421054,
        "std": 0.07424597884034678,
        "max": 0.5789473684210527
      },
      "final_val_accuracy": {
        "mean": 0.39722222222222225,
        "std": 0.07561476438231221,
        "max": 0.5
      },
      "best_val_accuracy": {
        "mean": 0.47777777777777775,
        "std": 0.06781419786518722,
        "max": 0.6388888888888888
      },
      "experiment_count": 10
    },
    {
      "parameters": {
        "DROPOUT": 0.5,
        "HIDDEN_CHANNELS": 64,
        "MAX_HOPS": 4,
        "NUM_LAYERS": 1,
        "TEMPERATURE": 0.5
      },
      "final_test_accuracy": {
        "mean": 0.36578947368421055,
        "std": 0.049161951821761585,
        "max": 0.42105263157894735
      },
      "best_test_accuracy": {
        "mean": 0.35526315789473684,
        "std": 0.09135028925110411,
        "max": 0.5
      },
      "final_val_accuracy": {
        "mean": 0.38888888888888895,
        "std": 0.08784104611578832,
        "max": 0.5277777777777778
      },
      "best_val_accuracy": {
        "mean": 0.4916666666666666,
        "std": 0.07662841235629847,
        "max": 0.6111111111111112
      },
      "experiment_count": 10
    }
  ],
  "all_combinations": [
    {
      "parameters": {
        "DROPOUT": 0.5,
        "HIDDEN_CHANNELS": 64,
        "MAX_HOPS": 4,
        "NUM_LAYERS": 2,
        "TEMPERATURE": 0.5
      },
      "final_test_accuracy": {
        "mean": 0.4473684210526315,
        "std": 0.07535695296461238,
        "max": 0.6052631578947368
      },
      "best_test_accuracy": {
        "mean": 0.43684210526315786,
        "std": 0.0736842105263158,
        "max": 0.5789473684210527
      },
      "final_val_accuracy": {
        "mean": 0.4111111111111111,
        "std": 0.034694433324435545,
        "max": 0.4722222222222222
      },
      "best_val_accuracy": {
        "mean": 0.5194444444444444,
        "std": 0.04656404059511172,
        "max": 0.5833333333333334
      },
      "experiment_count": 10
    },
    {
      "parameters": {
        "DROPOUT": 0.5,
        "HIDDEN_CHANNELS": 64,
        "MAX_HOPS": 2,
        "NUM_LAYERS": 1,
        "TEMPERATURE": 0.5
      },
      "final_test_accuracy": {
        "mean": 0.4184210526315789,
        "std": 0.054506092571599954,
        "max": 0.5526315789473685
      },
      "best_test_accuracy": {
        "mean": 0.4447368421052631,
        "std": 0.053220390568833376,
        "max": 0.5263157894736842
      },
      "final_val_accuracy": {
        "mean": 0.375,
        "std": 0.05306936992928555,
        "max": 0.4722222222222222
      },
      "best_val_accuracy": {
        "mean": 0.46111111111111114,
        "std": 0.06358623967921999,
        "max": 0.6111111111111112
      },
      "experiment_count": 10
    },
    {
      "parameters": {
        "DROPOUT": 0.5,