{
  "experiment_info": {
    "timestamp": "2025-07-03 14:37:30",
    "dataset": "Cornell",
    "model": "H2GCN"
  },
  "total_combinations": 9,
  "total_experiments": 90,
  "best_combination_by_val": {
    "parameters": {
      "DROPOUT": 0.5,
      "HIDDEN_CHANNELS": 64,
      "MAX_HOPS": 4,
      "NUM_LAYERS": 3,
      "TEMPERATURE": 0.5
    },
    "final_test_accuracy": {
      "mean": 0.5631578947368422,
      "std": 0.09930506454796424,
      "max": 0.7368421052631579
    },
    "best_test_accuracy": {
      "mean": 0.5552631578947369,
      "std": 0.08106800947762823,
      "max": 0.6842105263157895
    },
    "final_val_accuracy": {
      "mean": 0.6305555555555555,
      "std": 0.1132093548461935,
      "max": 0.8055555555555556
    },
    "best_val_accuracy": {
      "mean": 0.6861111111111111,
      "std": 0.1054458494227906,
      "max": 0.8333333333333334
    },
    "experiment_count": 10
  },
  "best_combination_by_test": {
    "parameters": {
      "DROPOUT": 0.5,
      "HIDDEN_CHANNELS": 64,
      "MAX_HOPS": 4,
      "NUM_LAYERS": 2,
      "TEMPERATURE": 0.5
    },
    "final_test_accuracy": {
      "mean": 0.6263157894736843,
      "std": 0.05977798258737129,
      "max": 0.7105263157894737
    },
    "best_test_accuracy": {
      "mean": 0.5842105263157895,
      "std": 0.0620517164344821,
      "max": 0.6578947368421053
    },
    "final_val_accuracy": {
      "mean": 0.5666666666666667,
      "std": 0.0835183132131828,
      "max": 0.6944444444444444
    },
    "best_val_accuracy": {
      "mean": 0.6472222222222223,
      "std": 0.060921422776281396,
      "max": 0.7222222222222222
    },
    "experiment_count": 10
  },
  "top_10_combinations": [
    {
      "parameters": {
        "DROPOUT": 0.5,
        "HIDDEN_CHANNELS": 64,
        "MAX_HOPS": 4,
        "NUM_LAYERS": 2,
        "TEMPERATURE": 0.5
      },
      "final_test_accuracy": {
        "mean": 0.6263157894736843,
        "std": 0.05977798258737129,
        "max": 0.7105263157894737
      },
      "best_test_accuracy": {
        "mean": 0.5842105263157895,
        "std": 0.0620517164344821,
        "max": 0.6578947368421053
      },
      "final_val_accuracy": {
        "mean": 0.5666666666666667,
        "std": 0.0835183132131828,
        "max": 0.6944444444444444
      },
      "best_val_accuracy": {
        "mean": 0.6472222222222223,
        "std": 0.060921422776281396,
        "max": 0.7222222222222222
      },
      "experiment_count": 10
    },
    {
      "parameters": {
        "DROPOUT": 0.5,
        "HIDDEN_CHANNELS": 64,
        "MAX_HOPS": 2,
        "NUM_LAYERS": 1,
        "TEMPERATURE": 0.5
      },
      "final_test_accuracy": {
        "mean": 0.6078947368421053,
        "std": 0.09593540070293784,
        "max": 0.7894736842105263
      },
      "best_test_accuracy": {
        "mean": 0.5815789473684211,
        "std": 0.09448064774219073,
        "max": 0.7368421052631579
      },
      "final_val_accuracy": {
        "mean": 0.6027777777777777,
        "std": 0.04819264325804851,
        "max": 0.6944444444444444
      },
      "best_val_accuracy": {
        "mean": 0.6527777777777779,
        "std": 0.04347909956249588,
        "max": 0.7222222222222222
      },
      "experiment_count": 10
    },
    {
      "parameters": {
        "DROPOUT": 0.5,
        "HIDDEN_CHANNELS": 64,
        "MAX_HOPS": 3,
        "NUM_LAYERS": 2,
        "TEMPERATURE": 0.5
      },
      "final_test_accuracy": {
        "mean": 0.5763157894736842,
        "std": 0.0638666373658505,
        "max": 0.6578947368421053
      },
      "best_test_accuracy": {
        "mean": 0.5684210526315789,
        "std": 0.07999307449247718,
        "max": 0.6578947368421053
      },
      "final_val_accuracy": {
        "mean": 0.6249999999999999,
        "std": 0.06718548123582123,
        "max": 0.7777777777777778
      },
      "best_val_accuracy": {
        "mean": 0.675,
        "std": 0.07141644517879134,
        "max": 0.8333333333333334
      },
      "experiment_count": 10
    },
    {
      "parameters": {
        "DROPOUT": 0.5,
        "HIDDEN_CHANNELS": 64,
        "MAX_HOPS": 2,
        "NUM_LAYERS": 2,
        "TEMPERATURE": 0.5
      },
      "final_test_accuracy": {
        "mean": 0.5710526315789474,
        "std": 0.09491941472037596,
        "max": 0.7368421052631579
      },
      "best_test_accuracy": {
        "mean": 0.5815789473684211,
        "std": 0.06907581446529835,
        "max": 0.7368421052631579
      },
      "final_val_accuracy": {
        "mean": 0.5694444444444444,
        "std": 0.07978559231302818,
        "max": 0.6666666666666666
      },
      "best_val_accuracy": {
        "mean": 0.638888888888889,
        "std": 0.07027283689263064,
        "max": 0.7222222222222222
      },
      "experiment_count": 10
    },
    {
      "parameters": {
        "DROPOUT": 0.5,
        "HIDDEN_CHANNELS": 64,
        "MAX_HOPS": 4,
        "NUM_LAYERS": 3,
        "TEMPERATURE": 0.5
      },
      "final_test_accuracy": {
        "mean": 0.5631578947368422,
        "std": 0.09930506454796424,
        "max": 0.7368421052631579
      },
      "best_test_accuracy": {
        "mean": 0.5552631578947369,
        "std": 0.08106800947762823,
        "max": 0.6842105263157895
      },
      "final_val_accuracy": {
        "mean": 0.6305555555555555,
        "std": 0.1132093548461935,
        "max": 0.8055555555555556
      },
      "best_val_accuracy": {
        "mean": 0.6861111111111111,
        "std": 0.1054458494227906,
        "max": 0.8333333333333334
      },
      "experiment_count": 10
    },
    {
      "parameters": {
        "DROPOUT": 0.5,
        "HIDDEN_CHANNELS": 64,
        "MAX_HOPS": 3,
        "NUM_LAYERS": 3,
        "TEMPERATURE": 0.5
      },
      "final_test_accuracy": {
        "mean": 0.5605263157894738,
        "std": 0.07986311002891325,
        "max": 0.7105263157894737
      },
      "best_test_accuracy": {
        "mean": 0.5289473684210526,
        "std": 0.10154621779776178,
        "max": 0.6578947368421053
      },
      "final_val_accuracy": {
        "mean": 0.5555555555555556,
        "std": 0.08784104611578832,
        "max": 0.7222222222222222
      },
      "best_val_accuracy": {
        "mean": 0.638888888888889,
        "std": 0.07349309197401639,
        "max": 0.75
      },
      "experiment_count": 10
    },
    {
      "parameters": {
        "DROPOUT": 0.5,
        "HIDDEN_CHANNELS": 64,
        "MAX_HOPS": 4,
        "NUM_LAYERS": 1,
        "TEMPERATURE": 0.5
      },
      "final_test_accuracy": {
        "mean": 0.5578947368421053,
        "std": 0.13147364207154522,
        "max": 0.7368421052631579
      },
      "best_test_accuracy": {
        "mean": 0.5605263157894738,
        "std": 0.08810878443570111,
        "max": 0.6578947368421053
      },
      "final_val_accuracy": {
        "mean": 0.5777777777777777,
        "std": 0.07934920476158723,
        "max": 0.7222222222222222
      },
      "best_val_accuracy": {
        "mean": 0.638888888888889,
        "std": 0.06334307917217433,
        "max": 0.75
      },
      "experiment_count": 10
    },
    {
      "parameters": {
        "DROPOUT": 0.5,
        "HIDDEN_CHANNELS": 64,
        "MAX_HOPS": 2,
        "NUM_LAYERS": 3,
        "TEMPERATURE": 0.5
      },
      "final_test_accuracy": {
        "mean": 0.5578947368421052,
        "std": 0.06205171643448208,
        "max": 0.631578947368421
      },
      "best_test_accuracy": {
        "mean": 0.5184210526315789,
        "std": 0.05,
        "max": 0.631578947368421
      },
      "final_val_accuracy": {
        "mean": 0.6055555555555554,
        "std": 0.05091750772173153,
        "max": 0.6944444444444444
      },
      "best_val_accuracy": {
        "mean": 0.6611111111111112,
        "std": 0.05527707983925664,
        "max": 0.75
      },
      "experiment_count": 10
    },
    {
      "parameters": {
        "DROPOUT": 0.5,
        "HIDDEN_CHANNELS": 64,
        "MAX_HOPS": 3,