{
  "experiment_info": {
    "timestamp": "2025-07-03 17:35:44",
    "dataset": "Wisconsin",
    "model": "GraphSAGE"
  },
  "total_combinations": 9,
  "total_experiments": 90,
  "best_combination_by_val": {
    "parameters": {
      "DROPOUT": 0.5,
      "HIDDEN_CHANNELS": 64,
      "MAX_HOPS": 4,
      "NUM_LAYERS": 2,
      "TEMPERATURE": 0.5
    },
    "final_test_accuracy": {
      "mean": 0.8333333333333334,
      "std": 0.03641995219805237,
      "max": 0.8823529411764706
    },
    "best_test_accuracy": {
      "mean": 0.8196078431372549,
      "std": 0.040942378466315904,
      "max": 0.8823529411764706
    },
    "final_val_accuracy": {
      "mean": 0.8380000000000001,
      "std": 0.0289136645896019,
      "max": 0.88
    },
    "best_val_accuracy": {
      "mean": 0.86,
      "std": 0.0268328157299975,
      "max": 0.9
    },
    "experiment_count": 10
  },
  "best_combination_by_test": {
    "parameters": {
      "DROPOUT": 0.5,
      "HIDDEN_CHANNELS": 64,
      "MAX_HOPS": 4,
      "NUM_LAYERS": 2,
      "TEMPERATURE": 0.5
    },
    "final_test_accuracy": {
      "mean": 0.8333333333333334,
      "std": 0.03641995219805237,
      "max": 0.8823529411764706
    },
    "best_test_accuracy": {
      "mean": 0.8196078431372549,
      "std": 0.040942378466315904,
      "max": 0.8823529411764706
    },
    "final_val_accuracy": {
      "mean": 0.8380000000000001,
      "std": 0.0289136645896019,
      "max": 0.88
    },
    "best_val_accuracy": {
      "mean": 0.86,
      "std": 0.0268328157299975,
      "max": 0.9
    },
    "experiment_count": 10
  },
  "top_10_combinations": [
    {
      "parameters": {
        "DROPOUT": 0.5,
        "HIDDEN_CHANNELS": 64,
        "MAX_HOPS": 4,
        "NUM_LAYERS": 2,
        "TEMPERATURE": 0.5
      },
      "final_test_accuracy": {
        "mean": 0.8333333333333334,
        "std": 0.03641995219805237,
        "max": 0.8823529411764706
      },
      "best_test_accuracy": {
        "mean": 0.8196078431372549,
        "std": 0.040942378466315904,
        "max": 0.8823529411764706
      },
      "final_val_accuracy": {
        "mean": 0.8380000000000001,
        "std": 0.0289136645896019,
        "max": 0.88
      },
      "best_val_accuracy": {
        "mean": 0.86,
        "std": 0.0268328157299975,
        "max": 0.9
      },
      "experiment_count": 10
    },
    {
      "parameters": {
        "DROPOUT": 0.5,
        "HIDDEN_CHANNELS": 64,
        "MAX_HOPS": 3,
        "NUM_LAYERS": 2,
        "TEMPERATURE": 0.5
      },
      "final_test_accuracy": {
        "mean": 0.8215686274509805,
        "std": 0.04335949879901174,
        "max": 0.9019607843137255
      },
      "best_test_accuracy": {
        "mean": 0.7823529411764706,
        "std": 0.07094138241225703,
        "max": 0.9019607843137255
      },
      "final_val_accuracy": {
        "mean": 0.7620000000000001,
        "std": 0.06838128398911503,
        "max": 0.86
      },
      "best_val_accuracy": {
        "mean": 0.8019999999999999,
        "std": 0.050950956811427986,
        "max": 0.88
      },
      "experiment_count": 10
    },
    {
      "parameters": {
        "DROPOUT": 0.5,
        "HIDDEN_CHANNELS": 64,
        "MAX_HOPS": 3,
        "NUM_LAYERS": 1,
        "TEMPERATURE": 0.5
      },
      "final_test_accuracy": {
        "mean": 0.8196078431372549,
        "std": 0.0359417701565164,
        "max": 0.8823529411764706
      },
      "best_test_accuracy": {
        "mean": 0.796078431372549,
        "std": 0.04313725490196079,
        "max": 0.9019607843137255
      },
      "final_val_accuracy": {
        "mean": 0.8160000000000001,
        "std": 0.051224993899462785,
        "max": 0.9
      },
      "best_val_accuracy": {
        "mean": 0.844,
        "std": 0.040792156108742275,
        "max": 0.9
      },
      "experiment_count": 10
    },
    {
      "parameters": {
        "DROPOUT": 0.5,
        "HIDDEN_CHANNELS": 64,
        "MAX_HOPS": 2,
        "NUM_LAYERS": 2,
        "TEMPERATURE": 0.5
      },
      "final_test_accuracy": {
        "mean": 0.807843137254902,
        "std": 0.04454045761411982,
        "max": 0.8627450980392157
      },
      "best_test_accuracy": {
        "mean": 0.807843137254902,
        "std": 0.03802101848953984,
        "max": 0.8823529411764706
      },
      "final_val_accuracy": {
        "mean": 0.796,
        "std": 0.02799999999999998,
        "max": 0.84
      },
      "best_val_accuracy": {
        "mean": 0.8320000000000001,
        "std": 0.03370459909270542,
        "max": 0.88
      },
      "experiment_count": 10
    },
    {
      "parameters": {
        "DROPOUT": 0.5,
        "HIDDEN_CHANNELS": 64,
        "MAX_HOPS": 4,
        "NUM_LAYERS": 1,
        "TEMPERATURE": 0.5
      },
      "final_test_accuracy": {
        "mean": 0.8058823529411765,
        "std": 0.059763728055404586,
        "max": 0.9215686274509803
      },
      "best_test_accuracy": {
        "mean": 0.7764705882352941,
        "std": 0.07134668783788334,
        "max": 0.9019607843137255
      },
      "final_val_accuracy": {
        "mean": 0.79,
        "std": 0.04312771730569564,
        "max": 0.86
      },
      "best_val_accuracy": {
        "mean": 0.8240000000000001,
        "std": 0.04963869458396343,
        "max": 0.88
      },
      "experiment_count": 10
    },
    {
      "parameters": {
        "DROPOUT": 0.5,
        "HIDDEN_CHANNELS": 64,
        "MAX_HOPS": 2,
        "NUM_LAYERS": 1,
        "TEMPERATURE": 0.5
      },
      "final_test_accuracy": {
        "mean": 0.8019607843137255,
        "std": 0.05366247915060396,
        "max": 0.8823529411764706
      },
      "best_test_accuracy": {
        "mean": 0.7745098039215685,
        "std": 0.04577497070560294,
        "max": 0.8431372549019608
      },
      "final_val_accuracy": {
        "mean": 0.808,
        "std": 0.0744043009509531,
        "max": 0.92
      },
      "best_val_accuracy": {
        "mean": 0.8480000000000001,
        "std": 0.05381449618829483,
        "max": 0.94
      },
      "experiment_count": 10
    },
    {
      "parameters": {
        "DROPOUT": 0.5,
        "HIDDEN_CHANNELS": 64,
        "MAX_HOPS": 3,
        "NUM_LAYERS": 3,
        "TEMPERATURE": 0.5
      },
      "final_test_accuracy": {
        "mean": 0.7960784313725491,
        "std": 0.06024428037544006,
        "max": 0.9215686274509803
      },
      "best_test_accuracy": {
        "mean": 0.7843137254901962,
        "std": 0.07793963495824231,
        "max": 0.8823529411764706
      },
      "final_val_accuracy": {
        "mean": 0.774,
        "std": 0.055892754449928465,
        "max": 0.86
      },
      "best_val_accuracy": {
        "mean": 0.8220000000000001,
        "std": 0.042379240200834174,
        "max": 0.88
      },
      "experiment_count": 10
    },
    {
      "parameters": {
        "DROPOUT": 0.5,
        "HIDDEN_CHANNELS": 64,
        "MAX_HOPS": 4,
        "NUM_LAYERS": 3,
        "TEMPERATURE": 0.5
      },
      "final_test_accuracy": {
        "mean": 0.7843137254901961,
        "std": 0.05682892841642919,
        "max": 0.8823529411764706
      },
      "best_test_accuracy": {
        "mean": 0.7705882352941176,
        "std": 0.0696285525669204,
        "max": 0.8431372549019608
      },
      "final_val_accuracy": {
        "mean": 0.792,
        "std": 0.07277362159464103,
        "max": 0.92
      },
      "best_val_accuracy": {
        "mean": 0.8460000000000001,
        "std": 0.05063595560468864,
        "max": 0.94
      },
      "experiment_count": 10
    },
    {
      "parameters": {
        "DROPOUT": 0.5,
        "HIDDEN_CHANNELS": 64,
        "MAX_HOPS": 2,
        "NUM_LAYERS": 3,
        "TEMPERATURE": 0.5
      },
      "final_test_accuracy": {
        "mean": 0.7627450980392156,
        "std": 0.07616833176296092,
        "max": 0.8627450980392157
      },
      "best_test_accuracy": {
        "mean": 0.7333333333333334,
        "std": 0.08821350493491759,