{
  "experiment_info": {
    "timestamp": "2025-07-05 18:36:15",
    "dataset": "Chameleon",
    "model": "H2GCN"
  },
  "total_experiments": 60,
  "final_results": {
    "train": {
      "mean": 0.983906783796974,
      "std": 0.004461974521212503
    },
    "val": {
      "mean": 0.5143223443223444,
      "std": 0.024759818495895942
    },
    "test": {
      "mean": 0.5167032163742691,
      "std": 0.02950109371767954
    }
  },
  "best_results": {
    "val": {
      "mean": 0.5394871794871795,
      "std": 0.025201252235236116
    },
    "test": {
      "mean": 0.5181652046783626,
      "std": 0.026679058426552653
    }
  },
  "early_stopping": {
    "early_stopped_experiments": 60,
    "early_stopping_rate": 1.0,
    "average_stopping_epoch": 82.88333333333334,
    "stopping_epoch_std": 36.877767316124526,
    "stopping_epoch_range": [
      53,
      204
    ]
  },
  "feature_modification": {
    "modifications_applied": 1,
    "modification_types": [
      "missingness"
    ]
  }
}