{
  "experiment_info": {
    "timestamp": "2025-07-06 00:07:10",
    "dataset": "Chameleon",
    "model": "RobustH2GCN"
  },
  "total_combinations": 6,
  "total_experiments": 60,
  "best_combination_by_val": {
    "parameters": {
      "DROPOUT": 0.5,
      "HIDDEN_CHANNELS": 64,
      "MAX_HOPS": 3,
      "NUM_LAYERS": 1,
      "TEMPERATURE": 0.5
    },
    "final_test_accuracy": {
      "mean": 0.5085526315789474,
      "std": 0.02652421119702713,
      "max": 0.5460526315789473
    },
    "best_test_accuracy": {
      "mean": 0.5140350877192983,
      "std": 0.027777393041349154,
      "max": 0.5635964912280702
    },
    "final_val_accuracy": {
      "mean": 0.5235164835164834,
      "std": 0.025758391778432727,
      "max": 0.5604395604395604
    },
    "best_val_accuracy": {
      "mean": 0.5498901098901099,
      "std": 0.01738349005123971,
      "max": 0.578021978021978
    },
    "experiment_count": 10
  },
  "best_combination_by_test": {
    "parameters": {
      "DROPOUT": 0.5,
      "HIDDEN_CHANNELS": 64,
      "MAX_HOPS": 2,
      "NUM_LAYERS": 1,
      "TEMPERATURE": 0.5
    },
    "final_test_accuracy": {
      "mean": 0.5199561403508772,
      "std": 0.018748396874115357,
      "max": 0.5592105263157895
    },
    "best_test_accuracy": {
      "mean": 0.5186403508771928,
      "std": 0.02015278094632921,
      "max": 0.5504385964912281
    },
    "final_val_accuracy": {
      "mean": 0.4997802197802198,
      "std": 0.029292671791729483,
      "max": 0.5538461538461539
    },
    "best_val_accuracy": {
      "mean": 0.5307692307692308,
      "std": 0.030473460711784722,
      "max": 0.567032967032967
    },
    "experiment_count": 10
  },
  "top_10_combinations": [
    {
      "parameters": {
        "DROPOUT": 0.5,
        "HIDDEN_CHANNELS": 64,
        "MAX_HOPS": 2,
        "NUM_LAYERS": 1,
        "TEMPERATURE": 0.5
      },
      "final_test_accuracy": {
        "mean": 0.5199561403508772,
        "std": 0.018748396874115357,
        "max": 0.5592105263157895
      },
      "best_test_accuracy": {
        "mean": 0.5186403508771928,
        "std": 0.02015278094632921,
        "max": 0.5504385964912281
      },
      "final_val_accuracy": {
        "mean": 0.4997802197802198,
        "std": 0.029292671791729483,
        "max": 0.5538461538461539
      },
      "best_val_accuracy": {
        "mean": 0.5307692307692308,
        "std": 0.030473460711784722,
        "max": 0.567032967032967
      },
      "experiment_count": 10
    },
    {
      "parameters": {
        "DROPOUT": 0.5,
        "HIDDEN_CHANNELS": 64,
        "MAX_HOPS": 4,
        "NUM_LAYERS": 1,
        "TEMPERATURE": 0.5
      },
      "final_test_accuracy": {
        "mean": 0.5182017543859649,
        "std": 0.025291658205057764,
        "max": 0.5635964912280702
      },
      "best_test_accuracy": {
        "mean": 0.5245614035087719,
        "std": 0.0173176201950874,
        "max": 0.5504385964912281
      },
      "final_val_accuracy": {
        "mean": 0.5169230769230769,
        "std": 0.029792990246735013,
        "max": 0.5692307692307692
      },
      "best_val_accuracy": {
        "mean": 0.538021978021978,
        "std": 0.02243050694008454,
        "max": 0.5824175824175825
      },
      "experiment_count": 10
    },
    {
      "parameters": {
        "DROPOUT": 0.5,
        "HIDDEN_CHANNELS": 64,
        "MAX_HOPS": 3,
        "NUM_LAYERS": 1,
        "TEMPERATURE": 2.0
      },
      "final_test_accuracy": {
        "mean": 0.5155701754385965,
        "std": 0.017935593623326623,
        "max": 0.5328947368421053
      },
      "best_test_accuracy": {
        "mean": 0.5149122807017543,
        "std": 0.01589874470209812,
        "max": 0.5394736842105263
      },
      "final_val_accuracy": {
        "mean": 0.5136263736263736,
        "std": 0.019386808079121215,
        "max": 0.5472527472527473
      },
      "best_val_accuracy": {
        "mean": 0.5382417582417582,
        "std": 0.024024501440911554,
        "max": 0.5824175824175825
      },
      "experiment_count": 10
    },
    {
      "parameters": {
        "DROPOUT": 0.5,
        "HIDDEN_CHANNELS": 64,
        "MAX_HOPS": 2,
        "NUM_LAYERS": 1,
        "TEMPERATURE": 2.0
      },
      "final_test_accuracy": {
        "mean": 0.5103070175438597,
        "std": 0.01667387886427224,
        "max": 0.5372807017543859
      },
      "best_test_accuracy": {
        "mean": 0.5236842105263159,
        "std": 0.01726199004750389,
        "max": 0.5548245614035088
      },
      "final_val_accuracy": {
        "mean": 0.5147252747252746,
        "std": 0.018038052332908297,
        "max": 0.5428571428571428
      },
      "best_val_accuracy": {
        "mean": 0.5323076923076924,
        "std": 0.014438740840137885,
        "max": 0.5604395604395604
      },
      "experiment_count": 10
    },
    {
      "parameters": {
        "DROPOUT": 0.5,
        "HIDDEN_CHANNELS": 64,
        "MAX_HOPS": 3,
        "NUM_LAYERS": 1,
        "TEMPERATURE": 0.5
      },
      "final_test_accuracy": {
        "mean": 0.5085526315789474,
        "std": 0.02652421119702713,
        "max": 0.5460526315789473
      },
      "best_test_accuracy": {
        "mean": 0.5140350877192983,
        "std": 0.027777393041349154,
        "max": 0.5635964912280702
      },
      "final_val_accuracy": {
        "mean": 0.5235164835164834,
        "std": 0.025758391778432727,
        "max": 0.5604395604395604
      },
      "best_val_accuracy": {
        "mean": 0.5498901098901099,
        "std": 0.01738349005123971,
        "max": 0.578021978021978
      },
      "experiment_count": 10
    },
    {
      "parameters": {
        "DROPOUT": 0.5,
        "HIDDEN_CHANNELS": 64,
        "MAX_HOPS": 4,
        "NUM_LAYERS": 1,
        "TEMPERATURE": 2.0
      },
      "final_test_accuracy": {
        "mean": 0.5015350877192983,
        "std": 0.021996608835141616,
        "max": 0.5328947368421053
      },
      "best_test_accuracy": {
        "mean": 0.5024122807017544,
        "std": 0.01725223632913767,
        "max": 0.5394736842105263
      },
      "final_val_accuracy": {
        "mean": 0.514065934065934,
        "std": 0.028050190495131883,
        "max": 0.5560439560439561
      },
      "best_val_accuracy": {
        "mean": 0.5384615384615385,
        "std": 0.02515499591705406,
        "max": 0.578021978021978
      },
      "experiment_count": 10
    }
  ],
  "all_combinations": [
    {
      "parameters": {
        "DROPOUT": 0.5,
        "HIDDEN_CHANNELS": 64,
        "MAX_HOPS": 2,
        "NUM_LAYERS": 1,
        "TEMPERATURE": 0.5
      },
      "final_test_accuracy": {
        "mean": 0.5199561403508772,
        "std": 0.018748396874115357,
        "max": 0.5592105263157895
      },
      "best_test_accuracy": {
        "mean": 0.5186403508771928,
        "std": 0.02015278094632921,
        "max": 0.5504385964912281
      },
      "final_val_accuracy": {
        "mean": 0.4997802197802198,
        "std": 0.029292671791729483,
        "max": 0.5538461538461539
      },
      "best_val_accuracy": {
        "mean": 0.5307692307692308,
        "std": 0.030473460711784722,
        "max": 0.567032967032967
      },
      "experiment_count": 10
    },
    {
      "parameters": {
        "DROPOUT": 0.5,
        "HIDDEN_CHANNELS": 64,
        "MAX_HOPS": 4,
        "NUM_LAYERS": 1,
        "TEMPERATURE": 0.5
      },
      "final_test_accuracy": {
        "mean": 0.5182017543859649,
        "std": 0.025291658205057764,
        "max": 0.5635964912280702
      },
      "best_test_accuracy": {
        "mean": 0.5245614035087719,
        "std": 0.0173176201950874,
        "max": 0.5504385964912281
      },
      "final_val_accuracy": {
        "mean": 0.5169230769230769,
        "std": 0.029792990246735013,
        "max": 0.5692307692307692
      },
      "best_val_accuracy": {
        "mean": 0.538021978021978,
        "std": 0.02243050694008454,
        "max": 0.5824175824175825
      },