{
  "experiment_info": {
    "timestamp": "2025-07-03 02:04:56",
    "dataset": "Cora",
    "model": "MixHop"
  },
  "total_combinations": 9,
  "total_experiments": 90,
  "best_combination_by_val": {
    "parameters": {
      "DROPOUT": 0.5,
      "HIDDEN_CHANNELS": 64,
      "MAX_HOPS": 2,
      "NUM_LAYERS": 1,
      "TEMPERATURE": 0.5
    },
    "final_test_accuracy": {
      "mean": 0.2893186003683241,
      "std": 0.029585966367507602,
      "max": 0.32044198895027626
    },
    "best_test_accuracy": {
      "mean": 0.3029465930018417,
      "std": 0.019476825112293414,
      "max": 0.3370165745856354
    },
    "final_val_accuracy": {
      "mean": 0.2979667282809612,
      "std": 0.039174482805103446,
      "max": 0.33826247689463956
    },
    "best_val_accuracy": {
      "mean": 0.3303142329020333,
      "std": 0.019103313041610004,
      "max": 0.3678373382624769
    },
    "experiment_count": 10
  },
  "best_combination_by_test": {
    "parameters": {
      "DROPOUT": 0.5,
      "HIDDEN_CHANNELS": 64,
      "MAX_HOPS": 3,
      "NUM_LAYERS": 1,
      "TEMPERATURE": 0.5
    },
    "final_test_accuracy": {
      "mean": 0.314548802946593,
      "std": 0.023087195497922382,
      "max": 0.34990791896869244
    },
    "best_test_accuracy": {
      "mean": 0.3084714548802947,
      "std": 0.022663908556760277,
      "max": 0.34806629834254144
    },
    "final_val_accuracy": {
      "mean": 0.3099815157116451,
      "std": 0.014926563573547076,
      "max": 0.3345656192236599
    },
    "best_val_accuracy": {
      "mean": 0.31940850277264327,
      "std": 0.016215683696459378,
      "max": 0.3456561922365989
    },
    "experiment_count": 10
  },
  "top_10_combinations": [
    {
      "parameters": {
        "DROPOUT": 0.5,
        "HIDDEN_CHANNELS": 64,
        "MAX_HOPS": 3,
        "NUM_LAYERS": 1,
        "TEMPERATURE": 0.5
      },
      "final_test_accuracy": {
        "mean": 0.314548802946593,
        "std": 0.023087195497922382,
        "max": 0.34990791896869244
      },
      "best_test_accuracy": {
        "mean": 0.3084714548802947,
        "std": 0.022663908556760277,
        "max": 0.34806629834254144
      },
      "final_val_accuracy": {
        "mean": 0.3099815157116451,
        "std": 0.014926563573547076,
        "max": 0.3345656192236599
      },
      "best_val_accuracy": {
        "mean": 0.31940850277264327,
        "std": 0.016215683696459378,
        "max": 0.3456561922365989
      },
      "experiment_count": 10
    },
    {
      "parameters": {
        "DROPOUT": 0.5,
        "HIDDEN_CHANNELS": 64,
        "MAX_HOPS": 4,
        "NUM_LAYERS": 1,
        "TEMPERATURE": 0.5
      },
      "final_test_accuracy": {
        "mean": 0.3112338858195212,
        "std": 0.008153202070415708,
        "max": 0.3241252302025783
      },
      "best_test_accuracy": {
        "mean": 0.31896869244935544,
        "std": 0.010795101944569317,
        "max": 0.3388581952117864
      },
      "final_val_accuracy": {
        "mean": 0.3049907578558225,
        "std": 0.014077214613426824,
        "max": 0.33086876155268025
      },
      "best_val_accuracy": {
        "mean": 0.3168207024029575,
        "std": 0.01522459170571091,
        "max": 0.33826247689463956
      },
      "experiment_count": 10
    },
    {
      "parameters": {
        "DROPOUT": 0.5,
        "HIDDEN_CHANNELS": 64,
        "MAX_HOPS": 4,
        "NUM_LAYERS": 2,
        "TEMPERATURE": 0.5
      },
      "final_test_accuracy": {
        "mean": 0.3101289134438306,
        "std": 0.016619542059194817,
        "max": 0.3388581952117864
      },
      "best_test_accuracy": {
        "mean": 0.30810313075506446,
        "std": 0.016879736497977502,
        "max": 0.3351749539594843
      },
      "final_val_accuracy": {
        "mean": 0.2957486136783734,
        "std": 0.012645198799620757,
        "max": 0.3179297597042514
      },
      "best_val_accuracy": {
        "mean": 0.29648798521256936,
        "std": 0.012838266435626864,
        "max": 0.3179297597042514
      },
      "experiment_count": 10
    },
    {
      "parameters": {
        "DROPOUT": 0.5,
        "HIDDEN_CHANNELS": 64,
        "MAX_HOPS": 4,
        "NUM_LAYERS": 3,
        "TEMPERATURE": 0.5
      },
      "final_test_accuracy": {
        "mean": 0.3046040515653775,
        "std": 0.018766466597211037,
        "max": 0.3351749539594843
      },
      "best_test_accuracy": {
        "mean": 0.303683241252302,
        "std": 0.01900441842968365,
        "max": 0.3351749539594843
      },
      "final_val_accuracy": {
        "mean": 0.3105360443622921,
        "std": 0.011424426721155227,
        "max": 0.32717190388170053
      },
      "best_val_accuracy": {
        "mean": 0.310720887245841,
        "std": 0.011586272786850146,
        "max": 0.32717190388170053
      },
      "experiment_count": 10
    },
    {
      "parameters": {
        "DROPOUT": 0.5,
        "HIDDEN_CHANNELS": 64,
        "MAX_HOPS": 2,
        "NUM_LAYERS": 3,
        "TEMPERATURE": 0.5
      },
      "final_test_accuracy": {
        "mean": 0.30313075506445675,
        "std": 0.013737057973459671,
        "max": 0.3278084714548803
      },
      "best_test_accuracy": {
        "mean": 0.3046040515653775,
        "std": 0.012495908253176691,
        "max": 0.3278084714548803
      },
      "final_val_accuracy": {
        "mean": 0.30295748613678375,
        "std": 0.015386435321003146,
        "max": 0.32162661737523107
      },
      "best_val_accuracy": {
        "mean": 0.30406654343807765,
        "std": 0.01575507751375973,
        "max": 0.32162661737523107
      },
      "experiment_count": 10
    },
    {
      "parameters": {
        "DROPOUT": 0.5,
        "HIDDEN_CHANNELS": 64,
        "MAX_HOPS": 3,
        "NUM_LAYERS": 2,
        "TEMPERATURE": 0.5
      },
      "final_test_accuracy": {
        "mean": 0.30294659300184157,
        "std": 0.021622382991986554,
        "max": 0.3388581952117864
      },
      "best_test_accuracy": {
        "mean": 0.3034990791896869,
        "std": 0.02125137640773725,
        "max": 0.3388581952117864
      },
      "final_val_accuracy": {
        "mean": 0.30018484288354896,
        "std": 0.021256127928229267,
        "max": 0.3419593345656192
      },
      "best_val_accuracy": {
        "mean": 0.3018484288354898,
        "std": 0.02084795021164194,
        "max": 0.3438077634011091
      },
      "experiment_count": 10
    },
    {
      "parameters": {
        "DROPOUT": 0.5,
        "HIDDEN_CHANNELS": 64,
        "MAX_HOPS": 2,
        "NUM_LAYERS": 2,
        "TEMPERATURE": 0.5
      },
      "final_test_accuracy": {
        "mean": 0.28987108655616944,
        "std": 0.036825045303720036,
        "max": 0.3370165745856354
      },
      "best_test_accuracy": {
        "mean": 0.30128913443830574,
        "std": 0.019991553215634488,
        "max": 0.3370165745856354
      },
      "final_val_accuracy": {
        "mean": 0.2913123844731978,
        "std": 0.04022785917347542,
        "max": 0.3179297597042514
      },
      "best_val_accuracy": {
        "mean": 0.30813308687615526,
        "std": 0.017082722884380067,
        "max": 0.34011090573012936
      },
      "experiment_count": 10
    },
    {
      "parameters": {
        "DROPOUT": 0.5,
        "HIDDEN_CHANNELS": 64,
        "MAX_HOPS": 2,
        "NUM_LAYERS": 1,
        "TEMPERATURE": 0.5
      },
      "final_test_accuracy": {
        "mean": 0.2893186003683241,
        "std": 0.029585966367507602,
        "max": 0.32044198895027626
      },
      "best_test_accuracy": {
        "mean": 0.3029465930018417,
        "std": 0.019476825112293414,
        "max": 0.3370165745856354
      },
      "final_val_accuracy": {
        "mean": 0.2979667282809612,
        "std": 0.039174482805103446,
        "max": 0.33826247689463956
      },
      "best_val_accuracy": {
        "mean": 0.3303142329020333,
        "std": 0.019103313041610004,
        "max": 0.3678373382624769
      },