{
  "experiment_info": {
    "timestamp": "2025-07-06 02:07:29",
    "dataset": "Squirrel",
    "model": "MLP"
  },
  "total_experiments": 60,
  "final_results": {
    "train": {
      "mean": 0.8098076923076925,
      "std": 0.008431416535239362
    },
    "val": {
      "mean": 0.2784294871794871,
      "std": 0.011056112856354135
    },
    "test": {
      "mean": 0.2805475504322767,
      "std": 0.012888507026998777
    }
  },
  "best_results": {
    "val": {
      "mean": 0.3016025641025641,
      "std": 0.009613247625778188
    },
    "test": {
      "mean": 0.29028178033941726,
      "std": 0.014551006630846535
    }
  },
  "early_stopping": {
    "early_stopped_experiments": 60,
    "early_stopping_rate": 1.0,
    "average_stopping_epoch": 64.6,
    "stopping_epoch_std": 18.087011914630896,
    "stopping_epoch_range": [
      50,
      164
    ]
  },
  "feature_modification": {
    "modifications_applied": 1,
    "modification_types": [
      "missingness"
    ]
  }
}