{
  "experiment_info": {
    "timestamp": "2025-07-04 09:25:06",
    "dataset": "Chameleon",
    "model": "GCN"
  },
  "total_combinations": 9,
  "total_experiments": 90,
  "best_combination_by_val": {
    "parameters": {
      "DROPOUT": 0.5,
      "HIDDEN_CHANNELS": 64,
      "MAX_HOPS": 4,
      "NUM_LAYERS": 1,
      "TEMPERATURE": 0.5
    },
    "final_test_accuracy": {
      "mean": 0.5956140350877193,
      "std": 0.022108917826541345,
      "max": 0.6337719298245614
    },
    "best_test_accuracy": {
      "mean": 0.5888157894736843,
      "std": 0.019448428778790355,
      "max": 0.6206140350877193
    },
    "final_val_accuracy": {
      "mean": 0.6083516483516485,
      "std": 0.036003729898418,
      "max": 0.6527472527472528
    },
    "best_val_accuracy": {
      "mean": 0.6116483516483517,
      "std": 0.03494505494505494,
      "max": 0.654945054945055
    },
    "experiment_count": 10
  },
  "best_combination_by_test": {
    "parameters": {
      "DROPOUT": 0.5,
      "HIDDEN_CHANNELS": 64,
      "MAX_HOPS": 3,
      "NUM_LAYERS": 1,
      "TEMPERATURE": 0.5
    },
    "final_test_accuracy": {
      "mean": 0.6006578947368421,
      "std": 0.01801585473556218,
      "max": 0.6228070175438597
    },
    "best_test_accuracy": {
      "mean": 0.5921052631578946,
      "std": 0.021863936106341263,
      "max": 0.6228070175438597
    },
    "final_val_accuracy": {
      "mean": 0.6030769230769231,
      "std": 0.015359477107390008,
      "max": 0.6307692307692307
    },
    "best_val_accuracy": {
      "mean": 0.6065934065934065,
      "std": 0.01771924779845833,
      "max": 0.6351648351648351
    },
    "experiment_count": 10
  },
  "top_10_combinations": [
    {
      "parameters": {
        "DROPOUT": 0.5,
        "HIDDEN_CHANNELS": 64,
        "MAX_HOPS": 3,
        "NUM_LAYERS": 1,
        "TEMPERATURE": 0.5
      },
      "final_test_accuracy": {
        "mean": 0.6006578947368421,
        "std": 0.01801585473556218,
        "max": 0.6228070175438597
      },
      "best_test_accuracy": {
        "mean": 0.5921052631578946,
        "std": 0.021863936106341263,
        "max": 0.6228070175438597
      },
      "final_val_accuracy": {
        "mean": 0.6030769230769231,
        "std": 0.015359477107390008,
        "max": 0.6307692307692307
      },
      "best_val_accuracy": {
        "mean": 0.6065934065934065,
        "std": 0.01771924779845833,
        "max": 0.6351648351648351
      },
      "experiment_count": 10
    },
    {
      "parameters": {
        "DROPOUT": 0.5,
        "HIDDEN_CHANNELS": 64,
        "MAX_HOPS": 4,
        "NUM_LAYERS": 1,
        "TEMPERATURE": 0.5
      },
      "final_test_accuracy": {
        "mean": 0.5956140350877193,
        "std": 0.022108917826541345,
        "max": 0.6337719298245614
      },
      "best_test_accuracy": {
        "mean": 0.5888157894736843,
        "std": 0.019448428778790355,
        "max": 0.6206140350877193
      },
      "final_val_accuracy": {
        "mean": 0.6083516483516485,
        "std": 0.036003729898418,
        "max": 0.6527472527472528
      },
      "best_val_accuracy": {
        "mean": 0.6116483516483517,
        "std": 0.03494505494505494,
        "max": 0.654945054945055
      },
      "experiment_count": 10
    },
    {
      "parameters": {
        "DROPOUT": 0.5,
        "HIDDEN_CHANNELS": 64,
        "MAX_HOPS": 2,
        "NUM_LAYERS": 1,
        "TEMPERATURE": 0.5
      },
      "final_test_accuracy": {
        "mean": 0.5822368421052632,
        "std": 0.028563543876437385,
        "max": 0.6403508771929824
      },
      "best_test_accuracy": {
        "mean": 0.5703947368421053,
        "std": 0.029298278443095373,
        "max": 0.6206140350877193
      },
      "final_val_accuracy": {
        "mean": 0.5982417582417583,
        "std": 0.02980919882757974,
        "max": 0.6329670329670329
      },
      "best_val_accuracy": {
        "mean": 0.6035164835164836,
        "std": 0.031882528010177755,
        "max": 0.643956043956044
      },
      "experiment_count": 10
    },
    {
      "parameters": {
        "DROPOUT": 0.5,
        "HIDDEN_CHANNELS": 64,
        "MAX_HOPS": 3,
        "NUM_LAYERS": 2,
        "TEMPERATURE": 0.5
      },
      "final_test_accuracy": {
        "mean": 0.23377192982456138,
        "std": 0.014586218551154287,
        "max": 0.26096491228070173
      },
      "best_test_accuracy": {
        "mean": 0.24407894736842106,
        "std": 0.058901483943199495,
        "max": 0.3969298245614035
      },
      "final_val_accuracy": {
        "mean": 0.22813186813186812,
        "std": 0.017243995820600464,
        "max": 0.25274725274725274
      },
      "best_val_accuracy": {
        "mean": 0.27604395604395604,
        "std": 0.050713541599198456,
        "max": 0.4
      },
      "experiment_count": 10
    },
    {
      "parameters": {
        "DROPOUT": 0.5,
        "HIDDEN_CHANNELS": 64,
        "MAX_HOPS": 2,
        "NUM_LAYERS": 3,
        "TEMPERATURE": 0.5
      },
      "final_test_accuracy": {
        "mean": 0.23377192982456138,
        "std": 0.020317955827895563,
        "max": 0.26096491228070173
      },
      "best_test_accuracy": {
        "mean": 0.2530701754385965,
        "std": 0.04283001970432878,
        "max": 0.3201754385964912
      },
      "final_val_accuracy": {
        "mean": 0.23384615384615387,
        "std": 0.014452116239800961,
        "max": 0.2549450549450549
      },
      "best_val_accuracy": {
        "mean": 0.2720879120879121,
        "std": 0.03086014825225161,
        "max": 0.3252747252747253
      },
      "experiment_count": 10
    },
    {
      "parameters": {
        "DROPOUT": 0.5,
        "HIDDEN_CHANNELS": 64,
        "MAX_HOPS": 4,
        "NUM_LAYERS": 3,
        "TEMPERATURE": 0.5
      },
      "final_test_accuracy": {
        "mean": 0.22587719298245618,
        "std": 0.019367896636683875,
        "max": 0.25877192982456143
      },
      "best_test_accuracy": {
        "mean": 0.2699561403508772,
        "std": 0.042233562751852714,
        "max": 0.33771929824561403
      },
      "final_val_accuracy": {
        "mean": 0.23120879120879123,
        "std": 0.020518575854037463,
        "max": 0.2549450549450549
      },
      "best_val_accuracy": {
        "mean": 0.2835164835164835,
        "std": 0.030118712110990594,
        "max": 0.3274725274725275
      },
      "experiment_count": 10
    },
    {
      "parameters": {
        "DROPOUT": 0.5,
        "HIDDEN_CHANNELS": 64,
        "MAX_HOPS": 3,
        "NUM_LAYERS": 3,
        "TEMPERATURE": 0.5
      },
      "final_test_accuracy": {
        "mean": 0.22280701754385962,
        "std": 0.023684210526315794,
        "max": 0.2675438596491228
      },
      "best_test_accuracy": {
        "mean": 0.2745614035087719,
        "std": 0.04195193207104638,
        "max": 0.37280701754385964
      },
      "final_val_accuracy": {
        "mean": 0.22659340659340663,
        "std": 0.029932904077756922,
        "max": 0.2945054945054945
      },
      "best_val_accuracy": {
        "mean": 0.2916483516483516,
        "std": 0.04227614065392854,
        "max": 0.3978021978021978
      },
      "experiment_count": 10
    },
    {
      "parameters": {
        "DROPOUT": 0.5,
        "HIDDEN_CHANNELS": 64,
        "MAX_HOPS": 2,
        "NUM_LAYERS": 2,
        "TEMPERATURE": 0.5
      },
      "final_test_accuracy": {
        "mean": 0.22214912280701754,
        "std": 0.02517731058508708,
        "max": 0.2543859649122807
      },
      "best_test_accuracy": {
        "mean": 0.25635964912280695,
        "std": 0.06420197251528804,
        "max": 0.40350877192982454
      },
      "final_val_accuracy": {
        "mean": 0.21758241758241761,
        "std": 0.028890860176096676,
        "max": 0.25934065934065936
      },
      "best_val_accuracy": {
        "mean": 0.27516483516483514,
        "std": 0.04446735579266981,
        "max": 0.3758241758241758
      },