{
  "experiment_info": {
    "timestamp": "2025-07-05 21:18:34",
    "dataset": "Citeseer",
    "model": "MLP"
  },
  "total_experiments": 60,
  "final_results": {
    "train": {
      "mean": 1.0,
      "std": 0.0
    },
    "val": {
      "mean": 0.6125814536340853,
      "std": 0.016436135321468554
    },
    "test": {
      "mean": 0.6155155155155155,
      "std": 0.016087490665248352
    }
  },
  "best_results": {
    "val": {
      "mean": 0.6671428571428571,
      "std": 0.01553276216859228
    },
    "test": {
      "mean": 0.662262262262262,
      "std": 0.013932085698876166
    }
  },
  "early_stopping": {
    "early_stopped_experiments": 60,
    "early_stopping_rate": 1.0,
    "average_stopping_epoch": 59.516666666666666,
    "stopping_epoch_std": 2.2912272305954775,
    "stopping_epoch_range": [
      56,
      69
    ]
  },
  "feature_modification": {
    "modifications_applied": 1,
    "modification_types": [
      "missingness"
    ]
  }
}