{
  "experiment_info": {
    "timestamp": "2025-07-07 16:48:51",
    "dataset": "Chameleon",
    "model": "H2GCN"
  },
  "total_combinations": 6,
  "total_experiments": 60,
  "best_combination_by_val": {
    "parameters": {
      "DROPOUT": 0.5,
      "HIDDEN_CHANNELS": 64,
      "MAX_HOPS": 3,
      "NUM_LAYERS": 2,
      "TEMPERATURE": 0.5
    },
    "final_test_accuracy": {
      "mean": 0.2890350877192982,
      "std": 0.021571636188347256,
      "max": 0.3267543859649123
    },
    "best_test_accuracy": {
      "mean": 0.3089912280701755,
      "std": 0.02140714845383644,
      "max": 0.35526315789473684
    },
    "final_val_accuracy": {
      "mean": 0.29538461538461536,
      "std": 0.014815208392397987,
      "max": 0.33186813186813185
    },
    "best_val_accuracy": {
      "mean": 0.33999999999999997,
      "std": 0.014211132448639308,
      "max": 0.367032967032967
    },
    "experiment_count": 10
  },
  "best_combination_by_test": {
    "parameters": {
      "DROPOUT": 0.5,
      "HIDDEN_CHANNELS": 64,
      "MAX_HOPS": 4,
      "NUM_LAYERS": 2,
      "TEMPERATURE": 0.5
    },
    "final_test_accuracy": {
      "mean": 0.2960526315789474,
      "std": 0.021863936106341252,
      "max": 0.3399122807017544
    },
    "best_test_accuracy": {
      "mean": 0.3,
      "std": 0.024494740360426672,
      "max": 0.3442982456140351
    },
    "final_val_accuracy": {
      "mean": 0.28747252747252744,
      "std": 0.013858358479502812,
      "max": 0.3120879120879121
    },
    "best_val_accuracy": {
      "mean": 0.3298901098901099,
      "std": 0.01504973038749011,
      "max": 0.35824175824175825
    },
    "experiment_count": 10
  },
  "top_10_combinations": [
    {
      "parameters": {
        "DROPOUT": 0.5,
        "HIDDEN_CHANNELS": 64,
        "MAX_HOPS": 4,
        "NUM_LAYERS": 2,
        "TEMPERATURE": 0.5
      },
      "final_test_accuracy": {
        "mean": 0.2960526315789474,
        "std": 0.021863936106341252,
        "max": 0.3399122807017544
      },
      "best_test_accuracy": {
        "mean": 0.3,
        "std": 0.024494740360426672,
        "max": 0.3442982456140351
      },
      "final_val_accuracy": {
        "mean": 0.28747252747252744,
        "std": 0.013858358479502812,
        "max": 0.3120879120879121
      },
      "best_val_accuracy": {
        "mean": 0.3298901098901099,
        "std": 0.01504973038749011,
        "max": 0.35824175824175825
      },
      "experiment_count": 10
    },
    {
      "parameters": {
        "DROPOUT": 0.5,
        "HIDDEN_CHANNELS": 64,
        "MAX_HOPS": 3,
        "NUM_LAYERS": 2,
        "TEMPERATURE": 0.5
      },
      "final_test_accuracy": {
        "mean": 0.2890350877192982,
        "std": 0.021571636188347256,
        "max": 0.3267543859649123
      },
      "best_test_accuracy": {
        "mean": 0.3089912280701755,
        "std": 0.02140714845383644,
        "max": 0.35526315789473684
      },
      "final_val_accuracy": {
        "mean": 0.29538461538461536,
        "std": 0.014815208392397987,
        "max": 0.33186813186813185
      },
      "best_val_accuracy": {
        "mean": 0.33999999999999997,
        "std": 0.014211132448639308,
        "max": 0.367032967032967
      },
      "experiment_count": 10
    },
    {
      "parameters": {
        "DROPOUT": 0.5,
        "HIDDEN_CHANNELS": 64,
        "MAX_HOPS": 2,
        "NUM_LAYERS": 2,
        "TEMPERATURE": 0.5
      },
      "final_test_accuracy": {
        "mean": 0.2743421052631579,
        "std": 0.023259057681581808,
        "max": 0.30701754385964913
      },
      "best_test_accuracy": {
        "mean": 0.30394736842105263,
        "std": 0.027323540573986876,
        "max": 0.34868421052631576
      },
      "final_val_accuracy": {
        "mean": 0.2865934065934066,
        "std": 0.015484760398952566,
        "max": 0.3120879120879121
      },
      "best_val_accuracy": {
        "mean": 0.33120879120879126,
        "std": 0.023956043956043952,
        "max": 0.36923076923076925
      },
      "experiment_count": 10
    },
    {
      "parameters": {
        "DROPOUT": 0.5,
        "HIDDEN_CHANNELS": 64,
        "MAX_HOPS": 4,
        "NUM_LAYERS": 1,
        "TEMPERATURE": 0.5
      },
      "final_test_accuracy": {
        "mean": 0.262719298245614,
        "std": 0.019263325663155917,
        "max": 0.3026315789473684
      },
      "best_test_accuracy": {
        "mean": 0.27785087719298246,
        "std": 0.021126742726537445,
        "max": 0.32894736842105265
      },
      "final_val_accuracy": {
        "mean": 0.2637362637362637,
        "std": 0.02033412484610176,
        "max": 0.2989010989010989
      },
      "best_val_accuracy": {
        "mean": 0.3101098901098901,
        "std": 0.013635232852084489,
        "max": 0.34065934065934067
      },
      "experiment_count": 10
    },
    {
      "parameters": {
        "DROPOUT": 0.5,
        "HIDDEN_CHANNELS": 64,
        "MAX_HOPS": 2,
        "NUM_LAYERS": 1,
        "TEMPERATURE": 0.5
      },
      "final_test_accuracy": {
        "mean": 0.25087719298245614,
        "std": 0.029294174525432527,
        "max": 0.2807017543859649
      },
      "best_test_accuracy": {
        "mean": 0.2688596491228071,
        "std": 0.021669507591290577,
        "max": 0.2982456140350877
      },
      "final_val_accuracy": {
        "mean": 0.24197802197802196,
        "std": 0.024600662787579813,
        "max": 0.29010989010989013
      },
      "best_val_accuracy": {
        "mean": 0.2907692307692308,
        "std": 0.0155112527372254,
        "max": 0.3208791208791209
      },
      "experiment_count": 10
    },
    {
      "parameters": {
        "DROPOUT": 0.5,
        "HIDDEN_CHANNELS": 64,
        "MAX_HOPS": 3,
        "NUM_LAYERS": 1,
        "TEMPERATURE": 0.5
      },
      "final_test_accuracy": {
        "mean": 0.24824561403508777,
        "std": 0.027245986825433954,
        "max": 0.2916666666666667
      },
      "best_test_accuracy": {
        "mean": 0.27543859649122804,
        "std": 0.023582465015386075,
        "max": 0.3333333333333333
      },
      "final_val_accuracy": {
        "mean": 0.26373626373626374,
        "std": 0.020143189867937755,
        "max": 0.2967032967032967
      },
      "best_val_accuracy": {
        "mean": 0.3125274725274725,
        "std": 0.008211666677920624,
        "max": 0.3230769230769231
      },
      "experiment_count": 10
    }
  ],
  "all_combinations": [
    {
      "parameters": {
        "DROPOUT": 0.5,
        "HIDDEN_CHANNELS": 64,
        "MAX_HOPS": 4,
        "NUM_LAYERS": 2,
        "TEMPERATURE": 0.5
      },
      "final_test_accuracy": {
        "mean": 0.2960526315789474,
        "std": 0.021863936106341252,
        "max": 0.3399122807017544
      },
      "best_test_accuracy": {
        "mean": 0.3,
        "std": 0.024494740360426672,
        "max": 0.3442982456140351
      },
      "final_val_accuracy": {
        "mean": 0.28747252747252744,
        "std": 0.013858358479502812,
        "max": 0.3120879120879121
      },
      "best_val_accuracy": {
        "mean": 0.3298901098901099,
        "std": 0.01504973038749011,
        "max": 0.35824175824175825
      },
      "experiment_count": 10
    },
    {
      "parameters": {
        "DROPOUT": 0.5,
        "HIDDEN_CHANNELS": 64,
        "MAX_HOPS": 3,
        "NUM_LAYERS": 2,
        "TEMPERATURE": 0.5
      },
      "final_test_accuracy": {
        "mean": 0.2890350877192982,
        "std": 0.021571636188347256,
        "max": 0.3267543859649123
      },
      "best_test_accuracy": {
        "mean": 0.3089912280701755,
        "std": 0.02140714845383644,
        "max": 0.35526315789473684
      },
      "final_val_accuracy": {
        "mean": 0.29538461538461536,
        "std": 0.014815208392397987,
        "max": 0.33186813186813185
      },
      "best_val_accuracy": {
        "mean": 0.33999999999999997,
        "std": 0.014211132448639308,
        "max": 0.367032967032967
      },