{
  "experiment_info": {
    "timestamp": "2025-07-05 12:15:00",
    "dataset": "Texas",
    "model": "GAT"
  },
  "total_combinations": 6,
  "total_experiments": 60,
  "best_combination_by_val": {
    "parameters": {
      "DROPOUT": 0.5,
      "HIDDEN_CHANNELS": 64,
      "MAX_HOPS": 2,
      "NUM_LAYERS": 1,
      "TEMPERATURE": 0.5
    },
    "final_test_accuracy": {
      "mean": 0.47631578947368425,
      "std": 0.06386663736585052,
      "max": 0.6052631578947368
    },
    "best_test_accuracy": {
      "mean": 0.5342105263157895,
      "std": 0.07540288832576002,
      "max": 0.631578947368421
    },
    "final_val_accuracy": {
      "mean": 0.4805555555555555,
      "std": 0.08429994947496398,
      "max": 0.6388888888888888
    },
    "best_val_accuracy": {
      "mean": 0.6027777777777777,
      "std": 0.08337961677668684,
      "max": 0.6944444444444444
    },
    "experiment_count": 10
  },
  "best_combination_by_test": {
    "parameters": {
      "DROPOUT": 0.5,
      "HIDDEN_CHANNELS": 64,
      "MAX_HOPS": 4,
      "NUM_LAYERS": 1,
      "TEMPERATURE": 0.5
    },
    "final_test_accuracy": {
      "mean": 0.4947368421052631,
      "std": 0.05619514869490166,
      "max": 0.5526315789473685
    },
    "best_test_accuracy": {
      "mean": 0.5421052631578946,
      "std": 0.024118819447136022,
      "max": 0.5789473684210527
    },
    "final_val_accuracy": {
      "mean": 0.4416666666666666,
      "std": 0.06854979266251704,
      "max": 0.5555555555555556
    },
    "best_val_accuracy": {
      "mean": 0.5722222222222222,
      "std": 0.054433105395181744,
      "max": 0.6388888888888888
    },
    "experiment_count": 10
  },
  "top_10_combinations": [
    {
      "parameters": {
        "DROPOUT": 0.5,
        "HIDDEN_CHANNELS": 64,
        "MAX_HOPS": 4,
        "NUM_LAYERS": 1,
        "TEMPERATURE": 0.5
      },
      "final_test_accuracy": {
        "mean": 0.4947368421052631,
        "std": 0.05619514869490166,
        "max": 0.5526315789473685
      },
      "best_test_accuracy": {
        "mean": 0.5421052631578946,
        "std": 0.024118819447136022,
        "max": 0.5789473684210527
      },
      "final_val_accuracy": {
        "mean": 0.4416666666666666,
        "std": 0.06854979266251704,
        "max": 0.5555555555555556
      },
      "best_val_accuracy": {
        "mean": 0.5722222222222222,
        "std": 0.054433105395181744,
        "max": 0.6388888888888888
      },
      "experiment_count": 10
    },
    {
      "parameters": {
        "DROPOUT": 0.5,
        "HIDDEN_CHANNELS": 64,
        "MAX_HOPS": 3,
        "NUM_LAYERS": 2,
        "TEMPERATURE": 0.5
      },
      "final_test_accuracy": {
        "mean": 0.48684210526315785,
        "std": 0.06364940327604118,
        "max": 0.6052631578947368
      },
      "best_test_accuracy": {
        "mean": 0.5763157894736842,
        "std": 0.07667790675964982,
        "max": 0.6578947368421053
      },
      "final_val_accuracy": {
        "mean": 0.4083333333333333,
        "std": 0.06809805928961812,
        "max": 0.5277777777777778
      },
      "best_val_accuracy": {
        "mean": 0.5555555555555556,
        "std": 0.048112522432468836,
        "max": 0.6111111111111112
      },
      "experiment_count": 10
    },
    {
      "parameters": {
        "DROPOUT": 0.5,
        "HIDDEN_CHANNELS": 64,
        "MAX_HOPS": 2,
        "NUM_LAYERS": 1,
        "TEMPERATURE": 0.5
      },
      "final_test_accuracy": {
        "mean": 0.47631578947368425,
        "std": 0.06386663736585052,
        "max": 0.6052631578947368
      },
      "best_test_accuracy": {
        "mean": 0.5342105263157895,
        "std": 0.07540288832576002,
        "max": 0.631578947368421
      },
      "final_val_accuracy": {
        "mean": 0.4805555555555555,
        "std": 0.08429994947496398,
        "max": 0.6388888888888888
      },
      "best_val_accuracy": {
        "mean": 0.6027777777777777,
        "std": 0.08337961677668684,
        "max": 0.6944444444444444
      },
      "experiment_count": 10
    },
    {
      "parameters": {
        "DROPOUT": 0.5,
        "HIDDEN_CHANNELS": 64,
        "MAX_HOPS": 3,
        "NUM_LAYERS": 1,
        "TEMPERATURE": 0.5
      },
      "final_test_accuracy": {
        "mean": 0.4631578947368421,
        "std": 0.09055079228465922,
        "max": 0.6052631578947368
      },
      "best_test_accuracy": {
        "mean": 0.5263157894736843,
        "std": 0.10259783520851544,
        "max": 0.6578947368421053
      },
      "final_val_accuracy": {
        "mean": 0.4833333333333333,
        "std": 0.09229582069908972,
        "max": 0.6388888888888888
      },
      "best_val_accuracy": {
        "mean": 0.5833333333333333,
        "std": 0.08516505398197716,
        "max": 0.6944444444444444
      },
      "experiment_count": 10
    },
    {
      "parameters": {
        "DROPOUT": 0.5,
        "HIDDEN_CHANNELS": 64,
        "MAX_HOPS": 4,
        "NUM_LAYERS": 2,
        "TEMPERATURE": 0.5
      },
      "final_test_accuracy": {
        "mean": 0.4631578947368421,
        "std": 0.07368421052631578,
        "max": 0.6052631578947368
      },
      "best_test_accuracy": {
        "mean": 0.5421052631578948,
        "std": 0.07461814146714646,
        "max": 0.6842105263157895
      },
      "final_val_accuracy": {
        "mean": 0.45555555555555555,
        "std": 0.05443310539518174,
        "max": 0.5555555555555556
      },
      "best_val_accuracy": {
        "mean": 0.5972222222222222,
        "std": 0.05590169943749473,
        "max": 0.6944444444444444
      },
      "experiment_count": 10
    },
    {
      "parameters": {
        "DROPOUT": 0.5,
        "HIDDEN_CHANNELS": 64,
        "MAX_HOPS": 2,
        "NUM_LAYERS": 2,
        "TEMPERATURE": 0.5
      },
      "final_test_accuracy": {
        "mean": 0.42368421052631583,
        "std": 0.08523228810895606,
        "max": 0.5526315789473685
      },
      "best_test_accuracy": {
        "mean": 0.531578947368421,
        "std": 0.06092545738310644,
        "max": 0.631578947368421
      },
      "final_val_accuracy": {
        "mean": 0.4527777777777778,
        "std": 0.07662841235629847,
        "max": 0.5555555555555556
      },
      "best_val_accuracy": {
        "mean": 0.5833333333333333,
        "std": 0.07243558228002943,
        "max": 0.6944444444444444
      },
      "experiment_count": 10
    }
  ],
  "all_combinations": [
    {
      "parameters": {
        "DROPOUT": 0.5,
        "HIDDEN_CHANNELS": 64,
        "MAX_HOPS": 4,
        "NUM_LAYERS": 1,
        "TEMPERATURE": 0.5
      },
      "final_test_accuracy": {
        "mean": 0.4947368421052631,
        "std": 0.05619514869490166,
        "max": 0.5526315789473685
      },
      "best_test_accuracy": {
        "mean": 0.5421052631578946,
        "std": 0.024118819447136022,
        "max": 0.5789473684210527
      },
      "final_val_accuracy": {
        "mean": 0.4416666666666666,
        "std": 0.06854979266251704,
        "max": 0.5555555555555556
      },
      "best_val_accuracy": {
        "mean": 0.5722222222222222,
        "std": 0.054433105395181744,
        "max": 0.6388888888888888
      },
      "experiment_count": 10
    },
    {
      "parameters": {
        "DROPOUT": 0.5,
        "HIDDEN_CHANNELS": 64,
        "MAX_HOPS": 3,
        "NUM_LAYERS": 2,
        "TEMPERATURE": 0.5
      },
      "final_test_accuracy": {
        "mean": 0.48684210526315785,
        "std": 0.06364940327604118,
        "max": 0.6052631578947368
      },
      "best_test_accuracy": {
        "mean": 0.5763157894736842,
        "std": 0.07667790675964982,
        "max": 0.6578947368421053
      },
      "final_val_accuracy": {
        "mean": 0.4083333333333333,
        "std": 0.06809805928961812,
        "max": 0.5277777777777778
      },
      "best_val_accuracy": {
        "mean": 0.5555555555555556,
        "std": 0.048112522432468836,
        "max": 0.6111111111111112
      },