{
  "experiment_info": {
    "timestamp": "2025-07-03 14:39:19",
    "dataset": "Cornell",
    "model": "GCN"
  },
  "total_combinations": 9,
  "total_experiments": 90,
  "best_combination_by_val": {
    "parameters": {
      "DROPOUT": 0.5,
      "HIDDEN_CHANNELS": 64,
      "MAX_HOPS": 3,
      "NUM_LAYERS": 3,
      "TEMPERATURE": 0.5
    },
    "final_test_accuracy": {
      "mean": 0.4947368421052632,
      "std": 0.048237638894272,
      "max": 0.6052631578947368
    },
    "best_test_accuracy": {
      "mean": 0.5026315789473684,
      "std": 0.053220390568833396,
      "max": 0.6052631578947368
    },
    "final_val_accuracy": {
      "mean": 0.4805555555555555,
      "std": 0.07032771611762315,
      "max": 0.5833333333333334
    },
    "best_val_accuracy": {
      "mean": 0.4888888888888888,
      "std": 0.0726483157256779,
      "max": 0.5833333333333334
    },
    "experiment_count": 10
  },
  "best_combination_by_test": {
    "parameters": {
      "DROPOUT": 0.5,
      "HIDDEN_CHANNELS": 64,
      "MAX_HOPS": 3,
      "NUM_LAYERS": 3,
      "TEMPERATURE": 0.5
    },
    "final_test_accuracy": {
      "mean": 0.4947368421052632,
      "std": 0.048237638894272,
      "max": 0.6052631578947368
    },
    "best_test_accuracy": {
      "mean": 0.5026315789473684,
      "std": 0.053220390568833396,
      "max": 0.6052631578947368
    },
    "final_val_accuracy": {
      "mean": 0.4805555555555555,
      "std": 0.07032771611762315,
      "max": 0.5833333333333334
    },
    "best_val_accuracy": {
      "mean": 0.4888888888888888,
      "std": 0.0726483157256779,
      "max": 0.5833333333333334
    },
    "experiment_count": 10
  },
  "top_10_combinations": [
    {
      "parameters": {
        "DROPOUT": 0.5,
        "HIDDEN_CHANNELS": 64,
        "MAX_HOPS": 3,
        "NUM_LAYERS": 3,
        "TEMPERATURE": 0.5
      },
      "final_test_accuracy": {
        "mean": 0.4947368421052632,
        "std": 0.048237638894272,
        "max": 0.6052631578947368
      },
      "best_test_accuracy": {
        "mean": 0.5026315789473684,
        "std": 0.053220390568833396,
        "max": 0.6052631578947368
      },
      "final_val_accuracy": {
        "mean": 0.4805555555555555,
        "std": 0.07032771611762315,
        "max": 0.5833333333333334
      },
      "best_val_accuracy": {
        "mean": 0.4888888888888888,
        "std": 0.0726483157256779,
        "max": 0.5833333333333334
      },
      "experiment_count": 10
    },
    {
      "parameters": {
        "DROPOUT": 0.5,
        "HIDDEN_CHANNELS": 64,
        "MAX_HOPS": 2,
        "NUM_LAYERS": 2,
        "TEMPERATURE": 0.5
      },
      "final_test_accuracy": {
        "mean": 0.47368421052631576,
        "std": 0.09846466807299846,
        "max": 0.6052631578947368
      },
      "best_test_accuracy": {
        "mean": 0.47368421052631576,
        "std": 0.09986139979479093,
        "max": 0.6052631578947368
      },
      "final_val_accuracy": {
        "mean": 0.41944444444444445,
        "std": 0.05478634145365561,
        "max": 0.5277777777777778
      },
      "best_val_accuracy": {
        "mean": 0.44722222222222224,
        "std": 0.0626695231815471,
        "max": 0.5277777777777778
      },
      "experiment_count": 10
    },
    {
      "parameters": {
        "DROPOUT": 0.5,
        "HIDDEN_CHANNELS": 64,
        "MAX_HOPS": 3,
        "NUM_LAYERS": 2,
        "TEMPERATURE": 0.5
      },
      "final_test_accuracy": {
        "mean": 0.4473684210526315,
        "std": 0.06446025638903101,
        "max": 0.5263157894736842
      },
      "best_test_accuracy": {
        "mean": 0.4026315789473684,
        "std": 0.1217656347500976,
        "max": 0.5263157894736842
      },
      "final_val_accuracy": {
        "mean": 0.4083333333333333,
        "std": 0.059641418204399686,
        "max": 0.5277777777777778
      },
      "best_val_accuracy": {
        "mean": 0.43888888888888883,
        "std": 0.06186404847588913,
        "max": 0.5555555555555556
      },
      "experiment_count": 10
    },
    {
      "parameters": {
        "DROPOUT": 0.5,
        "HIDDEN_CHANNELS": 64,
        "MAX_HOPS": 4,
        "NUM_LAYERS": 3,
        "TEMPERATURE": 0.5
      },
      "final_test_accuracy": {
        "mean": 0.4342105263157895,
        "std": 0.059137381721695345,
        "max": 0.5263157894736842
      },
      "best_test_accuracy": {
        "mean": 0.4289473684210526,
        "std": 0.07066169253735553,
        "max": 0.5263157894736842
      },
      "final_val_accuracy": {
        "mean": 0.4666666666666667,
        "std": 0.0538631095268481,
        "max": 0.5555555555555556
      },
      "best_val_accuracy": {
        "mean": 0.48611111111111116,
        "std": 0.06718548123582126,
        "max": 0.5833333333333334
      },
      "experiment_count": 10
    },
    {
      "parameters": {
        "DROPOUT": 0.5,
        "HIDDEN_CHANNELS": 64,
        "MAX_HOPS": 4,
        "NUM_LAYERS": 2,
        "TEMPERATURE": 0.5
      },
      "final_test_accuracy": {
        "mean": 0.4236842105263158,
        "std": 0.059371127224623566,
        "max": 0.5
      },
      "best_test_accuracy": {
        "mean": 0.4184210526315789,
        "std": 0.05450609257159994,
        "max": 0.5
      },
      "final_val_accuracy": {
        "mean": 0.45833333333333337,
        "std": 0.08169689538807082,
        "max": 0.6111111111111112
      },
      "best_val_accuracy": {
        "mean": 0.4722222222222222,
        "std": 0.07657804862272345,
        "max": 0.6388888888888888
      },
      "experiment_count": 10
    },
    {
      "parameters": {
        "DROPOUT": 0.5,
        "HIDDEN_CHANNELS": 64,
        "MAX_HOPS": 2,
        "NUM_LAYERS": 1,
        "TEMPERATURE": 0.5
      },
      "final_test_accuracy": {
        "mean": 0.39999999999999997,
        "std": 0.05236775984771685,
        "max": 0.5
      },
      "best_test_accuracy": {
        "mean": 0.42105263157894735,
        "std": 0.077173043676922,
        "max": 0.5526315789473685
      },
      "final_val_accuracy": {
        "mean": 0.3611111111111111,
        "std": 0.06573421981221796,
        "max": 0.4444444444444444
      },
      "best_val_accuracy": {
        "mean": 0.4722222222222222,
        "std": 0.08050764858994135,
        "max": 0.5833333333333334
      },
      "experiment_count": 10
    },
    {
      "parameters": {
        "DROPOUT": 0.5,
        "HIDDEN_CHANNELS": 64,
        "MAX_HOPS": 2,
        "NUM_LAYERS": 3,
        "TEMPERATURE": 0.5
      },
      "final_test_accuracy": {
        "mean": 0.3947368421052631,
        "std": 0.12116699403390883,
        "max": 0.5526315789473685
      },
      "best_test_accuracy": {
        "mean": 0.42368421052631583,
        "std": 0.08020921396909562,
        "max": 0.5526315789473685
      },
      "final_val_accuracy": {
        "mean": 0.42777777777777776,
        "std": 0.07777777777777778,
        "max": 0.5277777777777778
      },
      "best_val_accuracy": {
        "mean": 0.4611111111111111,
        "std": 0.07370277311900889,
        "max": 0.5555555555555556
      },
      "experiment_count": 10
    },
    {
      "parameters": {
        "DROPOUT": 0.5,
        "HIDDEN_CHANNELS": 64,
        "MAX_HOPS": 3,
        "NUM_LAYERS": 1,
        "TEMPERATURE": 0.5
      },
      "final_test_accuracy": {
        "mean": 0.3894736842105263,
        "std": 0.08051083442514924,
        "max": 0.5
      },
      "best_test_accuracy": {
        "mean": 0.39473684210526316,
        "std": 0.05644108049875583,
        "max": 0.47368421052631576
      },
      "final_val_accuracy": {
        "mean": 0.38611111111111107,
        "std": 0.07802539947326745,
        "max": 0.5277777777777778
      },
      "best_val_accuracy": {
        "mean": 0.4722222222222222,
        "std": 0.05957669608202005,
        "max": 0.5555555555555556
      },
      "experiment_count": 10
    },
    {
      "parameters": {
        "DROPOUT": 0.5,
        "HIDDEN_CHANNELS": 64,