{
  "experiment_info": {
    "timestamp": "2025-07-05 12:15:07",
    "dataset": "Texas",
    "model": "GraphSAGE"
  },
  "total_experiments": 60,
  "final_results": {
    "train": {
      "mean": 1.0,
      "std": 0.0
    },
    "val": {
      "mean": 0.7953703703703704,
      "std": 0.07135639602567026
    },
    "test": {
      "mean": 0.7973684210526317,
      "std": 0.06139724278806005
    }
  },
  "best_results": {
    "val": {
      "mean": 0.8407407407407407,
      "std": 0.060405579371481805
    },
    "test": {
      "mean": 0.7728070175438596,
      "std": 0.05804737984759895
    }
  },
  "early_stopping": {
    "early_stopped_experiments": 60,
    "early_stopping_rate": 1.0,
    "average_stopping_epoch": 74.6,
    "stopping_epoch_std": 23.73548679368791,
    "stopping_epoch_range": [
      51,
      167
    ]
  },
  "feature_modification": {
    "modifications_applied": 1,
    "modification_types": [
      "missingness"
    ]
  }
}