{
  "experiment_info": {
    "timestamp": "2025-07-05 12:29:27",
    "dataset": "Wisconsin",
    "model": "RobustH2GCN"
  },
  "total_combinations": 6,
  "total_experiments": 60,
  "best_combination_by_val": {
    "parameters": {
      "DROPOUT": 0.5,
      "HIDDEN_CHANNELS": 64,
      "MAX_HOPS": 2,
      "NUM_LAYERS": 1,
      "TEMPERATURE": 2.0
    },
    "final_test_accuracy": {
      "mean": 0.607843137254902,
      "std": 0.058823529411764684,
      "max": 0.6666666666666666
    },
    "best_test_accuracy": {
      "mean": 0.5980392156862745,
      "std": 0.05766839674452056,
      "max": 0.7058823529411765
    },
    "final_val_accuracy": {
      "mean": 0.62,
      "std": 0.038987177379235856,
      "max": 0.68
    },
    "best_val_accuracy": {
      "mean": 0.6739999999999999,
      "std": 0.03799999999999999,
      "max": 0.74
    },
    "experiment_count": 10
  },
  "best_combination_by_test": {
    "parameters": {
      "DROPOUT": 0.5,
      "HIDDEN_CHANNELS": 64,
      "MAX_HOPS": 3,
      "NUM_LAYERS": 1,
      "TEMPERATURE": 2.0
    },
    "final_test_accuracy": {
      "mean": 0.627450980392157,
      "std": 0.04471276176859364,
      "max": 0.6862745098039216
    },
    "best_test_accuracy": {
      "mean": 0.603921568627451,
      "std": 0.05391265523477458,
      "max": 0.7254901960784313
    },
    "final_val_accuracy": {
      "mean": 0.608,
      "std": 0.08207313811473277,
      "max": 0.76
    },
    "best_val_accuracy": {
      "mean": 0.672,
      "std": 0.06523802572120035,
      "max": 0.78
    },
    "experiment_count": 10
  },
  "top_10_combinations": [
    {
      "parameters": {
        "DROPOUT": 0.5,
        "HIDDEN_CHANNELS": 64,
        "MAX_HOPS": 3,
        "NUM_LAYERS": 1,
        "TEMPERATURE": 2.0
      },
      "final_test_accuracy": {
        "mean": 0.627450980392157,
        "std": 0.04471276176859364,
        "max": 0.6862745098039216
      },
      "best_test_accuracy": {
        "mean": 0.603921568627451,
        "std": 0.05391265523477458,
        "max": 0.7254901960784313
      },
      "final_val_accuracy": {
        "mean": 0.608,
        "std": 0.08207313811473277,
        "max": 0.76
      },
      "best_val_accuracy": {
        "mean": 0.672,
        "std": 0.06523802572120035,
        "max": 0.78
      },
      "experiment_count": 10
    },
    {
      "parameters": {
        "DROPOUT": 0.5,
        "HIDDEN_CHANNELS": 64,
        "MAX_HOPS": 2,
        "NUM_LAYERS": 1,
        "TEMPERATURE": 2.0
      },
      "final_test_accuracy": {
        "mean": 0.607843137254902,
        "std": 0.058823529411764684,
        "max": 0.6666666666666666
      },
      "best_test_accuracy": {
        "mean": 0.5980392156862745,
        "std": 0.05766839674452056,
        "max": 0.7058823529411765
      },
      "final_val_accuracy": {
        "mean": 0.62,
        "std": 0.038987177379235856,
        "max": 0.68
      },
      "best_val_accuracy": {
        "mean": 0.6739999999999999,
        "std": 0.03799999999999999,
        "max": 0.74
      },
      "experiment_count": 10
    },
    {
      "parameters": {
        "DROPOUT": 0.5,
        "HIDDEN_CHANNELS": 64,
        "MAX_HOPS": 4,
        "NUM_LAYERS": 1,
        "TEMPERATURE": 2.0
      },
      "final_test_accuracy": {
        "mean": 0.5999999999999999,
        "std": 0.02800560168056021,
        "max": 0.6470588235294118
      },
      "best_test_accuracy": {
        "mean": 0.6039215686274509,
        "std": 0.06491351120488961,
        "max": 0.7058823529411765
      },
      "final_val_accuracy": {
        "mean": 0.5960000000000001,
        "std": 0.053516352641038614,
        "max": 0.68
      },
      "best_val_accuracy": {
        "mean": 0.6280000000000001,
        "std": 0.046647615158762396,
        "max": 0.7
      },
      "experiment_count": 10
    },
    {
      "parameters": {
        "DROPOUT": 0.5,
        "HIDDEN_CHANNELS": 64,
        "MAX_HOPS": 3,
        "NUM_LAYERS": 1,
        "TEMPERATURE": 0.5
      },
      "final_test_accuracy": {
        "mean": 0.5901960784313725,
        "std": 0.05220990963017392,
        "max": 0.6470588235294118
      },
      "best_test_accuracy": {
        "mean": 0.5862745098039215,
        "std": 0.046772001732849254,
        "max": 0.6666666666666666
      },
      "final_val_accuracy": {
        "mean": 0.5700000000000001,
        "std": 0.060166435825965286,
        "max": 0.68
      },
      "best_val_accuracy": {
        "mean": 0.636,
        "std": 0.05782732917920385,
        "max": 0.76
      },
      "experiment_count": 10
    },
    {
      "parameters": {
        "DROPOUT": 0.5,
        "HIDDEN_CHANNELS": 64,
        "MAX_HOPS": 2,
        "NUM_LAYERS": 1,
        "TEMPERATURE": 0.5
      },
      "final_test_accuracy": {
        "mean": 0.5705882352941176,
        "std": 0.05366247915060396,
        "max": 0.6666666666666666
      },
      "best_test_accuracy": {
        "mean": 0.5862745098039215,
        "std": 0.07094138241225702,
        "max": 0.6666666666666666
      },
      "final_val_accuracy": {
        "mean": 0.5660000000000001,
        "std": 0.042941821107167766,
        "max": 0.62
      },
      "best_val_accuracy": {
        "mean": 0.6380000000000001,
        "std": 0.06838128398911504,
        "max": 0.76
      },
      "experiment_count": 10
    },
    {
      "parameters": {
        "DROPOUT": 0.5,
        "HIDDEN_CHANNELS": 64,
        "MAX_HOPS": 4,
        "NUM_LAYERS": 1,
        "TEMPERATURE": 0.5
      },
      "final_test_accuracy": {
        "mean": 0.5647058823529412,
        "std": 0.09436242678836052,
        "max": 0.803921568627451
      },
      "best_test_accuracy": {
        "mean": 0.5509803921568628,
        "std": 0.04509803921568628,
        "max": 0.6666666666666666
      },
      "final_val_accuracy": {
        "mean": 0.5740000000000001,
        "std": 0.06135144660071186,
        "max": 0.66
      },
      "best_val_accuracy": {
        "mean": 0.6399999999999999,
        "std": 0.048989794855663564,
        "max": 0.74
      },
      "experiment_count": 10
    }
  ],
  "all_combinations": [
    {
      "parameters": {
        "DROPOUT": 0.5,
        "HIDDEN_CHANNELS": 64,
        "MAX_HOPS": 3,
        "NUM_LAYERS": 1,
        "TEMPERATURE": 2.0
      },
      "final_test_accuracy": {
        "mean": 0.627450980392157,
        "std": 0.04471276176859364,
        "max": 0.6862745098039216
      },
      "best_test_accuracy": {
        "mean": 0.603921568627451,
        "std": 0.05391265523477458,
        "max": 0.7254901960784313
      },
      "final_val_accuracy": {
        "mean": 0.608,
        "std": 0.08207313811473277,
        "max": 0.76
      },
      "best_val_accuracy": {
        "mean": 0.672,
        "std": 0.06523802572120035,
        "max": 0.78
      },
      "experiment_count": 10
    },
    {
      "parameters": {
        "DROPOUT": 0.5,
        "HIDDEN_CHANNELS": 64,
        "MAX_HOPS": 2,
        "NUM_LAYERS": 1,
        "TEMPERATURE": 2.0
      },
      "final_test_accuracy": {
        "mean": 0.607843137254902,
        "std": 0.058823529411764684,
        "max": 0.6666666666666666
      },
      "best_test_accuracy": {
        "mean": 0.5980392156862745,
        "std": 0.05766839674452056,
        "max": 0.7058823529411765
      },
      "final_val_accuracy": {
        "mean": 0.62,
        "std": 0.038987177379235856,
        "max": 0.68
      },
      "best_val_accuracy": {
        "mean": 0.6739999999999999,
        "std": 0.03799999999999999,
        "max": 0.74
      },
      "experiment_count": 10
    },
    {
      "parameters": {
        "DROPOUT": 0.5,
        "HIDDEN_CHANNELS": 64,
        "MAX_HOPS": 4,
        "NUM_LAYERS": 1,
        "TEMPERATURE": 2.0
      },
      "final_test_accuracy": {
        "mean": 0.5999999999999999,
        "std": 0.02800560168056021,
        "max": 0.6470588235294118
      },
      "best_test_accuracy": {
        "mean": 0.6039215686274509,