{
  "experiment_info": {
    "timestamp": "2025-07-05 12:29:27",
    "dataset": "Wisconsin",
    "model": "RobustH2GCN"
  },
  "gate_statistics": {
    "gate_mean": {
      "mean": 0.01502610850535954,
      "std": 0.017323898778893218
    },
    "gate_std": {
      "mean": 0.03781552964646835,
      "std": 0.04480811277779986
    },
    "gate_min": {
      "mean": 1.4101019928782788e-06,
      "std": 7.048759514023032e-06
    },
    "gate_max": {
      "mean": 0.24621290913783014,
      "std": 0.28002094275089945
    },
    "gate_range": [
      1.765836632574058e-26,
      0.9527012705802917
    ],
    "experiment_count": 60
  },
  "best_parameter_gate_stats": {
    "gate_mean": {
      "mean": 0.01901613564696163,
      "std": 0.018590255375265614
    },
    "gate_std": {
      "mean": 0.04130412328522652,
      "std": 0.047645342745748526
    },
    "gate_min": {
      "mean": 3.1443773265999272e-06,
      "std": 9.373685480932494e-06
    },
    "gate_max": {
      "mean": 0.22614299617707728,
      "std": 0.25544818168335715
    },
    "gate_range": [
      1.7226769138439523e-17,
      0.7754466533660889
    ],
    "experiment_count": 10,
    "best_parameters": {
      "DROPOUT": 0.5,
      "HIDDEN_CHANNELS": 64,
      "MAX_HOPS": 2,
      "NUM_LAYERS": 1,
      "TEMPERATURE": 2.0
    }
  }
}