{
  "experiment_info": {
    "timestamp": "2025-07-05 12:15:22",
    "dataset": "Texas",
    "model": "GraphSAGE"
  },
  "total_combinations": 6,
  "total_experiments": 60,
  "best_combination_by_val": {
    "parameters": {
      "DROPOUT": 0.5,
      "HIDDEN_CHANNELS": 64,
      "MAX_HOPS": 2,
      "NUM_LAYERS": 2,
      "TEMPERATURE": 0.5
    },
    "final_test_accuracy": {
      "mean": 0.8394736842105264,
      "std": 0.06494190883817402,
      "max": 0.9473684210526315
    },
    "best_test_accuracy": {
      "mean": 0.8473684210526315,
      "std": 0.0620517164344821,
      "max": 0.9736842105263158
    },
    "final_val_accuracy": {
      "mean": 0.8472222222222223,
      "std": 0.04166666666666666,
      "max": 0.9444444444444444
    },
    "best_val_accuracy": {
      "mean": 0.8833333333333334,
      "std": 0.042673031932603356,
      "max": 0.9722222222222222
    },
    "experiment_count": 10
  },
  "best_combination_by_test": {
    "parameters": {
      "DROPOUT": 0.5,
      "HIDDEN_CHANNELS": 64,
      "MAX_HOPS": 3,
      "NUM_LAYERS": 2,
      "TEMPERATURE": 0.5
    },
    "final_test_accuracy": {
      "mean": 0.8631578947368421,
      "std": 0.05860804592452656,
      "max": 0.9736842105263158
    },
    "best_test_accuracy": {
      "mean": 0.8473684210526315,
      "std": 0.05102820902543503,
      "max": 0.9473684210526315
    },
    "final_val_accuracy": {
      "mean": 0.8083333333333333,
      "std": 0.054786341453655615,
      "max": 0.9166666666666666
    },
    "best_val_accuracy": {
      "mean": 0.8638888888888889,
      "std": 0.05335936864527372,
      "max": 0.9722222222222222
    },
    "experiment_count": 10
  },
  "top_10_combinations": [
    {
      "parameters": {
        "DROPOUT": 0.5,
        "HIDDEN_CHANNELS": 64,
        "MAX_HOPS": 3,
        "NUM_LAYERS": 2,
        "TEMPERATURE": 0.5
      },
      "final_test_accuracy": {
        "mean": 0.8631578947368421,
        "std": 0.05860804592452656,
        "max": 0.9736842105263158
      },
      "best_test_accuracy": {
        "mean": 0.8473684210526315,
        "std": 0.05102820902543503,
        "max": 0.9473684210526315
      },
      "final_val_accuracy": {
        "mean": 0.8083333333333333,
        "std": 0.054786341453655615,
        "max": 0.9166666666666666
      },
      "best_val_accuracy": {
        "mean": 0.8638888888888889,
        "std": 0.05335936864527372,
        "max": 0.9722222222222222
      },
      "experiment_count": 10
    },
    {
      "parameters": {
        "DROPOUT": 0.5,
        "HIDDEN_CHANNELS": 64,
        "MAX_HOPS": 3,
        "NUM_LAYERS": 1,
        "TEMPERATURE": 0.5
      },
      "final_test_accuracy": {
        "mean": 0.8421052631578947,
        "std": 0.06446025638903098,
        "max": 0.9473684210526315
      },
      "best_test_accuracy": {
        "mean": 0.8131578947368421,
        "std": 0.07105263157894737,
        "max": 0.9473684210526315
      },
      "final_val_accuracy": {
        "mean": 0.8416666666666666,
        "std": 0.07032771611762312,
        "max": 0.9444444444444444
      },
      "best_val_accuracy": {
        "mean": 0.8777777777777777,
        "std": 0.06712803318663649,
        "max": 0.9444444444444444
      },
      "experiment_count": 10
    },
    {
      "parameters": {
        "DROPOUT": 0.5,
        "HIDDEN_CHANNELS": 64,
        "MAX_HOPS": 2,
        "NUM_LAYERS": 2,
        "TEMPERATURE": 0.5
      },
      "final_test_accuracy": {
        "mean": 0.8394736842105264,
        "std": 0.06494190883817402,
        "max": 0.9473684210526315
      },
      "best_test_accuracy": {
        "mean": 0.8473684210526315,
        "std": 0.0620517164344821,
        "max": 0.9736842105263158
      },
      "final_val_accuracy": {
        "mean": 0.8472222222222223,
        "std": 0.04166666666666666,
        "max": 0.9444444444444444
      },
      "best_val_accuracy": {
        "mean": 0.8833333333333334,
        "std": 0.042673031932603356,
        "max": 0.9722222222222222
      },
      "experiment_count": 10
    },
    {
      "parameters": {
        "DROPOUT": 0.5,
        "HIDDEN_CHANNELS": 64,
        "MAX_HOPS": 4,
        "NUM_LAYERS": 2,
        "TEMPERATURE": 0.5
      },
      "final_test_accuracy": {
        "mean": 0.8210526315789475,
        "std": 0.06740130776245105,
        "max": 0.9210526315789473
      },
      "best_test_accuracy": {
        "mean": 0.8131578947368421,
        "std": 0.0739187995009902,
        "max": 0.8947368421052632
      },
      "final_val_accuracy": {
        "mean": 0.8194444444444444,
        "std": 0.06484787516627084,
        "max": 0.8888888888888888
      },
      "best_val_accuracy": {
        "mean": 0.875,
        "std": 0.06944444444444443,
        "max": 0.9444444444444444
      },
      "experiment_count": 10
    },
    {
      "parameters": {
        "DROPOUT": 0.5,
        "HIDDEN_CHANNELS": 64,
        "MAX_HOPS": 4,
        "NUM_LAYERS": 1,
        "TEMPERATURE": 0.5
      },
      "final_test_accuracy": {
        "mean": 0.8157894736842104,
        "std": 0.04707511531578503,
        "max": 0.8947368421052632
      },
      "best_test_accuracy": {
        "mean": 0.7842105263157895,
        "std": 0.0437190729627267,
        "max": 0.8421052631578947
      },
      "final_val_accuracy": {
        "mean": 0.8111111111111112,
        "std": 0.055277079839256685,
        "max": 0.8611111111111112
      },
      "best_val_accuracy": {
        "mean": 0.8666666666666666,
        "std": 0.06666666666666665,
        "max": 0.9722222222222222
      },
      "experiment_count": 10
    },
    {
      "parameters": {
        "DROPOUT": 0.5,
        "HIDDEN_CHANNELS": 64,
        "MAX_HOPS": 2,
        "NUM_LAYERS": 1,
        "TEMPERATURE": 0.5
      },
      "final_test_accuracy": {
        "mean": 0.8052631578947368,
        "std": 0.04588314677411236,
        "max": 0.8947368421052632
      },
      "best_test_accuracy": {
        "mean": 0.7973684210526316,
        "std": 0.06343142522733658,
        "max": 0.8947368421052632
      },
      "final_val_accuracy": {
        "mean": 0.8194444444444444,
        "std": 0.04166666666666667,
        "max": 0.8888888888888888
      },
      "best_val_accuracy": {
        "mean": 0.8527777777777779,
        "std": 0.03524604872347086,
        "max": 0.9166666666666666
      },
      "experiment_count": 10
    }
  ],
  "all_combinations": [
    {
      "parameters": {
        "DROPOUT": 0.5,
        "HIDDEN_CHANNELS": 64,
        "MAX_HOPS": 3,
        "NUM_LAYERS": 2,
        "TEMPERATURE": 0.5
      },
      "final_test_accuracy": {
        "mean": 0.8631578947368421,
        "std": 0.05860804592452656,
        "max": 0.9736842105263158
      },
      "best_test_accuracy": {
        "mean": 0.8473684210526315,
        "std": 0.05102820902543503,
        "max": 0.9473684210526315
      },
      "final_val_accuracy": {
        "mean": 0.8083333333333333,
        "std": 0.054786341453655615,
        "max": 0.9166666666666666
      },
      "best_val_accuracy": {
        "mean": 0.8638888888888889,
        "std": 0.05335936864527372,
        "max": 0.9722222222222222
      },
      "experiment_count": 10
    },
    {
      "parameters": {
        "DROPOUT": 0.5,
        "HIDDEN_CHANNELS": 64,
        "MAX_HOPS": 3,
        "NUM_LAYERS": 1,
        "TEMPERATURE": 0.5
      },
      "final_test_accuracy": {
        "mean": 0.8421052631578947,
        "std": 0.06446025638903098,
        "max": 0.9473684210526315
      },
      "best_test_accuracy": {
        "mean": 0.8131578947368421,
        "std": 0.07105263157894737,
        "max": 0.9473684210526315
      },
      "final_val_accuracy": {
        "mean": 0.8416666666666666,
        "std": 0.07032771611762312,
        "max": 0.9444444444444444
      },
      "best_val_accuracy": {
        "mean": 0.8777777777777777,
        "std": 0.06712803318663649,
        "max": 0.9444444444444444
      },