{
  "experiment_info": {
    "timestamp": "2025-07-07 03:01:15",
    "dataset": "Cora",
    "model": "H2GCN"
  },
  "total_experiments": 60,
  "final_results": {
    "train": {
      "mean": 1.0,
      "std": 0.0
    },
    "val": {
      "mean": 0.7983672211953174,
      "std": 0.02499663528383156
    },
    "test": {
      "mean": 0.797206875383671,
      "std": 0.022846716442177742
    }
  },
  "best_results": {
    "val": {
      "mean": 0.8096734442390635,
      "std": 0.02697897115106037
    },
    "test": {
      "mean": 0.7984039287906691,
      "std": 0.025332531363907902
    }
  },
  "early_stopping": {
    "early_stopped_experiments": 60,
    "early_stopping_rate": 1.0,
    "average_stopping_epoch": 171.46666666666667,
    "stopping_epoch_std": 85.96946486333907,
    "stopping_epoch_range": [
      87,
      432
    ]
  },
  "feature_modification": {
    "modifications_applied": 1,
    "modification_types": [
      "noise"
    ]
  }
}