{
  "experiment_info": {
    "timestamp": "2025-07-05 12:07:37",
    "dataset": "Cornell",
    "model": "GraphSAGE"
  },
  "total_experiments": 60,
  "final_results": {
    "train": {
      "mean": 1.0,
      "std": 0.0
    },
    "val": {
      "mean": 0.7138888888888889,
      "std": 0.07612327558913734
    },
    "test": {
      "mean": 0.6991228070175438,
      "std": 0.07417858381022857
    }
  },
  "best_results": {
    "val": {
      "mean": 0.7449074074074075,
      "std": 0.07287660569115767
    },
    "test": {
      "mean": 0.6776315789473684,
      "std": 0.07421876898357146
    }
  },
  "early_stopping": {
    "early_stopped_experiments": 60,
    "early_stopping_rate": 1.0,
    "average_stopping_epoch": 77.78333333333333,
    "stopping_epoch_std": 26.37744722717159,
    "stopping_epoch_range": [
      51,
      167
    ]
  },
  "feature_modification": {
    "modifications_applied": 1,
    "modification_types": [
      "missingness"
    ]
  }
}