{
  "experiment_info": {
    "timestamp": "2025-07-05 15:24:18",
    "dataset": "Chameleon",
    "model": "GraphSAGE"
  },
  "total_combinations": 6,
  "total_experiments": 60,
  "best_combination_by_val": {
    "parameters": {
      "DROPOUT": 0.5,
      "HIDDEN_CHANNELS": 64,
      "MAX_HOPS": 3,
      "NUM_LAYERS": 1,
      "TEMPERATURE": 0.5
    },
    "final_test_accuracy": {
      "mean": 0.6017543859649124,
      "std": 0.023906526447213406,
      "max": 0.6513157894736842
    },
    "best_test_accuracy": {
      "mean": 0.6164473684210525,
      "std": 0.018228156712558195,
      "max": 0.6447368421052632
    },
    "final_val_accuracy": {
      "mean": 0.6103296703296703,
      "std": 0.014380077189411498,
      "max": 0.6373626373626373
    },
    "best_val_accuracy": {
      "mean": 0.6408791208791208,
      "std": 0.016972953473677194,
      "max": 0.6703296703296703
    },
    "experiment_count": 10
  },
  "best_combination_by_test": {
    "parameters": {
      "DROPOUT": 0.5,
      "HIDDEN_CHANNELS": 64,
      "MAX_HOPS": 3,
      "NUM_LAYERS": 2,
      "TEMPERATURE": 0.5
    },
    "final_test_accuracy": {
      "mean": 0.6105263157894736,
      "std": 0.015419645466006094,
      "max": 0.631578947368421
    },
    "best_test_accuracy": {
      "mean": 0.6173245614035088,
      "std": 0.02366491254082274,
      "max": 0.6578947368421053
    },
    "final_val_accuracy": {
      "mean": 0.5916483516483517,
      "std": 0.022083264504756877,
      "max": 0.621978021978022
    },
    "best_val_accuracy": {
      "mean": 0.6248351648351648,
      "std": 0.017720610765099985,
      "max": 0.6593406593406593
    },
    "experiment_count": 10
  },
  "top_10_combinations": [
    {
      "parameters": {
        "DROPOUT": 0.5,
        "HIDDEN_CHANNELS": 64,
        "MAX_HOPS": 3,
        "NUM_LAYERS": 2,
        "TEMPERATURE": 0.5
      },
      "final_test_accuracy": {
        "mean": 0.6105263157894736,
        "std": 0.015419645466006094,
        "max": 0.631578947368421
      },
      "best_test_accuracy": {
        "mean": 0.6173245614035088,
        "std": 0.02366491254082274,
        "max": 0.6578947368421053
      },
      "final_val_accuracy": {
        "mean": 0.5916483516483517,
        "std": 0.022083264504756877,
        "max": 0.621978021978022
      },
      "best_val_accuracy": {
        "mean": 0.6248351648351648,
        "std": 0.017720610765099985,
        "max": 0.6593406593406593
      },
      "experiment_count": 10
    },
    {
      "parameters": {
        "DROPOUT": 0.5,
        "HIDDEN_CHANNELS": 64,
        "MAX_HOPS": 3,
        "NUM_LAYERS": 1,
        "TEMPERATURE": 0.5
      },
      "final_test_accuracy": {
        "mean": 0.6017543859649124,
        "std": 0.023906526447213406,
        "max": 0.6513157894736842
      },
      "best_test_accuracy": {
        "mean": 0.6164473684210525,
        "std": 0.018228156712558195,
        "max": 0.6447368421052632
      },
      "final_val_accuracy": {
        "mean": 0.6103296703296703,
        "std": 0.014380077189411498,
        "max": 0.6373626373626373
      },
      "best_val_accuracy": {
        "mean": 0.6408791208791208,
        "std": 0.016972953473677194,
        "max": 0.6703296703296703
      },
      "experiment_count": 10
    },
    {
      "parameters": {
        "DROPOUT": 0.5,
        "HIDDEN_CHANNELS": 64,
        "MAX_HOPS": 2,
        "NUM_LAYERS": 2,
        "TEMPERATURE": 0.5
      },
      "final_test_accuracy": {
        "mean": 0.5934210526315791,
        "std": 0.017245266009945175,
        "max": 0.618421052631579
      },
      "best_test_accuracy": {
        "mean": 0.6074561403508772,
        "std": 0.026407005655246268,
        "max": 0.6469298245614035
      },
      "final_val_accuracy": {
        "mean": 0.5975824175824176,
        "std": 0.01789421342359108,
        "max": 0.6307692307692307
      },
      "best_val_accuracy": {
        "mean": 0.630989010989011,
        "std": 0.018241758241758253,
        "max": 0.6637362637362637
      },
      "experiment_count": 10
    },
    {
      "parameters": {
        "DROPOUT": 0.5,
        "HIDDEN_CHANNELS": 64,
        "MAX_HOPS": 4,
        "NUM_LAYERS": 1,
        "TEMPERATURE": 0.5
      },
      "final_test_accuracy": {
        "mean": 0.593421052631579,
        "std": 0.02260368197671074,
        "max": 0.6293859649122807
      },
      "best_test_accuracy": {
        "mean": 0.6050438596491229,
        "std": 0.024310474153864607,
        "max": 0.6403508771929824
      },
      "final_val_accuracy": {
        "mean": 0.5879120879120878,
        "std": 0.02453775041660887,
        "max": 0.6131868131868132
      },
      "best_val_accuracy": {
        "mean": 0.6156043956043955,
        "std": 0.0195208885237685,
        "max": 0.6483516483516484
      },
      "experiment_count": 10
    },
    {
      "parameters": {
        "DROPOUT": 0.5,
        "HIDDEN_CHANNELS": 64,
        "MAX_HOPS": 4,
        "NUM_LAYERS": 2,
        "TEMPERATURE": 0.5
      },
      "final_test_accuracy": {
        "mean": 0.5907894736842106,
        "std": 0.022282255782246553,
        "max": 0.6118421052631579
      },
      "best_test_accuracy": {
        "mean": 0.6133771929824562,
        "std": 0.026188471251099844,
        "max": 0.6513157894736842
      },
      "final_val_accuracy": {
        "mean": 0.6028571428571429,
        "std": 0.007927335734888557,
        "max": 0.6175824175824176
      },
      "best_val_accuracy": {
        "mean": 0.6265934065934065,
        "std": 0.008705627393555293,
        "max": 0.6395604395604395
      },
      "experiment_count": 10
    },
    {
      "parameters": {
        "DROPOUT": 0.5,
        "HIDDEN_CHANNELS": 64,
        "MAX_HOPS": 2,
        "NUM_LAYERS": 1,
        "TEMPERATURE": 0.5
      },
      "final_test_accuracy": {
        "mean": 0.5905701754385965,
        "std": 0.02335397616089931,
        "max": 0.6447368421052632
      },
      "best_test_accuracy": {
        "mean": 0.6083333333333333,
        "std": 0.020412414523193156,
        "max": 0.6359649122807017
      },
      "final_val_accuracy": {
        "mean": 0.6024175824175824,
        "std": 0.017567301194191257,
        "max": 0.6373626373626373
      },
      "best_val_accuracy": {
        "mean": 0.6290109890109891,
        "std": 0.016587219572846784,
        "max": 0.6725274725274726
      },
      "experiment_count": 10
    }
  ],
  "all_combinations": [
    {
      "parameters": {
        "DROPOUT": 0.5,
        "HIDDEN_CHANNELS": 64,
        "MAX_HOPS": 3,
        "NUM_LAYERS": 2,
        "TEMPERATURE": 0.5
      },
      "final_test_accuracy": {
        "mean": 0.6105263157894736,
        "std": 0.015419645466006094,
        "max": 0.631578947368421
      },
      "best_test_accuracy": {
        "mean": 0.6173245614035088,
        "std": 0.02366491254082274,
        "max": 0.6578947368421053
      },
      "final_val_accuracy": {
        "mean": 0.5916483516483517,
        "std": 0.022083264504756877,
        "max": 0.621978021978022
      },
      "best_val_accuracy": {
        "mean": 0.6248351648351648,
        "std": 0.017720610765099985,
        "max": 0.6593406593406593
      },
      "experiment_count": 10
    },
    {
      "parameters": {
        "DROPOUT": 0.5,
        "HIDDEN_CHANNELS": 64,
        "MAX_HOPS": 3,
        "NUM_LAYERS": 1,
        "TEMPERATURE": 0.5
      },
      "final_test_accuracy": {
        "mean": 0.6017543859649124,
        "std": 0.023906526447213406,
        "max": 0.6513157894736842
      },
      "best_test_accuracy": {
        "mean": 0.6164473684210525,
        "std": 0.018228156712558195,
        "max": 0.6447368421052632
      },
      "final_val_accuracy": {
        "mean": 0.6103296703296703,
        "std": 0.014380077189411498,
        "max": 0.6373626373626373
      },
      "best_val_accuracy": {
        "mean": 0.6408791208791208,
        "std": 0.016972953473677194,
        "max": 0.6703296703296703
      },