{
  "experiment_info": {
    "timestamp": "2025-07-05 12:05:47",
    "dataset": "Cornell",
    "model": "GCN"
  },
  "total_experiments": 60,
  "final_results": {
    "train": {
      "mean": 0.4512232415902141,
      "std": 0.027902161453402765
    },
    "val": {
      "mean": 0.4421296296296296,
      "std": 0.06847314563772704
    },
    "test": {
      "mean": 0.44473684210526315,
      "std": 0.06221889693440468
    }
  },
  "best_results": {
    "val": {
      "mean": 0.4421296296296296,
      "std": 0.06847314563772704
    },
    "test": {
      "mean": 0.44473684210526315,
      "std": 0.06221889693440468
    }
  },
  "early_stopping": {
    "early_stopped_experiments": 60,
    "early_stopping_rate": 1.0,
    "average_stopping_epoch": 50.2,
    "stopping_epoch_std": 0.39999999999999997,
    "stopping_epoch_range": [
      50,
      51
    ]
  },
  "feature_modification": {
    "modifications_applied": 1,
    "modification_types": [
      "missingness"
    ]
  }
}