{
  "experiment_info": {
    "timestamp": "2025-07-05 11:32:35",
    "dataset": "Cora",
    "model": "RGCN"
  },
  "total_combinations": 6,
  "total_experiments": 60,
  "best_combination_by_val": {
    "parameters": {
      "DROPOUT": 0.5,
      "HIDDEN_CHANNELS": 64,
      "MAX_HOPS": 2,
      "NUM_LAYERS": 2,
      "TEMPERATURE": 0.5
    },
    "final_test_accuracy": {
      "mean": 0.7447513812154696,
      "std": 0.02012681560561953,
      "max": 0.7734806629834254
    },
    "best_test_accuracy": {
      "mean": 0.7900552486187845,
      "std": 0.013508007971191331,
      "max": 0.8176795580110497
    },
    "final_val_accuracy": {
      "mean": 0.7480591497227357,
      "std": 0.01605155847716412,
      "max": 0.767097966728281
    },
    "best_val_accuracy": {
      "mean": 0.799815157116451,
      "std": 0.01081133369012182,
      "max": 0.8151571164510166
    },
    "experiment_count": 10
  },
  "best_combination_by_test": {
    "parameters": {
      "DROPOUT": 0.5,
      "HIDDEN_CHANNELS": 64,
      "MAX_HOPS": 3,
      "NUM_LAYERS": 2,
      "TEMPERATURE": 0.5
    },
    "final_test_accuracy": {
      "mean": 0.7511970534069982,
      "std": 0.018589424784254138,
      "max": 0.7808471454880295
    },
    "best_test_accuracy": {
      "mean": 0.7911602209944751,
      "std": 0.01898209757160238,
      "max": 0.8324125230202578
    },
    "final_val_accuracy": {
      "mean": 0.7425138632162662,
      "std": 0.015707295255206578,
      "max": 0.7726432532347505
    },
    "best_val_accuracy": {
      "mean": 0.7868761552680221,
      "std": 0.011894750863730996,
      "max": 0.8059149722735675
    },
    "experiment_count": 10
  },
  "top_10_combinations": [
    {
      "parameters": {
        "DROPOUT": 0.5,
        "HIDDEN_CHANNELS": 64,
        "MAX_HOPS": 3,
        "NUM_LAYERS": 2,
        "TEMPERATURE": 0.5
      },
      "final_test_accuracy": {
        "mean": 0.7511970534069982,
        "std": 0.018589424784254138,
        "max": 0.7808471454880295
      },
      "best_test_accuracy": {
        "mean": 0.7911602209944751,
        "std": 0.01898209757160238,
        "max": 0.8324125230202578
      },
      "final_val_accuracy": {
        "mean": 0.7425138632162662,
        "std": 0.015707295255206578,
        "max": 0.7726432532347505
      },
      "best_val_accuracy": {
        "mean": 0.7868761552680221,
        "std": 0.011894750863730996,
        "max": 0.8059149722735675
      },
      "experiment_count": 10
    },
    {
      "parameters": {
        "DROPOUT": 0.5,
        "HIDDEN_CHANNELS": 64,
        "MAX_HOPS": 4,
        "NUM_LAYERS": 2,
        "TEMPERATURE": 0.5
      },
      "final_test_accuracy": {
        "mean": 0.7480662983425415,
        "std": 0.013874628509640769,
        "max": 0.7753222836095764
      },
      "best_test_accuracy": {
        "mean": 0.7930018416206261,
        "std": 0.009178589903776868,
        "max": 0.8047882136279927
      },
      "final_val_accuracy": {
        "mean": 0.7469500924214417,
        "std": 0.018547949522988792,
        "max": 0.7800369685767098
      },
      "best_val_accuracy": {
        "mean": 0.7935304990757855,
        "std": 0.010523064937146238,
        "max": 0.8133086876155268
      },
      "experiment_count": 10
    },
    {
      "parameters": {
        "DROPOUT": 0.5,
        "HIDDEN_CHANNELS": 64,
        "MAX_HOPS": 2,
        "NUM_LAYERS": 2,
        "TEMPERATURE": 0.5
      },
      "final_test_accuracy": {
        "mean": 0.7447513812154696,
        "std": 0.02012681560561953,
        "max": 0.7734806629834254
      },
      "best_test_accuracy": {
        "mean": 0.7900552486187845,
        "std": 0.013508007971191331,
        "max": 0.8176795580110497
      },
      "final_val_accuracy": {
        "mean": 0.7480591497227357,
        "std": 0.01605155847716412,
        "max": 0.767097966728281
      },
      "best_val_accuracy": {
        "mean": 0.799815157116451,
        "std": 0.01081133369012182,
        "max": 0.8151571164510166
      },
      "experiment_count": 10
    },
    {
      "parameters": {
        "DROPOUT": 0.5,
        "HIDDEN_CHANNELS": 64,
        "MAX_HOPS": 3,
        "NUM_LAYERS": 1,
        "TEMPERATURE": 0.5
      },
      "final_test_accuracy": {
        "mean": 0.5084714548802947,
        "std": 0.02054789812614581,
        "max": 0.5414364640883977
      },
      "best_test_accuracy": {
        "mean": 0.5346224677716391,
        "std": 0.017452695783718046,
        "max": 0.5598526703499079
      },
      "final_val_accuracy": {
        "mean": 0.49889094269870615,
        "std": 0.00922178904492897,
        "max": 0.512014787430684
      },
      "best_val_accuracy": {
        "mean": 0.5369685767097966,
        "std": 0.020900327966073134,
        "max": 0.5637707948243993
      },
      "experiment_count": 10
    },
    {
      "parameters": {
        "DROPOUT": 0.5,
        "HIDDEN_CHANNELS": 64,
        "MAX_HOPS": 2,
        "NUM_LAYERS": 1,
        "TEMPERATURE": 0.5
      },
      "final_test_accuracy": {
        "mean": 0.49926335174953956,
        "std": 0.027445090832339317,
        "max": 0.5414364640883977
      },
      "best_test_accuracy": {
        "mean": 0.5259668508287293,
        "std": 0.025037914400526454,
        "max": 0.572744014732965
      },
      "final_val_accuracy": {
        "mean": 0.5036968576709797,
        "std": 0.020900327966073128,
        "max": 0.5360443622920518
      },
      "best_val_accuracy": {
        "mean": 0.5560073937153419,
        "std": 0.01987039504676774,
        "max": 0.5841035120147874
      },
      "experiment_count": 10
    },
    {
      "parameters": {
        "DROPOUT": 0.5,
        "HIDDEN_CHANNELS": 64,
        "MAX_HOPS": 4,
        "NUM_LAYERS": 1,
        "TEMPERATURE": 0.5
      },
      "final_test_accuracy": {
        "mean": 0.49834254143646406,
        "std": 0.01690282711688216,
        "max": 0.5303867403314917
      },
      "best_test_accuracy": {
        "mean": 0.525414364640884,
        "std": 0.02756346891329596,
        "max": 0.5524861878453039
      },
      "final_val_accuracy": {
        "mean": 0.5166358595194085,
        "std": 0.014299959657923422,
        "max": 0.5489833641404805
      },
      "best_val_accuracy": {
        "mean": 0.5523105360443623,
        "std": 0.01820115878017177,
        "max": 0.5841035120147874
      },
      "experiment_count": 10
    }
  ],
  "all_combinations": [
    {
      "parameters": {
        "DROPOUT": 0.5,
        "HIDDEN_CHANNELS": 64,
        "MAX_HOPS": 3,
        "NUM_LAYERS": 2,
        "TEMPERATURE": 0.5
      },
      "final_test_accuracy": {
        "mean": 0.7511970534069982,
        "std": 0.018589424784254138,
        "max": 0.7808471454880295
      },
      "best_test_accuracy": {
        "mean": 0.7911602209944751,
        "std": 0.01898209757160238,
        "max": 0.8324125230202578
      },
      "final_val_accuracy": {
        "mean": 0.7425138632162662,
        "std": 0.015707295255206578,
        "max": 0.7726432532347505
      },
      "best_val_accuracy": {
        "mean": 0.7868761552680221,
        "std": 0.011894750863730996,
        "max": 0.8059149722735675
      },
      "experiment_count": 10
    },
    {
      "parameters": {
        "DROPOUT": 0.5,
        "HIDDEN_CHANNELS": 64,
        "MAX_HOPS": 4,
        "NUM_LAYERS": 2,
        "TEMPERATURE": 0.5
      },
      "final_test_accuracy": {
        "mean": 0.7480662983425415,
        "std": 0.013874628509640769,
        "max": 0.7753222836095764
      },
      "best_test_accuracy": {
        "mean": 0.7930018416206261,
        "std": 0.009178589903776868,
        "max": 0.8047882136279927
      },
      "final_val_accuracy": {
        "mean": 0.7469500924214417,
        "std": 0.018547949522988792,
        "max": 0.7800369685767098
      },
      "best_val_accuracy": {
        "mean": 0.7935304990757855,
        "std": 0.010523064937146238,
        "max": 0.8133086876155268
      },