{
  "experiment_info": {
    "timestamp": "2025-07-05 12:26:35",
    "dataset": "Cornell",
    "model": "RobustH2GCN"
  },
  "total_experiments": 60,
  "final_results": {
    "train": {
      "mean": 1.0,
      "std": 0.0
    },
    "val": {
      "mean": 0.7296296296296296,
      "std": 0.06609840110212871
    },
    "test": {
      "mean": 0.7276315789473685,
      "std": 0.06168325997710812
    }
  },
  "best_results": {
    "val": {
      "mean": 0.7759259259259259,
      "std": 0.06208538746014894
    },
    "test": {
      "mean": 0.6973684210526316,
      "std": 0.07634603151547897
    }
  },
  "early_stopping": {
    "early_stopped_experiments": 60,
    "early_stopping_rate": 1.0,
    "average_stopping_epoch": 70.66666666666667,
    "stopping_epoch_std": 21.995959224871783,
    "stopping_epoch_range": [
      50,
      142
    ]
  },
  "feature_modification": {
    "modifications_applied": 1,
    "modification_types": [
      "missingness"
    ]
  }
}