{
  "experiment_info": {
    "timestamp": "2025-07-05 12:26:35",
    "dataset": "Cornell",
    "model": "RobustH2GCN"
  },
  "total_combinations": 6,
  "total_experiments": 60,
  "best_combination_by_val": {
    "parameters": {
      "DROPOUT": 0.5,
      "HIDDEN_CHANNELS": 64,
      "MAX_HOPS": 3,
      "NUM_LAYERS": 1,
      "TEMPERATURE": 0.5
    },
    "final_test_accuracy": {
      "mean": 0.7368421052631579,
      "std": 0.06337681357259103,
      "max": 0.8157894736842105
    },
    "best_test_accuracy": {
      "mean": 0.7210526315789474,
      "std": 0.06137844099837158,
      "max": 0.8421052631578947
    },
    "final_val_accuracy": {
      "mean": 0.7638888888888888,
      "std": 0.039771725175767665,
      "max": 0.8333333333333334
    },
    "best_val_accuracy": {
      "mean": 0.7916666666666666,
      "std": 0.043479099562495925,
      "max": 0.8611111111111112
    },
    "experiment_count": 10
  },
  "best_combination_by_test": {
    "parameters": {
      "DROPOUT": 0.5,
      "HIDDEN_CHANNELS": 64,
      "MAX_HOPS": 4,
      "NUM_LAYERS": 1,
      "TEMPERATURE": 0.5
    },
    "final_test_accuracy": {
      "mean": 0.7526315789473683,
      "std": 0.07554052681267011,
      "max": 0.8421052631578947
    },
    "best_test_accuracy": {
      "mean": 0.7078947368421054,
      "std": 0.07007119450365444,
      "max": 0.8157894736842105
    },
    "final_val_accuracy": {
      "mean": 0.7361111111111112,
      "std": 0.041666666666666685,
      "max": 0.8055555555555556
    },
    "best_val_accuracy": {
      "mean": 0.7861111111111111,
      "std": 0.048192643258048555,
      "max": 0.8611111111111112
    },
    "experiment_count": 10
  },
  "top_10_combinations": [
    {
      "parameters": {
        "DROPOUT": 0.5,
        "HIDDEN_CHANNELS": 64,
        "MAX_HOPS": 4,
        "NUM_LAYERS": 1,
        "TEMPERATURE": 0.5
      },
      "final_test_accuracy": {
        "mean": 0.7526315789473683,
        "std": 0.07554052681267011,
        "max": 0.8421052631578947
      },
      "best_test_accuracy": {
        "mean": 0.7078947368421054,
        "std": 0.07007119450365444,
        "max": 0.8157894736842105
      },
      "final_val_accuracy": {
        "mean": 0.7361111111111112,
        "std": 0.041666666666666685,
        "max": 0.8055555555555556
      },
      "best_val_accuracy": {
        "mean": 0.7861111111111111,
        "std": 0.048192643258048555,
        "max": 0.8611111111111112
      },
      "experiment_count": 10
    },
    {
      "parameters": {
        "DROPOUT": 0.5,
        "HIDDEN_CHANNELS": 64,
        "MAX_HOPS": 4,
        "NUM_LAYERS": 1,
        "TEMPERATURE": 2.0
      },
      "final_test_accuracy": {
        "mean": 0.7394736842105264,
        "std": 0.036178229170704006,
        "max": 0.8157894736842105
      },
      "best_test_accuracy": {
        "mean": 0.7078947368421054,
        "std": 0.08106800947762821,
        "max": 0.8157894736842105
      },
      "final_val_accuracy": {
        "mean": 0.7,
        "std": 0.07837075544258824,
        "max": 0.8611111111111112
      },
      "best_val_accuracy": {
        "mean": 0.7555555555555555,
        "std": 0.06894263136661588,
        "max": 0.8888888888888888
      },
      "experiment_count": 10
    },
    {
      "parameters": {
        "DROPOUT": 0.5,
        "HIDDEN_CHANNELS": 64,
        "MAX_HOPS": 3,
        "NUM_LAYERS": 1,
        "TEMPERATURE": 0.5
      },
      "final_test_accuracy": {
        "mean": 0.7368421052631579,
        "std": 0.06337681357259103,
        "max": 0.8157894736842105
      },
      "best_test_accuracy": {
        "mean": 0.7210526315789474,
        "std": 0.06137844099837158,
        "max": 0.8421052631578947
      },
      "final_val_accuracy": {
        "mean": 0.7638888888888888,
        "std": 0.039771725175767665,
        "max": 0.8333333333333334
      },
      "best_val_accuracy": {
        "mean": 0.7916666666666666,
        "std": 0.043479099562495925,
        "max": 0.8611111111111112
      },
      "experiment_count": 10
    },
    {
      "parameters": {
        "DROPOUT": 0.5,
        "HIDDEN_CHANNELS": 64,
        "MAX_HOPS": 3,
        "NUM_LAYERS": 1,
        "TEMPERATURE": 2.0
      },
      "final_test_accuracy": {
        "mean": 0.7263157894736842,
        "std": 0.06982367979695579,
        "max": 0.8421052631578947
      },
      "best_test_accuracy": {
        "mean": 0.6868421052631578,
        "std": 0.09807707975570643,
        "max": 0.8421052631578947
      },
      "final_val_accuracy": {
        "mean": 0.7333333333333334,
        "std": 0.0897527467855751,
        "max": 0.8611111111111112
      },
      "best_val_accuracy": {
        "mean": 0.7805555555555557,
        "std": 0.075,
        "max": 0.8888888888888888
      },
      "experiment_count": 10
    },
    {
      "parameters": {
        "DROPOUT": 0.5,
        "HIDDEN_CHANNELS": 64,
        "MAX_HOPS": 2,
        "NUM_LAYERS": 1,
        "TEMPERATURE": 2.0
      },
      "final_test_accuracy": {
        "mean": 0.7210526315789474,
        "std": 0.045883146774112364,
        "max": 0.7894736842105263
      },
      "best_test_accuracy": {
        "mean": 0.6763157894736842,
        "std": 0.07163503994113787,
        "max": 0.7894736842105263
      },
      "final_val_accuracy": {
        "mean": 0.7222222222222222,
        "std": 0.05555555555555558,
        "max": 0.8055555555555556
      },
      "best_val_accuracy": {
        "mean": 0.7555555555555555,
        "std": 0.05800170282728086,
        "max": 0.8333333333333334
      },
      "experiment_count": 10
    },
    {
      "parameters": {
        "DROPOUT": 0.5,
        "HIDDEN_CHANNELS": 64,
        "MAX_HOPS": 2,
        "NUM_LAYERS": 1,
        "TEMPERATURE": 0.5
      },
      "final_test_accuracy": {
        "mean": 0.6894736842105262,
        "std": 0.049652532273982114,
        "max": 0.7631578947368421
      },
      "best_test_accuracy": {
        "mean": 0.6842105263157896,
        "std": 0.05884389414473131,
        "max": 0.7631578947368421
      },
      "final_val_accuracy": {
        "mean": 0.7222222222222221,
        "std": 0.05826715823167509,
        "max": 0.8333333333333334
      },
      "best_val_accuracy": {
        "mean": 0.7861111111111112,
        "std": 0.062175081348887204,
        "max": 0.9166666666666666
      },
      "experiment_count": 10
    }
  ],
  "all_combinations": [
    {
      "parameters": {
        "DROPOUT": 0.5,
        "HIDDEN_CHANNELS": 64,
        "MAX_HOPS": 4,
        "NUM_LAYERS": 1,
        "TEMPERATURE": 0.5
      },
      "final_test_accuracy": {
        "mean": 0.7526315789473683,
        "std": 0.07554052681267011,
        "max": 0.8421052631578947
      },
      "best_test_accuracy": {
        "mean": 0.7078947368421054,
        "std": 0.07007119450365444,
        "max": 0.8157894736842105
      },
      "final_val_accuracy": {
        "mean": 0.7361111111111112,
        "std": 0.041666666666666685,
        "max": 0.8055555555555556
      },
      "best_val_accuracy": {
        "mean": 0.7861111111111111,
        "std": 0.048192643258048555,
        "max": 0.8611111111111112
      },
      "experiment_count": 10
    },
    {
      "parameters": {
        "DROPOUT": 0.5,
        "HIDDEN_CHANNELS": 64,
        "MAX_HOPS": 4,
        "NUM_LAYERS": 1,
        "TEMPERATURE": 2.0
      },
      "final_test_accuracy": {
        "mean": 0.7394736842105264,
        "std": 0.036178229170704006,
        "max": 0.8157894736842105
      },
      "best_test_accuracy": {
        "mean": 0.7078947368421054,
        "std": 0.08106800947762821,
        "max": 0.8157894736842105
      },
      "final_val_accuracy": {
        "mean": 0.7,
        "std": 0.07837075544258824,
        "max": 0.8611111111111112
      },
      "best_val_accuracy": {
        "mean": 0.7555555555555555,
        "std": 0.06894263136661588,
        "max": 0.8888888888888888
      },