{
  "experiment_info": {
    "timestamp": "2025-07-05 12:08:48",
    "dataset": "Cornell",
    "model": "GraphSAGE"
  },
  "total_combinations": 6,
  "total_experiments": 60,
  "best_combination_by_val": {
    "parameters": {
      "DROPOUT": 0.5,
      "HIDDEN_CHANNELS": 64,
      "MAX_HOPS": 3,
      "NUM_LAYERS": 2,
      "TEMPERATURE": 0.5
    },
    "final_test_accuracy": {
      "mean": 0.44210526315789467,
      "std": 0.05619514869490164,
      "max": 0.5263157894736842
    },
    "best_test_accuracy": {
      "mean": 0.44210526315789467,
      "std": 0.05619514869490164,
      "max": 0.5263157894736842
    },
    "final_val_accuracy": {
      "mean": 0.49444444444444446,
      "std": 0.071145824860365,
      "max": 0.6111111111111112
    },
    "best_val_accuracy": {
      "mean": 0.49444444444444446,
      "std": 0.071145824860365,
      "max": 0.6111111111111112
    },
    "experiment_count": 10
  },
  "best_combination_by_test": {
    "parameters": {
      "DROPOUT": 0.5,
      "HIDDEN_CHANNELS": 64,
      "MAX_HOPS": 2,
      "NUM_LAYERS": 2,
      "TEMPERATURE": 0.5
    },
    "final_test_accuracy": {
      "mean": 0.4947368421052632,
      "std": 0.060925457383106466,
      "max": 0.5789473684210527
    },
    "best_test_accuracy": {
      "mean": 0.4947368421052632,
      "std": 0.060925457383106466,
      "max": 0.5789473684210527
    },
    "final_val_accuracy": {
      "mean": 0.4611111111111111,
      "std": 0.06358623967921999,
      "max": 0.5555555555555556
    },
    "best_val_accuracy": {
      "mean": 0.4611111111111111,
      "std": 0.06358623967921999,
      "max": 0.5555555555555556
    },
    "experiment_count": 10
  },
  "top_10_combinations": [
    {
      "parameters": {
        "DROPOUT": 0.5,
        "HIDDEN_CHANNELS": 64,
        "MAX_HOPS": 2,
        "NUM_LAYERS": 2,
        "TEMPERATURE": 0.5
      },
      "final_test_accuracy": {
        "mean": 0.4947368421052632,
        "std": 0.060925457383106466,
        "max": 0.5789473684210527
      },
      "best_test_accuracy": {
        "mean": 0.4947368421052632,
        "std": 0.060925457383106466,
        "max": 0.5789473684210527
      },
      "final_val_accuracy": {
        "mean": 0.4611111111111111,
        "std": 0.06358623967921999,
        "max": 0.5555555555555556
      },
      "best_val_accuracy": {
        "mean": 0.4611111111111111,
        "std": 0.06358623967921999,
        "max": 0.5555555555555556
      },
      "experiment_count": 10
    },
    {
      "parameters": {
        "DROPOUT": 0.5,
        "HIDDEN_CHANNELS": 64,
        "MAX_HOPS": 2,
        "NUM_LAYERS": 1,
        "TEMPERATURE": 0.5
      },
      "final_test_accuracy": {
        "mean": 0.4842105263157895,
        "std": 0.0515682051112248,
        "max": 0.5526315789473685
      },
      "best_test_accuracy": {
        "mean": 0.4842105263157895,
        "std": 0.0515682051112248,
        "max": 0.5526315789473685
      },
      "final_val_accuracy": {
        "mean": 0.45277777777777767,
        "std": 0.07248882417055495,
        "max": 0.5833333333333334
      },
      "best_val_accuracy": {
        "mean": 0.45277777777777767,
        "std": 0.07248882417055495,
        "max": 0.5833333333333334
      },
      "experiment_count": 10
    },
    {
      "parameters": {
        "DROPOUT": 0.5,
        "HIDDEN_CHANNELS": 64,
        "MAX_HOPS": 4,
        "NUM_LAYERS": 1,
        "TEMPERATURE": 0.5
      },
      "final_test_accuracy": {
        "mean": 0.4842105263157895,
        "std": 0.06467476698655006,
        "max": 0.5789473684210527
      },
      "best_test_accuracy": {
        "mean": 0.4842105263157895,
        "std": 0.06467476698655006,
        "max": 0.5789473684210527
      },
      "final_val_accuracy": {
        "mean": 0.4,
        "std": 0.05853140973807078,
        "max": 0.5555555555555556
      },
      "best_val_accuracy": {
        "mean": 0.4,
        "std": 0.05853140973807078,
        "max": 0.5555555555555556
      },
      "experiment_count": 10
    },
    {
      "parameters": {
        "DROPOUT": 0.5,
        "HIDDEN_CHANNELS": 64,
        "MAX_HOPS": 3,
        "NUM_LAYERS": 1,
        "TEMPERATURE": 0.5
      },
      "final_test_accuracy": {
        "mean": 0.45,
        "std": 0.0868421052631579,
        "max": 0.5789473684210527
      },
      "best_test_accuracy": {
        "mean": 0.45,
        "std": 0.0868421052631579,
        "max": 0.5789473684210527
      },
      "final_val_accuracy": {
        "mean": 0.4805555555555556,
        "std": 0.07561476438231224,
        "max": 0.6111111111111112
      },
      "best_val_accuracy": {
        "mean": 0.4805555555555556,
        "std": 0.07561476438231224,
        "max": 0.6111111111111112
      },
      "experiment_count": 10
    },
    {
      "parameters": {
        "DROPOUT": 0.5,
        "HIDDEN_CHANNELS": 64,
        "MAX_HOPS": 3,
        "NUM_LAYERS": 2,
        "TEMPERATURE": 0.5
      },
      "final_test_accuracy": {
        "mean": 0.44210526315789467,
        "std": 0.05619514869490164,
        "max": 0.5263157894736842
      },
      "best_test_accuracy": {
        "mean": 0.44210526315789467,
        "std": 0.05619514869490164,
        "max": 0.5263157894736842
      },
      "final_val_accuracy": {
        "mean": 0.49444444444444446,
        "std": 0.071145824860365,
        "max": 0.6111111111111112
      },
      "best_val_accuracy": {
        "mean": 0.49444444444444446,
        "std": 0.071145824860365,
        "max": 0.6111111111111112
      },
      "experiment_count": 10
    },
    {
      "parameters": {
        "DROPOUT": 0.5,
        "HIDDEN_CHANNELS": 64,
        "MAX_HOPS": 4,
        "NUM_LAYERS": 2,
        "TEMPERATURE": 0.5
      },
      "final_test_accuracy": {
        "mean": 0.43684210526315786,
        "std": 0.06467476698655006,
        "max": 0.5526315789473685
      },
      "best_test_accuracy": {
        "mean": 0.43684210526315786,
        "std": 0.06467476698655006,
        "max": 0.5526315789473685
      },
      "final_val_accuracy": {
        "mean": 0.4305555555555555,
        "std": 0.05007710104811096,
        "max": 0.5277777777777778
      },
      "best_val_accuracy": {
        "mean": 0.4305555555555555,
        "std": 0.05007710104811096,
        "max": 0.5277777777777778
      },
      "experiment_count": 10
    }
  ],
  "all_combinations": [
    {
      "parameters": {
        "DROPOUT": 0.5,
        "HIDDEN_CHANNELS": 64,
        "MAX_HOPS": 2,
        "NUM_LAYERS": 2,
        "TEMPERATURE": 0.5
      },
      "final_test_accuracy": {
        "mean": 0.4947368421052632,
        "std": 0.060925457383106466,
        "max": 0.5789473684210527
      },
      "best_test_accuracy": {
        "mean": 0.4947368421052632,
        "std": 0.060925457383106466,
        "max": 0.5789473684210527
      },
      "final_val_accuracy": {
        "mean": 0.4611111111111111,
        "std": 0.06358623967921999,
        "max": 0.5555555555555556
      },
      "best_val_accuracy": {
        "mean": 0.4611111111111111,
        "std": 0.06358623967921999,
        "max": 0.5555555555555556
      },
      "experiment_count": 10
    },
    {
      "parameters": {
        "DROPOUT": 0.5,
        "HIDDEN_CHANNELS": 64,
        "MAX_HOPS": 2,
        "NUM_LAYERS": 1,
        "TEMPERATURE": 0.5
      },
      "final_test_accuracy": {
        "mean": 0.4842105263157895,
        "std": 0.0515682051112248,
        "max": 0.5526315789473685
      },
      "best_test_accuracy": {
        "mean": 0.4842105263157895,
        "std": 0.0515682051112248,
        "max": 0.5526315789473685
      },
      "final_val_accuracy": {
        "mean": 0.45277777777777767,
        "std": 0.07248882417055495,
        "max": 0.5833333333333334
      },
      "best_val_accuracy": {
        "mean": 0.45277777777777767,
        "std": 0.07248882417055495,
        "max": 0.5833333333333334
      },
      "experiment_count": 10
    },
    {
      "parameters": {
        "DROPOUT": 0.5,