{
  "experiment_info": {
    "timestamp": "2025-07-03 14:51:17",
    "dataset": "Cornell",
    "model": "MLP"
  },
  "total_combinations": 9,
  "total_experiments": 90,
  "best_combination_by_val": {
    "parameters": {
      "DROPOUT": 0.5,
      "HIDDEN_CHANNELS": 64,
      "MAX_HOPS": 3,
      "NUM_LAYERS": 3,
      "TEMPERATURE": 0.5
    },
    "final_test_accuracy": {
      "mean": 0.3789473684210526,
      "std": 0.09860523155365891,
      "max": 0.5263157894736842
    },
    "best_test_accuracy": {
      "mean": 0.4184210526315789,
      "std": 0.06907581446529835,
      "max": 0.5263157894736842
    },
    "final_val_accuracy": {
      "mean": 0.4083333333333333,
      "std": 0.09941961204540713,
      "max": 0.5555555555555556
    },
    "best_val_accuracy": {
      "mean": 0.5111111111111111,
      "std": 0.07876359377087681,
      "max": 0.6388888888888888
    },
    "experiment_count": 10
  },
  "best_combination_by_test": {
    "parameters": {
      "DROPOUT": 0.5,
      "HIDDEN_CHANNELS": 64,
      "MAX_HOPS": 2,
      "NUM_LAYERS": 1,
      "TEMPERATURE": 0.5
    },
    "final_test_accuracy": {
      "mean": 0.4973684210526315,
      "std": 0.04773251880846594,
      "max": 0.5526315789473685
    },
    "best_test_accuracy": {
      "mean": 0.481578947368421,
      "std": 0.05650239619364182,
      "max": 0.5789473684210527
    },
    "final_val_accuracy": {
      "mean": 0.4416666666666666,
      "std": 0.0626695231815471,
      "max": 0.5277777777777778
    },
    "best_val_accuracy": {
      "mean": 0.4805555555555556,
      "std": 0.05833333333333334,
      "max": 0.5833333333333334
    },
    "experiment_count": 10
  },
  "top_10_combinations": [
    {
      "parameters": {
        "DROPOUT": 0.5,
        "HIDDEN_CHANNELS": 64,
        "MAX_HOPS": 2,
        "NUM_LAYERS": 1,
        "TEMPERATURE": 0.5
      },
      "final_test_accuracy": {
        "mean": 0.4973684210526315,
        "std": 0.04773251880846594,
        "max": 0.5526315789473685
      },
      "best_test_accuracy": {
        "mean": 0.481578947368421,
        "std": 0.05650239619364182,
        "max": 0.5789473684210527
      },
      "final_val_accuracy": {
        "mean": 0.4416666666666666,
        "std": 0.0626695231815471,
        "max": 0.5277777777777778
      },
      "best_val_accuracy": {
        "mean": 0.4805555555555556,
        "std": 0.05833333333333334,
        "max": 0.5833333333333334
      },
      "experiment_count": 10
    },
    {
      "parameters": {
        "DROPOUT": 0.5,
        "HIDDEN_CHANNELS": 64,
        "MAX_HOPS": 3,
        "NUM_LAYERS": 1,
        "TEMPERATURE": 0.5
      },
      "final_test_accuracy": {
        "mean": 0.4947368421052632,
        "std": 0.07517293082676685,
        "max": 0.631578947368421
      },
      "best_test_accuracy": {
        "mean": 0.48157894736842105,
        "std": 0.08157894736842104,
        "max": 0.631578947368421
      },
      "final_val_accuracy": {
        "mean": 0.3833333333333333,
        "std": 0.06309898162000303,
        "max": 0.4722222222222222
      },
      "best_val_accuracy": {
        "mean": 0.4222222222222222,
        "std": 0.0753592220347252,
        "max": 0.5
      },
      "experiment_count": 10
    },
    {
      "parameters": {
        "DROPOUT": 0.5,
        "HIDDEN_CHANNELS": 64,
        "MAX_HOPS": 2,
        "NUM_LAYERS": 3,
        "TEMPERATURE": 0.5
      },
      "final_test_accuracy": {
        "mean": 0.47631578947368425,
        "std": 0.07667790675964982,
        "max": 0.6052631578947368
      },
      "best_test_accuracy": {
        "mean": 0.46052631578947373,
        "std": 0.08747773757155088,
        "max": 0.6052631578947368
      },
      "final_val_accuracy": {
        "mean": 0.39166666666666666,
        "std": 0.07602184546335561,
        "max": 0.5277777777777778
      },
      "best_val_accuracy": {
        "mean": 0.4416666666666667,
        "std": 0.05038432540893626,
        "max": 0.5277777777777778
      },
      "experiment_count": 10
    },
    {
      "parameters": {
        "DROPOUT": 0.5,
        "HIDDEN_CHANNELS": 64,
        "MAX_HOPS": 4,
        "NUM_LAYERS": 1,
        "TEMPERATURE": 0.5
      },
      "final_test_accuracy": {
        "mean": 0.4526315789473685,
        "std": 0.052367759847716855,
        "max": 0.5526315789473685
      },
      "best_test_accuracy": {
        "mean": 0.4578947368421053,
        "std": 0.05907880084379908,
        "max": 0.5526315789473685
      },
      "final_val_accuracy": {
        "mean": 0.41111111111111115,
        "std": 0.059317101400173954,
        "max": 0.5
      },
      "best_val_accuracy": {
        "mean": 0.4333333333333333,
        "std": 0.06712803318663652,
        "max": 0.5277777777777778
      },
      "experiment_count": 10
    },
    {
      "parameters": {
        "DROPOUT": 0.5,
        "HIDDEN_CHANNELS": 64,
        "MAX_HOPS": 3,
        "NUM_LAYERS": 2,
        "TEMPERATURE": 0.5
      },
      "final_test_accuracy": {
        "mean": 0.4447368421052632,
        "std": 0.06494190883817404,
        "max": 0.5526315789473685
      },
      "best_test_accuracy": {
        "mean": 0.4131578947368421,
        "std": 0.11167944828380495,
        "max": 0.5263157894736842
      },
      "final_val_accuracy": {
        "mean": 0.375,
        "std": 0.05726535591135638,
        "max": 0.4722222222222222
      },
      "best_val_accuracy": {
        "mean": 0.4027777777777778,
        "std": 0.053069369929285556,
        "max": 0.5
      },
      "experiment_count": 10
    },
    {
      "parameters": {
        "DROPOUT": 0.5,
        "HIDDEN_CHANNELS": 64,
        "MAX_HOPS": 4,
        "NUM_LAYERS": 3,
        "TEMPERATURE": 0.5
      },
      "final_test_accuracy": {
        "mean": 0.43684210526315786,
        "std": 0.04588314677411234,
        "max": 0.5
      },
      "best_test_accuracy": {
        "mean": 0.43157894736842106,
        "std": 0.031578947368421054,
        "max": 0.5
      },
      "final_val_accuracy": {
        "mean": 0.425,
        "std": 0.08337961677668686,
        "max": 0.5555555555555556
      },
      "best_val_accuracy": {
        "mean": 0.47777777777777775,
        "std": 0.06309898162000305,
        "max": 0.5833333333333334
      },
      "experiment_count": 10
    },
    {
      "parameters": {
        "DROPOUT": 0.5,
        "HIDDEN_CHANNELS": 64,
        "MAX_HOPS": 2,
        "NUM_LAYERS": 2,
        "TEMPERATURE": 0.5
      },
      "final_test_accuracy": {
        "mean": 0.41578947368421054,
        "std": 0.09618772043419509,
        "max": 0.5526315789473685
      },
      "best_test_accuracy": {
        "mean": 0.39210526315789473,
        "std": 0.08920237503514893,
        "max": 0.5526315789473685
      },
      "final_val_accuracy": {
        "mean": 0.44722222222222213,
        "std": 0.06266952318154709,
        "max": 0.5277777777777778
      },
      "best_val_accuracy": {
        "mean": 0.4805555555555555,
        "std": 0.07141644517879137,
        "max": 0.6111111111111112
      },
      "experiment_count": 10
    },
    {
      "parameters": {
        "DROPOUT": 0.5,
        "HIDDEN_CHANNELS": 64,
        "MAX_HOPS": 4,
        "NUM_LAYERS": 2,
        "TEMPERATURE": 0.5
      },
      "final_test_accuracy": {
        "mean": 0.39999999999999997,
        "std": 0.0653140718210045,
        "max": 0.5263157894736842
      },
      "best_test_accuracy": {
        "mean": 0.4026315789473684,
        "std": 0.05771503210384554,
        "max": 0.5
      },
      "final_val_accuracy": {
        "mean": 0.45,
        "std": 0.06781419786518725,
        "max": 0.5555555555555556
      },
      "best_val_accuracy": {
        "mean": 0.4666666666666666,
        "std": 0.07432826755699808,
        "max": 0.5833333333333334
      },
      "experiment_count": 10
    },
    {
      "parameters": {
        "DROPOUT": 0.5,
        "HIDDEN_CHANNELS": 64,
        "MAX_HOPS": 3,
        "NUM_LAYERS": 3,