{
  "experiment_info": {
    "timestamp": "2025-07-07 18:00:19",
    "dataset": "Chameleon",
    "model": "RobustH2GCN"
  },
  "total_experiments": 60,
  "final_results": {
    "train": {
      "mean": 0.7452903855539288,
      "std": 0.07067055682773371
    },
    "val": {
      "mean": 0.5787179487179487,
      "std": 0.08204947505859549
    },
    "test": {
      "mean": 0.5773757309941521,
      "std": 0.07783707116140352
    }
  },
  "best_results": {
    "val": {
      "mean": 0.6054578754578753,
      "std": 0.04445593345310794
    },
    "test": {
      "mean": 0.5899853801169591,
      "std": 0.04347412188050114
    }
  },
  "early_stopping": {
    "early_stopped_experiments": 60,
    "early_stopping_rate": 1.0,
    "average_stopping_epoch": 147.55,
    "stopping_epoch_std": 50.17483599043117,
    "stopping_epoch_range": [
      63,
      300
    ]
  },
  "feature_modification": {
    "modifications_applied": 1,
    "modification_types": [
      "noise"
    ]
  }
}