{
  "experiment_info": {
    "timestamp": "2025-07-05 12:24:40",
    "dataset": "Wisconsin",
    "model": "RGCN"
  },
  "total_experiments": 60,
  "final_results": {
    "train": {
      "mean": 0.9835555555555556,
      "std": 0.017907857438138466
    },
    "val": {
      "mean": 0.7146666666666667,
      "std": 0.1516956016354975
    },
    "test": {
      "mean": 0.6911764705882353,
      "std": 0.14623407070370587
    }
  },
  "best_results": {
    "val": {
      "mean": 0.759,
      "std": 0.14167686237820676
    },
    "test": {
      "mean": 0.6856209150326797,
      "std": 0.1356094963300695
    }
  },
  "early_stopping": {
    "early_stopped_experiments": 60,
    "early_stopping_rate": 1.0,
    "average_stopping_epoch": 78.6,
    "stopping_epoch_std": 25.51483228764529,
    "stopping_epoch_range": [
      52,
      152
    ]
  },
  "feature_modification": {
    "modifications_applied": 1,
    "modification_types": [
      "missingness"
    ]
  }
}