{
  "experiment_info": {
    "timestamp": "2025-07-03 14:51:03",
    "dataset": "Cornell",
    "model": "MLP"
  },
  "total_combinations": 9,
  "total_experiments": 90,
  "best_combination_by_val": {
    "parameters": {
      "DROPOUT": 0.5,
      "HIDDEN_CHANNELS": 64,
      "MAX_HOPS": 4,
      "NUM_LAYERS": 1,
      "TEMPERATURE": 0.5
    },
    "final_test_accuracy": {
      "mean": 0.7473684210526317,
      "std": 0.06982367979695579,
      "max": 0.868421052631579
    },
    "best_test_accuracy": {
      "mean": 0.7552631578947369,
      "std": 0.05526315789473683,
      "max": 0.8421052631578947
    },
    "final_val_accuracy": {
      "mean": 0.7916666666666667,
      "std": 0.05306936992928556,
      "max": 0.8888888888888888
    },
    "best_val_accuracy": {
      "mean": 0.8416666666666668,
      "std": 0.03938179688543838,
      "max": 0.8888888888888888
    },
    "experiment_count": 10
  },
  "best_combination_by_test": {
    "parameters": {
      "DROPOUT": 0.5,
      "HIDDEN_CHANNELS": 64,
      "MAX_HOPS": 2,
      "NUM_LAYERS": 1,
      "TEMPERATURE": 0.5
    },
    "final_test_accuracy": {
      "mean": 0.7894736842105263,
      "std": 0.05263157894736841,
      "max": 0.868421052631579
    },
    "best_test_accuracy": {
      "mean": 0.7421052631578947,
      "std": 0.08470251020753197,
      "max": 0.8421052631578947
    },
    "final_val_accuracy": {
      "mean": 0.7777777777777778,
      "std": 0.056927504255331135,
      "max": 0.8611111111111112
    },
    "best_val_accuracy": {
      "mean": 0.8111111111111111,
      "std": 0.05091750772173154,
      "max": 0.8888888888888888
    },
    "experiment_count": 10
  },
  "top_10_combinations": [
    {
      "parameters": {
        "DROPOUT": 0.5,
        "HIDDEN_CHANNELS": 64,
        "MAX_HOPS": 2,
        "NUM_LAYERS": 1,
        "TEMPERATURE": 0.5
      },
      "final_test_accuracy": {
        "mean": 0.7894736842105263,
        "std": 0.05263157894736841,
        "max": 0.868421052631579
      },
      "best_test_accuracy": {
        "mean": 0.7421052631578947,
        "std": 0.08470251020753197,
        "max": 0.8421052631578947
      },
      "final_val_accuracy": {
        "mean": 0.7777777777777778,
        "std": 0.056927504255331135,
        "max": 0.8611111111111112
      },
      "best_val_accuracy": {
        "mean": 0.8111111111111111,
        "std": 0.05091750772173154,
        "max": 0.8888888888888888
      },
      "experiment_count": 10
    },
    {
      "parameters": {
        "DROPOUT": 0.5,
        "HIDDEN_CHANNELS": 64,
        "MAX_HOPS": 3,
        "NUM_LAYERS": 3,
        "TEMPERATURE": 0.5
      },
      "final_test_accuracy": {
        "mean": 0.7842105263157895,
        "std": 0.0796460313180082,
        "max": 0.8947368421052632
      },
      "best_test_accuracy": {
        "mean": 0.7684210526315789,
        "std": 0.06424502955649317,
        "max": 0.8947368421052632
      },
      "final_val_accuracy": {
        "mean": 0.775,
        "std": 0.06741478388617556,
        "max": 0.8888888888888888
      },
      "best_val_accuracy": {
        "mean": 0.8138888888888888,
        "std": 0.059641418204399686,
        "max": 0.9166666666666666
      },
      "experiment_count": 10
    },
    {
      "parameters": {
        "DROPOUT": 0.5,
        "HIDDEN_CHANNELS": 64,
        "MAX_HOPS": 2,
        "NUM_LAYERS": 3,
        "TEMPERATURE": 0.5
      },
      "final_test_accuracy": {
        "mean": 0.7710526315789474,
        "std": 0.03912123354557502,
        "max": 0.8157894736842105
      },
      "best_test_accuracy": {
        "mean": 0.7526315789473684,
        "std": 0.06023959548557681,
        "max": 0.8421052631578947
      },
      "final_val_accuracy": {
        "mean": 0.7555555555555556,
        "std": 0.0426730319326034,
        "max": 0.8333333333333334
      },
      "best_val_accuracy": {
        "mean": 0.825,
        "std": 0.04487637339278752,
        "max": 0.8888888888888888
      },
      "experiment_count": 10
    },
    {
      "parameters": {
        "DROPOUT": 0.5,
        "HIDDEN_CHANNELS": 64,
        "MAX_HOPS": 4,
        "NUM_LAYERS": 3,
        "TEMPERATURE": 0.5
      },
      "final_test_accuracy": {
        "mean": 0.7710526315789473,
        "std": 0.07810958989292541,
        "max": 0.9210526315789473
      },
      "best_test_accuracy": {
        "mean": 0.7789473684210526,
        "std": 0.07554052681267011,
        "max": 0.9210526315789473
      },
      "final_val_accuracy": {
        "mean": 0.7694444444444444,
        "std": 0.07248882417055494,
        "max": 0.8611111111111112
      },
      "best_val_accuracy": {
        "mean": 0.8166666666666667,
        "std": 0.05152010275275391,
        "max": 0.9166666666666666
      },
      "experiment_count": 10
    },
    {
      "parameters": {
        "DROPOUT": 0.5,
        "HIDDEN_CHANNELS": 64,
        "MAX_HOPS": 3,
        "NUM_LAYERS": 1,
        "TEMPERATURE": 0.5
      },
      "final_test_accuracy": {
        "mean": 0.7657894736842106,
        "std": 0.06806587977040823,
        "max": 0.868421052631579
      },
      "best_test_accuracy": {
        "mean": 0.7473684210526315,
        "std": 0.06467476698655003,
        "max": 0.8157894736842105
      },
      "final_val_accuracy": {
        "mean": 0.7805555555555556,
        "std": 0.06508541396588882,
        "max": 0.8611111111111112
      },
      "best_val_accuracy": {
        "mean": 0.8222222222222223,
        "std": 0.05853140973807079,
        "max": 0.8888888888888888
      },
      "experiment_count": 10
    },
    {
      "parameters": {
        "DROPOUT": 0.5,
        "HIDDEN_CHANNELS": 64,
        "MAX_HOPS": 2,
        "NUM_LAYERS": 2,
        "TEMPERATURE": 0.5
      },
      "final_test_accuracy": {
        "mean": 0.7657894736842106,
        "std": 0.07576936867835771,
        "max": 0.9473684210526315
      },
      "best_test_accuracy": {
        "mean": 0.7447368421052631,
        "std": 0.08072558763251561,
        "max": 0.9210526315789473
      },
      "final_val_accuracy": {
        "mean": 0.7805555555555554,
        "std": 0.07802539947326746,
        "max": 0.8888888888888888
      },
      "best_val_accuracy": {
        "mean": 0.8083333333333333,
        "std": 0.061425956631933294,
        "max": 0.8888888888888888
      },
      "experiment_count": 10
    },
    {
      "parameters": {
        "DROPOUT": 0.5,
        "HIDDEN_CHANNELS": 64,
        "MAX_HOPS": 4,
        "NUM_LAYERS": 2,
        "TEMPERATURE": 0.5
      },
      "final_test_accuracy": {
        "mean": 0.7578947368421053,
        "std": 0.05741427428755637,
        "max": 0.8421052631578947
      },
      "best_test_accuracy": {
        "mean": 0.7605263157894737,
        "std": 0.05055098082183829,
        "max": 0.868421052631579
      },
      "final_val_accuracy": {
        "mean": 0.7777777777777779,
        "std": 0.05957669608202005,
        "max": 0.8888888888888888
      },
      "best_val_accuracy": {
        "mean": 0.8194444444444444,
        "std": 0.05726535591135639,
        "max": 0.9166666666666666
      },
      "experiment_count": 10
    },
    {
      "parameters": {
        "DROPOUT": 0.5,
        "HIDDEN_CHANNELS": 64,
        "MAX_HOPS": 4,
        "NUM_LAYERS": 1,
        "TEMPERATURE": 0.5
      },
      "final_test_accuracy": {
        "mean": 0.7473684210526317,
        "std": 0.06982367979695579,
        "max": 0.868421052631579
      },
      "best_test_accuracy": {
        "mean": 0.7552631578947369,
        "std": 0.05526315789473683,
        "max": 0.8421052631578947
      },
      "final_val_accuracy": {
        "mean": 0.7916666666666667,
        "std": 0.05306936992928556,
        "max": 0.8888888888888888
      },
      "best_val_accuracy": {
        "mean": 0.8416666666666668,
        "std": 0.03938179688543838,
        "max": 0.8888888888888888
      },
      "experiment_count": 10
    },
    {
      "parameters": {
        "DROPOUT": 0.5,