{
  "experiment_info": {
    "timestamp": "2025-07-02 23:55:18",
    "dataset": "Cora",
    "model": "GraphSAGE"
  },
  "total_combinations": 9,
  "total_experiments": 90,
  "best_combination_by_val": {
    "parameters": {
      "DROPOUT": 0.5,
      "HIDDEN_CHANNELS": 64,
      "MAX_HOPS": 2,
      "NUM_LAYERS": 1,
      "TEMPERATURE": 0.5
    },
    "final_test_accuracy": {
      "mean": 0.29852670349907917,
      "std": 0.022350477272345324,
      "max": 0.3351749539594843
    },
    "best_test_accuracy": {
      "mean": 0.3162062615101289,
      "std": 0.04480894220821215,
      "max": 0.4125230202578269
    },
    "final_val_accuracy": {
      "mean": 0.3114602587800369,
      "std": 0.017146606142523935,
      "max": 0.3364140480591497
    },
    "best_val_accuracy": {
      "mean": 0.3288354898336414,
      "std": 0.04506869799152507,
      "max": 0.41589648798521256
    },
    "experiment_count": 10
  },
  "best_combination_by_test": {
    "parameters": {
      "DROPOUT": 0.5,
      "HIDDEN_CHANNELS": 64,
      "MAX_HOPS": 2,
      "NUM_LAYERS": 2,
      "TEMPERATURE": 0.5
    },
    "final_test_accuracy": {
      "mean": 0.3095764272559853,
      "std": 0.014108544917344238,
      "max": 0.3314917127071823
    },
    "best_test_accuracy": {
      "mean": 0.3095764272559853,
      "std": 0.014108544917344238,
      "max": 0.3314917127071823
    },
    "final_val_accuracy": {
      "mean": 0.29963031423290204,
      "std": 0.015364213421306,
      "max": 0.32162661737523107
    },
    "best_val_accuracy": {
      "mean": 0.29963031423290204,
      "std": 0.015364213421306,
      "max": 0.32162661737523107
    },
    "experiment_count": 10
  },
  "top_10_combinations": [
    {
      "parameters": {
        "DROPOUT": 0.5,
        "HIDDEN_CHANNELS": 64,
        "MAX_HOPS": 2,
        "NUM_LAYERS": 2,
        "TEMPERATURE": 0.5
      },
      "final_test_accuracy": {
        "mean": 0.3095764272559853,
        "std": 0.014108544917344238,
        "max": 0.3314917127071823
      },
      "best_test_accuracy": {
        "mean": 0.3095764272559853,
        "std": 0.014108544917344238,
        "max": 0.3314917127071823
      },
      "final_val_accuracy": {
        "mean": 0.29963031423290204,
        "std": 0.015364213421306,
        "max": 0.32162661737523107
      },
      "best_val_accuracy": {
        "mean": 0.29963031423290204,
        "std": 0.015364213421306,
        "max": 0.32162661737523107
      },
      "experiment_count": 10
    },
    {
      "parameters": {
        "DROPOUT": 0.5,
        "HIDDEN_CHANNELS": 64,
        "MAX_HOPS": 3,
        "NUM_LAYERS": 2,
        "TEMPERATURE": 0.5
      },
      "final_test_accuracy": {
        "mean": 0.3081031307550644,
        "std": 0.016899817086207976,
        "max": 0.3406998158379374
      },
      "best_test_accuracy": {
        "mean": 0.320073664825046,
        "std": 0.04356357386508621,
        "max": 0.4419889502762431
      },
      "final_val_accuracy": {
        "mean": 0.30369685767097965,
        "std": 0.016094073605205345,
        "max": 0.32717190388170053
      },
      "best_val_accuracy": {
        "mean": 0.31608133086876156,
        "std": 0.039970537288800026,
        "max": 0.42513863216266173
      },
      "experiment_count": 10
    },
    {
      "parameters": {
        "DROPOUT": 0.5,
        "HIDDEN_CHANNELS": 64,
        "MAX_HOPS": 4,
        "NUM_LAYERS": 2,
        "TEMPERATURE": 0.5
      },
      "final_test_accuracy": {
        "mean": 0.3062615101289134,
        "std": 0.023281027624775272,
        "max": 0.3443830570902394
      },
      "best_test_accuracy": {
        "mean": 0.3154696132596685,
        "std": 0.03678680417487473,
        "max": 0.3867403314917127
      },
      "final_val_accuracy": {
        "mean": 0.3085027726432532,
        "std": 0.02249394357788765,
        "max": 0.36229205175600737
      },
      "best_val_accuracy": {
        "mean": 0.31977818853974116,
        "std": 0.028576016328540302,
        "max": 0.3844731977818854
      },
      "experiment_count": 10
    },
    {
      "parameters": {
        "DROPOUT": 0.5,
        "HIDDEN_CHANNELS": 64,
        "MAX_HOPS": 2,
        "NUM_LAYERS": 3,
        "TEMPERATURE": 0.5
      },
      "final_test_accuracy": {
        "mean": 0.29926335174953966,
        "std": 0.01410373627885509,
        "max": 0.3241252302025783
      },
      "best_test_accuracy": {
        "mean": 0.30626151012891345,
        "std": 0.027954442300473236,
        "max": 0.37937384898710863
      },
      "final_val_accuracy": {
        "mean": 0.3085027726432532,
        "std": 0.017407646641315336,
        "max": 0.34011090573012936
      },
      "best_val_accuracy": {
        "mean": 0.31608133086876156,
        "std": 0.030574599819793474,
        "max": 0.39186691312384475
      },
      "experiment_count": 10
    },
    {
      "parameters": {
        "DROPOUT": 0.5,
        "HIDDEN_CHANNELS": 64,
        "MAX_HOPS": 4,
        "NUM_LAYERS": 1,
        "TEMPERATURE": 0.5
      },
      "final_test_accuracy": {
        "mean": 0.29907918968692454,
        "std": 0.015587553568691587,
        "max": 0.3241252302025783
      },
      "best_test_accuracy": {
        "mean": 0.31767955801104975,
        "std": 0.03779811372334031,
        "max": 0.3848987108655617
      },
      "final_val_accuracy": {
        "mean": 0.30055452865064697,
        "std": 0.017752616936847272,
        "max": 0.3290203327171904
      },
      "best_val_accuracy": {
        "mean": 0.3210720887245841,
        "std": 0.036969038814117415,
        "max": 0.3955637707948244
      },
      "experiment_count": 10
    },
    {
      "parameters": {
        "DROPOUT": 0.5,
        "HIDDEN_CHANNELS": 64,
        "MAX_HOPS": 3,
        "NUM_LAYERS": 1,
        "TEMPERATURE": 0.5
      },
      "final_test_accuracy": {
        "mean": 0.29871086556169424,
        "std": 0.021203444515100187,
        "max": 0.3443830570902394
      },
      "best_test_accuracy": {
        "mean": 0.3029465930018417,
        "std": 0.02051155352792602,
        "max": 0.3443830570902394
      },
      "final_val_accuracy": {
        "mean": 0.3,
        "std": 0.015576235014996088,
        "max": 0.32717190388170053
      },
      "best_val_accuracy": {
        "mean": 0.3055452865064695,
        "std": 0.015085942626795341,
        "max": 0.33271719038817005
      },
      "experiment_count": 10
    },
    {
      "parameters": {
        "DROPOUT": 0.5,
        "HIDDEN_CHANNELS": 64,
        "MAX_HOPS": 2,
        "NUM_LAYERS": 1,
        "TEMPERATURE": 0.5
      },
      "final_test_accuracy": {
        "mean": 0.29852670349907917,
        "std": 0.022350477272345324,
        "max": 0.3351749539594843
      },
      "best_test_accuracy": {
        "mean": 0.3162062615101289,
        "std": 0.04480894220821215,
        "max": 0.4125230202578269
      },
      "final_val_accuracy": {
        "mean": 0.3114602587800369,
        "std": 0.017146606142523935,
        "max": 0.3364140480591497
      },
      "best_val_accuracy": {
        "mean": 0.3288354898336414,
        "std": 0.04506869799152507,
        "max": 0.41589648798521256
      },
      "experiment_count": 10
    },
    {
      "parameters": {
        "DROPOUT": 0.5,
        "HIDDEN_CHANNELS": 64,
        "MAX_HOPS": 3,
        "NUM_LAYERS": 3,
        "TEMPERATURE": 0.5
      },
      "final_test_accuracy": {
        "mean": 0.29355432780847146,
        "std": 0.01473756834161515,
        "max": 0.32044198895027626
      },
      "best_test_accuracy": {
        "mean": 0.2937384898710865,
        "std": 0.014944385435483133,
        "max": 0.32044198895027626
      },
      "final_val_accuracy": {
        "mean": 0.30258780036968574,
        "std": 0.017497700295066716,
        "max": 0.33826247689463956
      },
      "best_val_accuracy": {
        "mean": 0.30277264325323483,
        "std": 0.017531838375422368,
        "max": 0.33826247689463956
      },