{
  "experiment_info": {
    "timestamp": "2025-07-03 17:51:54",
    "dataset": "Wisconsin",
    "model": "MixHop"
  },
  "total_combinations": 9,
  "total_experiments": 90,
  "best_combination_by_val": {
    "parameters": {
      "DROPOUT": 0.5,
      "HIDDEN_CHANNELS": 64,
      "MAX_HOPS": 3,
      "NUM_LAYERS": 3,
      "TEMPERATURE": 0.5
    },
    "final_test_accuracy": {
      "mean": 0.5490196078431373,
      "std": 0.07123883186111746,
      "max": 0.6666666666666666
    },
    "best_test_accuracy": {
      "mean": 0.507843137254902,
      "std": 0.07913896498278654,
      "max": 0.6470588235294118
    },
    "final_val_accuracy": {
      "mean": 0.546,
      "std": 0.06514598989960932,
      "max": 0.62
    },
    "best_val_accuracy": {
      "mean": 0.59,
      "std": 0.044045431091090485,
      "max": 0.64
    },
    "experiment_count": 10
  },
  "best_combination_by_test": {
    "parameters": {
      "DROPOUT": 0.5,
      "HIDDEN_CHANNELS": 64,
      "MAX_HOPS": 4,
      "NUM_LAYERS": 3,
      "TEMPERATURE": 0.5
    },
    "final_test_accuracy": {
      "mean": 0.5705882352941176,
      "std": 0.11481894879966549,
      "max": 0.7254901960784313
    },
    "best_test_accuracy": {
      "mean": 0.5862745098039216,
      "std": 0.0824695719404435,
      "max": 0.7058823529411765
    },
    "final_val_accuracy": {
      "mean": 0.484,
      "std": 0.06916646586316234,
      "max": 0.6
    },
    "best_val_accuracy": {
      "mean": 0.568,
      "std": 0.07493997598078078,
      "max": 0.68
    },
    "experiment_count": 10
  },
  "top_10_combinations": [
    {
      "parameters": {
        "DROPOUT": 0.5,
        "HIDDEN_CHANNELS": 64,
        "MAX_HOPS": 4,
        "NUM_LAYERS": 3,
        "TEMPERATURE": 0.5
      },
      "final_test_accuracy": {
        "mean": 0.5705882352941176,
        "std": 0.11481894879966549,
        "max": 0.7254901960784313
      },
      "best_test_accuracy": {
        "mean": 0.5862745098039216,
        "std": 0.0824695719404435,
        "max": 0.7058823529411765
      },
      "final_val_accuracy": {
        "mean": 0.484,
        "std": 0.06916646586316234,
        "max": 0.6
      },
      "best_val_accuracy": {
        "mean": 0.568,
        "std": 0.07493997598078078,
        "max": 0.68
      },
      "experiment_count": 10
    },
    {
      "parameters": {
        "DROPOUT": 0.5,
        "HIDDEN_CHANNELS": 64,
        "MAX_HOPS": 3,
        "NUM_LAYERS": 3,
        "TEMPERATURE": 0.5
      },
      "final_test_accuracy": {
        "mean": 0.5490196078431373,
        "std": 0.07123883186111746,
        "max": 0.6666666666666666
      },
      "best_test_accuracy": {
        "mean": 0.507843137254902,
        "std": 0.07913896498278654,
        "max": 0.6470588235294118
      },
      "final_val_accuracy": {
        "mean": 0.546,
        "std": 0.06514598989960932,
        "max": 0.62
      },
      "best_val_accuracy": {
        "mean": 0.59,
        "std": 0.044045431091090485,
        "max": 0.64
      },
      "experiment_count": 10
    },
    {
      "parameters": {
        "DROPOUT": 0.5,
        "HIDDEN_CHANNELS": 64,
        "MAX_HOPS": 2,
        "NUM_LAYERS": 3,
        "TEMPERATURE": 0.5
      },
      "final_test_accuracy": {
        "mean": 0.5274509803921569,
        "std": 0.04154827470670017,
        "max": 0.6078431372549019
      },
      "best_test_accuracy": {
        "mean": 0.5058823529411764,
        "std": 0.06249951941376167,
        "max": 0.5686274509803921
      },
      "final_val_accuracy": {
        "mean": 0.52,
        "std": 0.07797435475847171,
        "max": 0.62
      },
      "best_val_accuracy": {
        "mean": 0.5820000000000001,
        "std": 0.08553361912137239,
        "max": 0.66
      },
      "experiment_count": 10
    },
    {
      "parameters": {
        "DROPOUT": 0.5,
        "HIDDEN_CHANNELS": 64,
        "MAX_HOPS": 2,
        "NUM_LAYERS": 1,
        "TEMPERATURE": 0.5
      },
      "final_test_accuracy": {
        "mean": 0.503921568627451,
        "std": 0.032868734537725916,
        "max": 0.5490196078431373
      },
      "best_test_accuracy": {
        "mean": 0.4627450980392157,
        "std": 0.06859943405700354,
        "max": 0.5490196078431373
      },
      "final_val_accuracy": {
        "mean": 0.48600000000000004,
        "std": 0.05660388679233964,
        "max": 0.56
      },
      "best_val_accuracy": {
        "mean": 0.532,
        "std": 0.056,
        "max": 0.6
      },
      "experiment_count": 10
    },
    {
      "parameters": {
        "DROPOUT": 0.5,
        "HIDDEN_CHANNELS": 64,
        "MAX_HOPS": 3,
        "NUM_LAYERS": 2,
        "TEMPERATURE": 0.5
      },
      "final_test_accuracy": {
        "mean": 0.5019607843137255,
        "std": 0.09205250662200394,
        "max": 0.6862745098039216
      },
      "best_test_accuracy": {
        "mean": 0.5058823529411764,
        "std": 0.0637179482716546,
        "max": 0.6470588235294118
      },
      "final_val_accuracy": {
        "mean": 0.4640000000000001,
        "std": 0.035552777669262355,
        "max": 0.52
      },
      "best_val_accuracy": {
        "mean": 0.508,
        "std": 0.039191835884530866,
        "max": 0.56
      },
      "experiment_count": 10
    },
    {
      "parameters": {
        "DROPOUT": 0.5,
        "HIDDEN_CHANNELS": 64,
        "MAX_HOPS": 2,
        "NUM_LAYERS": 2,
        "TEMPERATURE": 0.5
      },
      "final_test_accuracy": {
        "mean": 0.4862745098039216,
        "std": 0.06550311015094143,
        "max": 0.5686274509803921
      },
      "best_test_accuracy": {
        "mean": 0.4980392156862745,
        "std": 0.06689694944796855,
        "max": 0.6274509803921569
      },
      "final_val_accuracy": {
        "mean": 0.49000000000000005,
        "std": 0.052345009313209616,
        "max": 0.56
      },
      "best_val_accuracy": {
        "mean": 0.5379999999999999,
        "std": 0.045122056690713896,
        "max": 0.6
      },
      "experiment_count": 10
    },
    {
      "parameters": {
        "DROPOUT": 0.5,
        "HIDDEN_CHANNELS": 64,
        "MAX_HOPS": 3,
        "NUM_LAYERS": 1,
        "TEMPERATURE": 0.5
      },
      "final_test_accuracy": {
        "mean": 0.4745098039215686,
        "std": 0.06724089489993036,
        "max": 0.6078431372549019
      },
      "best_test_accuracy": {
        "mean": 0.46862745098039216,
        "std": 0.05366247915060395,
        "max": 0.5294117647058824
      },
      "final_val_accuracy": {
        "mean": 0.48200000000000004,
        "std": 0.04686149805543994,
        "max": 0.54
      },
      "best_val_accuracy": {
        "mean": 0.538,
        "std": 0.04853864439804639,
        "max": 0.64
      },
      "experiment_count": 10
    },
    {
      "parameters": {
        "DROPOUT": 0.5,
        "HIDDEN_CHANNELS": 64,
        "MAX_HOPS": 4,
        "NUM_LAYERS": 2,
        "TEMPERATURE": 0.5
      },
      "final_test_accuracy": {
        "mean": 0.4666666666666667,
        "std": 0.06188130916886078,
        "max": 0.5686274509803921
      },
      "best_test_accuracy": {
        "mean": 0.4745098039215686,
        "std": 0.05803391602724996,
        "max": 0.5686274509803921
      },
      "final_val_accuracy": {
        "mean": 0.4800000000000001,
        "std": 0.06928203230275509,
        "max": 0.6
      },
      "best_val_accuracy": {
        "mean": 0.538,
        "std": 0.06477653896280659,
        "max": 0.62
      },
      "experiment_count": 10
    },
    {
      "parameters": {
        "DROPOUT": 0.5,
        "HIDDEN_CHANNELS": 64,
        "MAX_HOPS": 4,
        "NUM_LAYERS": 1,
        "TEMPERATURE": 0.5
      },
      "final_test_accuracy": {
        "mean": 0.45686274509803926,
        "std": 0.07126581115837745,
        "max": 0.5686274509803921
      },
      "best_test_accuracy": {
        "mean": 0.45098039215686275,
        "std": 0.0701511522352875,
        "max": 0.5686274509803921
      },