{
  "experiment_info": {
    "timestamp": "2025-07-05 20:57:53",
    "dataset": "Chameleon",
    "model": "H2GCN"
  },
  "total_combinations": 6,
  "total_experiments": 60,
  "best_combination_by_val": {
    "parameters": {
      "DROPOUT": 0.5,
      "HIDDEN_CHANNELS": 64,
      "MAX_HOPS": 2,
      "NUM_LAYERS": 2,
      "TEMPERATURE": 0.5
    },
    "final_test_accuracy": {
      "mean": 0.5243421052631578,
      "std": 0.01828084697049775,
      "max": 0.5526315789473685
    },
    "best_test_accuracy": {
      "mean": 0.5188596491228071,
      "std": 0.03143240853889283,
      "max": 0.5614035087719298
    },
    "final_val_accuracy": {
      "mean": 0.5199999999999999,
      "std": 0.016772557387550718,
      "max": 0.5494505494505495
    },
    "best_val_accuracy": {
      "mean": 0.5413186813186813,
      "std": 0.01838944584242543,
      "max": 0.5714285714285714
    },
    "experiment_count": 10
  },
  "best_combination_by_test": {
    "parameters": {
      "DROPOUT": 0.5,
      "HIDDEN_CHANNELS": 64,
      "MAX_HOPS": 3,
      "NUM_LAYERS": 2,
      "TEMPERATURE": 0.5
    },
    "final_test_accuracy": {
      "mean": 0.5383771929824561,
      "std": 0.01861453320430791,
      "max": 0.5701754385964912
    },
    "best_test_accuracy": {
      "mean": 0.525438596491228,
      "std": 0.01341847240419152,
      "max": 0.5504385964912281
    },
    "final_val_accuracy": {
      "mean": 0.5195604395604396,
      "std": 0.026759087921273714,
      "max": 0.5648351648351648
    },
    "best_val_accuracy": {
      "mean": 0.5362637362637362,
      "std": 0.026646935501059645,
      "max": 0.5846153846153846
    },
    "experiment_count": 10
  },
  "top_10_combinations": [
    {
      "parameters": {
        "DROPOUT": 0.5,
        "HIDDEN_CHANNELS": 64,
        "MAX_HOPS": 3,
        "NUM_LAYERS": 2,
        "TEMPERATURE": 0.5
      },
      "final_test_accuracy": {
        "mean": 0.5383771929824561,
        "std": 0.01861453320430791,
        "max": 0.5701754385964912
      },
      "best_test_accuracy": {
        "mean": 0.525438596491228,
        "std": 0.01341847240419152,
        "max": 0.5504385964912281
      },
      "final_val_accuracy": {
        "mean": 0.5195604395604396,
        "std": 0.026759087921273714,
        "max": 0.5648351648351648
      },
      "best_val_accuracy": {
        "mean": 0.5362637362637362,
        "std": 0.026646935501059645,
        "max": 0.5846153846153846
      },
      "experiment_count": 10
    },
    {
      "parameters": {
        "DROPOUT": 0.5,
        "HIDDEN_CHANNELS": 64,
        "MAX_HOPS": 2,
        "NUM_LAYERS": 2,
        "TEMPERATURE": 0.5
      },
      "final_test_accuracy": {
        "mean": 0.5243421052631578,
        "std": 0.01828084697049775,
        "max": 0.5526315789473685
      },
      "best_test_accuracy": {
        "mean": 0.5188596491228071,
        "std": 0.03143240853889283,
        "max": 0.5614035087719298
      },
      "final_val_accuracy": {
        "mean": 0.5199999999999999,
        "std": 0.016772557387550718,
        "max": 0.5494505494505495
      },
      "best_val_accuracy": {
        "mean": 0.5413186813186813,
        "std": 0.01838944584242543,
        "max": 0.5714285714285714
      },
      "experiment_count": 10
    },
    {
      "parameters": {
        "DROPOUT": 0.5,
        "HIDDEN_CHANNELS": 64,
        "MAX_HOPS": 4,
        "NUM_LAYERS": 2,
        "TEMPERATURE": 0.5
      },
      "final_test_accuracy": {
        "mean": 0.5151315789473684,
        "std": 0.020675766099126296,
        "max": 0.5372807017543859
      },
      "best_test_accuracy": {
        "mean": 0.5162280701754385,
        "std": 0.01912300820753653,
        "max": 0.5592105263157895
      },
      "final_val_accuracy": {
        "mean": 0.5224175824175824,
        "std": 0.024573158444286886,
        "max": 0.567032967032967
      },
      "best_val_accuracy": {
        "mean": 0.5406593406593407,
        "std": 0.026226696949760528,
        "max": 0.5824175824175825
      },
      "experiment_count": 10
    },
    {
      "parameters": {
        "DROPOUT": 0.5,
        "HIDDEN_CHANNELS": 64,
        "MAX_HOPS": 4,
        "NUM_LAYERS": 1,
        "TEMPERATURE": 0.5
      },
      "final_test_accuracy": {
        "mean": 0.5061403508771931,
        "std": 0.02130242885014193,
        "max": 0.543859649122807
      },
      "best_test_accuracy": {
        "mean": 0.5015350877192983,
        "std": 0.021887019627927648,
        "max": 0.5460526315789473
      },
      "final_val_accuracy": {
        "mean": 0.481978021978022,
        "std": 0.024553493621639576,
        "max": 0.5230769230769231
      },
      "best_val_accuracy": {
        "mean": 0.4986813186813187,
        "std": 0.023923760887111754,
        "max": 0.5494505494505495
      },
      "experiment_count": 10
    },
    {
      "parameters": {
        "DROPOUT": 0.5,
        "HIDDEN_CHANNELS": 64,
        "MAX_HOPS": 3,
        "NUM_LAYERS": 1,
        "TEMPERATURE": 0.5
      },
      "final_test_accuracy": {
        "mean": 0.49605263157894736,
        "std": 0.02745698109805183,
        "max": 0.5482456140350878
      },
      "best_test_accuracy": {
        "mean": 0.4853070175438597,
        "std": 0.02283336029276367,
        "max": 0.5307017543859649
      },
      "final_val_accuracy": {
        "mean": 0.4881318681318681,
        "std": 0.02916459501213677,
        "max": 0.545054945054945
      },
      "best_val_accuracy": {
        "mean": 0.5041758241758242,
        "std": 0.02768183998915831,
        "max": 0.5582417582417583
      },
      "experiment_count": 10
    },
    {
      "parameters": {
        "DROPOUT": 0.5,
        "HIDDEN_CHANNELS": 64,
        "MAX_HOPS": 2,
        "NUM_LAYERS": 1,
        "TEMPERATURE": 0.5
      },
      "final_test_accuracy": {
        "mean": 0.48793859649122806,
        "std": 0.020033107792296976,
        "max": 0.5219298245614035
      },
      "best_test_accuracy": {
        "mean": 0.4850877192982456,
        "std": 0.01810505915837745,
        "max": 0.5131578947368421
      },
      "final_val_accuracy": {
        "mean": 0.47956043956043953,
        "std": 0.03258088872124206,
        "max": 0.5318681318681319
      },
      "best_val_accuracy": {
        "mean": 0.49934065934065935,
        "std": 0.031031846320391722,
        "max": 0.5406593406593406
      },
      "experiment_count": 10
    }
  ],
  "all_combinations": [
    {
      "parameters": {
        "DROPOUT": 0.5,
        "HIDDEN_CHANNELS": 64,
        "MAX_HOPS": 3,
        "NUM_LAYERS": 2,
        "TEMPERATURE": 0.5
      },
      "final_test_accuracy": {
        "mean": 0.5383771929824561,
        "std": 0.01861453320430791,
        "max": 0.5701754385964912
      },
      "best_test_accuracy": {
        "mean": 0.525438596491228,
        "std": 0.01341847240419152,
        "max": 0.5504385964912281
      },
      "final_val_accuracy": {
        "mean": 0.5195604395604396,
        "std": 0.026759087921273714,
        "max": 0.5648351648351648
      },
      "best_val_accuracy": {
        "mean": 0.5362637362637362,
        "std": 0.026646935501059645,
        "max": 0.5846153846153846
      },
      "experiment_count": 10
    },
    {
      "parameters": {
        "DROPOUT": 0.5,
        "HIDDEN_CHANNELS": 64,
        "MAX_HOPS": 2,
        "NUM_LAYERS": 2,
        "TEMPERATURE": 0.5
      },
      "final_test_accuracy": {
        "mean": 0.5243421052631578,
        "std": 0.01828084697049775,
        "max": 0.5526315789473685
      },
      "best_test_accuracy": {
        "mean": 0.5188596491228071,
        "std": 0.03143240853889283,
        "max": 0.5614035087719298
      },
      "final_val_accuracy": {
        "mean": 0.5199999999999999,
        "std": 0.016772557387550718,
        "max": 0.5494505494505495
      },
      "best_val_accuracy": {
        "mean": 0.5413186813186813,
        "std": 0.01838944584242543,
        "max": 0.5714285714285714
      },