{
  "experiment_info": {
    "timestamp": "2025-07-05 21:00:55",
    "dataset": "Chameleon",
    "model": "RGCN"
  },
  "total_experiments": 60,
  "final_results": {
    "train": {
      "mean": 0.9088457784285019,
      "std": 0.043209683468043936
    },
    "val": {
      "mean": 0.5462271062271064,
      "std": 0.1738754029319376
    },
    "test": {
      "mean": 0.5503289473684211,
      "std": 0.17474755394211217
    }
  },
  "best_results": {
    "val": {
      "mean": 0.5846886446886448,
      "std": 0.16300866765992933
    },
    "test": {
      "mean": 0.5651681286549709,
      "std": 0.16476392114354013
    }
  },
  "early_stopping": {
    "early_stopped_experiments": 60,
    "early_stopping_rate": 1.0,
    "average_stopping_epoch": 101.01666666666667,
    "stopping_epoch_std": 46.19397206947629,
    "stopping_epoch_range": [
      52,
      220
    ]
  },
  "feature_modification": {
    "modifications_applied": 1,
    "modification_types": [
      "missingness"
    ]
  }
}