{
  "experiment_info": {
    "timestamp": "2025-07-05 21:00:55",
    "dataset": "Chameleon",
    "model": "RGCN"
  },
  "total_combinations": 6,
  "total_experiments": 60,
  "best_combination_by_val": {
    "parameters": {
      "DROPOUT": 0.5,
      "HIDDEN_CHANNELS": 64,
      "MAX_HOPS": 2,
      "NUM_LAYERS": 2,
      "TEMPERATURE": 0.5
    },
    "final_test_accuracy": {
      "mean": 0.7313596491228072,
      "std": 0.02315128992734731,
      "max": 0.7741228070175439
    },
    "best_test_accuracy": {
      "mean": 0.7304824561403509,
      "std": 0.021586122398645276,
      "max": 0.7653508771929824
    },
    "final_val_accuracy": {
      "mean": 0.7221978021978023,
      "std": 0.024830301964832713,
      "max": 0.7582417582417582
    },
    "best_val_accuracy": {
      "mean": 0.7523076923076923,
      "std": 0.012119837959527232,
      "max": 0.7758241758241758
    },
    "experiment_count": 10
  },
  "best_combination_by_test": {
    "parameters": {
      "DROPOUT": 0.5,
      "HIDDEN_CHANNELS": 64,
      "MAX_HOPS": 2,
      "NUM_LAYERS": 2,
      "TEMPERATURE": 0.5
    },
    "final_test_accuracy": {
      "mean": 0.7313596491228072,
      "std": 0.02315128992734731,
      "max": 0.7741228070175439
    },
    "best_test_accuracy": {
      "mean": 0.7304824561403509,
      "std": 0.021586122398645276,
      "max": 0.7653508771929824
    },
    "final_val_accuracy": {
      "mean": 0.7221978021978023,
      "std": 0.024830301964832713,
      "max": 0.7582417582417582
    },
    "best_val_accuracy": {
      "mean": 0.7523076923076923,
      "std": 0.012119837959527232,
      "max": 0.7758241758241758
    },
    "experiment_count": 10
  },
  "top_10_combinations": [
    {
      "parameters": {
        "DROPOUT": 0.5,
        "HIDDEN_CHANNELS": 64,
        "MAX_HOPS": 2,
        "NUM_LAYERS": 2,
        "TEMPERATURE": 0.5
      },
      "final_test_accuracy": {
        "mean": 0.7313596491228072,
        "std": 0.02315128992734731,
        "max": 0.7741228070175439
      },
      "best_test_accuracy": {
        "mean": 0.7304824561403509,
        "std": 0.021586122398645276,
        "max": 0.7653508771929824
      },
      "final_val_accuracy": {
        "mean": 0.7221978021978023,
        "std": 0.024830301964832713,
        "max": 0.7582417582417582
      },
      "best_val_accuracy": {
        "mean": 0.7523076923076923,
        "std": 0.012119837959527232,
        "max": 0.7758241758241758
      },
      "experiment_count": 10
    },
    {
      "parameters": {
        "DROPOUT": 0.5,
        "HIDDEN_CHANNELS": 64,
        "MAX_HOPS": 4,
        "NUM_LAYERS": 2,
        "TEMPERATURE": 0.5
      },
      "final_test_accuracy": {
        "mean": 0.7225877192982456,
        "std": 0.012983122908434824,
        "max": 0.7478070175438597
      },
      "best_test_accuracy": {
        "mean": 0.7269736842105263,
        "std": 0.012946028195741624,
        "max": 0.7478070175438597
      },
      "final_val_accuracy": {
        "mean": 0.7153846153846154,
        "std": 0.023553426871716153,
        "max": 0.7494505494505495
      },
      "best_val_accuracy": {
        "mean": 0.7454945054945055,
        "std": 0.018591899764884918,
        "max": 0.7824175824175824
      },
      "experiment_count": 10
    },
    {
      "parameters": {
        "DROPOUT": 0.5,
        "HIDDEN_CHANNELS": 64,
        "MAX_HOPS": 3,
        "NUM_LAYERS": 2,
        "TEMPERATURE": 0.5
      },
      "final_test_accuracy": {
        "mean": 0.7179824561403508,
        "std": 0.016416637958081487,
        "max": 0.743421052631579
      },
      "best_test_accuracy": {
        "mean": 0.7278508771929824,
        "std": 0.023217667742776695,
        "max": 0.756578947368421
      },
      "final_val_accuracy": {
        "mean": 0.7189010989010989,
        "std": 0.024004387152856643,
        "max": 0.756043956043956
      },
      "best_val_accuracy": {
        "mean": 0.741978021978022,
        "std": 0.021894346207318286,
        "max": 0.7802197802197802
      },
      "experiment_count": 10
    },
    {
      "parameters": {
        "DROPOUT": 0.5,
        "HIDDEN_CHANNELS": 64,
        "MAX_HOPS": 2,
        "NUM_LAYERS": 1,
        "TEMPERATURE": 0.5
      },
      "final_test_accuracy": {
        "mean": 0.38530701754385965,
        "std": 0.0221056547584361,
        "max": 0.4407894736842105
      },
      "best_test_accuracy": {
        "mean": 0.41491228070175434,
        "std": 0.021257229501846726,
        "max": 0.4473684210526316
      },
      "final_val_accuracy": {
        "mean": 0.37362637362637363,
        "std": 0.015726192369229283,
        "max": 0.3978021978021978
      },
      "best_val_accuracy": {
        "mean": 0.4257142857142857,
        "std": 0.019361876474054532,
        "max": 0.46153846153846156
      },
      "experiment_count": 10
    },
    {
      "parameters": {
        "DROPOUT": 0.5,
        "HIDDEN_CHANNELS": 64,
        "MAX_HOPS": 3,
        "NUM_LAYERS": 1,
        "TEMPERATURE": 0.5
      },
      "final_test_accuracy": {
        "mean": 0.3767543859649123,
        "std": 0.018834132064547274,
        "max": 0.3991228070175439
      },
      "best_test_accuracy": {
        "mean": 0.4021929824561403,
        "std": 0.023004375512181322,
        "max": 0.44298245614035087
      },
      "final_val_accuracy": {
        "mean": 0.3747252747252747,
        "std": 0.017368200527587124,
        "max": 0.4043956043956044
      },
      "best_val_accuracy": {
        "mean": 0.4228571428571429,
        "std": 0.020621897328773457,
        "max": 0.44835164835164837
      },
      "experiment_count": 10
    },
    {
      "parameters": {
        "DROPOUT": 0.5,
        "HIDDEN_CHANNELS": 64,
        "MAX_HOPS": 4,
        "NUM_LAYERS": 1,
        "TEMPERATURE": 0.5
      },
      "final_test_accuracy": {
        "mean": 0.3679824561403509,
        "std": 0.0154694667443407,
        "max": 0.3881578947368421
      },
      "best_test_accuracy": {
        "mean": 0.3885964912280702,
        "std": 0.020938102214526334,
        "max": 0.42105263157894735
      },
      "final_val_accuracy": {
        "mean": 0.37252747252747254,
        "std": 0.01810354097600974,
        "max": 0.4065934065934066
      },
      "best_val_accuracy": {
        "mean": 0.41978021978021973,
        "std": 0.01752738640648517,
        "max": 0.45714285714285713
      },
      "experiment_count": 10
    }
  ],
  "all_combinations": [
    {
      "parameters": {
        "DROPOUT": 0.5,
        "HIDDEN_CHANNELS": 64,
        "MAX_HOPS": 2,
        "NUM_LAYERS": 2,
        "TEMPERATURE": 0.5
      },
      "final_test_accuracy": {
        "mean": 0.7313596491228072,
        "std": 0.02315128992734731,
        "max": 0.7741228070175439
      },
      "best_test_accuracy": {
        "mean": 0.7304824561403509,
        "std": 0.021586122398645276,
        "max": 0.7653508771929824
      },
      "final_val_accuracy": {
        "mean": 0.7221978021978023,
        "std": 0.024830301964832713,
        "max": 0.7582417582417582
      },
      "best_val_accuracy": {
        "mean": 0.7523076923076923,
        "std": 0.012119837959527232,
        "max": 0.7758241758241758
      },
      "experiment_count": 10
    },
    {
      "parameters": {
        "DROPOUT": 0.5,
        "HIDDEN_CHANNELS": 64,
        "MAX_HOPS": 4,
        "NUM_LAYERS": 2,
        "TEMPERATURE": 0.5
      },
      "final_test_accuracy": {
        "mean": 0.7225877192982456,
        "std": 0.012983122908434824,
        "max": 0.7478070175438597
      },
      "best_test_accuracy": {
        "mean": 0.7269736842105263,
        "std": 0.012946028195741624,
        "max": 0.7478070175438597
      },
      "final_val_accuracy": {
        "mean": 0.7153846153846154,
        "std": 0.023553426871716153,
        "max": 0.7494505494505495
      },
      "best_val_accuracy": {
        "mean": 0.7454945054945055,
        "std": 0.018591899764884918,
        "max": 0.7824175824175824
      },