{
  "experiment_info": {
    "timestamp": "2025-07-03 10:38:46",
    "dataset": "Cornell",
    "model": "RobustH2GCN"
  },
  "total_experiments": 90,
  "final_results": {
    "train": {
      "mean": 0.6944954128440366,
      "std": 0.08097279560165409
    },
    "val": {
      "mean": 0.5191358024691358,
      "std": 0.06973942835801777
    },
    "test": {
      "mean": 0.5236842105263158,
      "std": 0.07371031283700254
    }
  },
  "best_results": {
    "val": {
      "mean": 0.5657407407407408,
      "std": 0.07044951689491577
    },
    "test": {
      "mean": 0.5137426900584795,
      "std": 0.07709600944189555
    }
  },
  "early_stopping": {
    "early_stopped_experiments": 90,
    "early_stopping_rate": 1.0,
    "average_stopping_epoch": 68.22222222222223,
    "stopping_epoch_std": 20.213184793747196,
    "stopping_epoch_range": [
      50,
      165
    ]
  },
  "feature_modification": {
    "modifications_applied": 1,
    "modification_types": [
      "noise"
    ]
  }
}