{
  "experiment_info": {
    "timestamp": "2025-07-03 10:38:46",
    "dataset": "Cornell",
    "model": "RobustH2GCN"
  },
  "total_combinations": 9,
  "total_experiments": 90,
  "best_combination_by_val": {
    "parameters": {
      "DROPOUT": 0.5,
      "HIDDEN_CHANNELS": 64,
      "MAX_HOPS": 3,
      "NUM_LAYERS": 1,
      "TEMPERATURE": 1.0
    },
    "final_test_accuracy": {
      "mean": 0.5447368421052631,
      "std": 0.07259533802175644,
      "max": 0.6578947368421053
    },
    "best_test_accuracy": {
      "mean": 0.5105263157894737,
      "std": 0.06359497880839249,
      "max": 0.6052631578947368
    },
    "final_val_accuracy": {
      "mean": 0.5527777777777778,
      "std": 0.06142595663193328,
      "max": 0.6388888888888888
    },
    "best_val_accuracy": {
      "mean": 0.6027777777777777,
      "std": 0.04819264325804851,
      "max": 0.6944444444444444
    },
    "experiment_count": 10
  },
  "best_combination_by_test": {
    "parameters": {
      "DROPOUT": 0.5,
      "HIDDEN_CHANNELS": 64,
      "MAX_HOPS": 2,
      "NUM_LAYERS": 1,
      "TEMPERATURE": 1.0
    },
    "final_test_accuracy": {
      "mean": 0.5657894736842104,
      "std": 0.03947368421052631,
      "max": 0.631578947368421
    },
    "best_test_accuracy": {
      "mean": 0.5526315789473684,
      "std": 0.05884389414473131,
      "max": 0.631578947368421
    },
    "final_val_accuracy": {
      "mean": 0.4888888888888888,
      "std": 0.08534606386520677,
      "max": 0.5833333333333334
    },
    "best_val_accuracy": {
      "mean": 0.5611111111111111,
      "std": 0.090267093384844,
      "max": 0.6666666666666666
    },
    "experiment_count": 10
  },
  "top_10_combinations": [
    {
      "parameters": {
        "DROPOUT": 0.5,
        "HIDDEN_CHANNELS": 64,
        "MAX_HOPS": 2,
        "NUM_LAYERS": 1,
        "TEMPERATURE": 1.0
      },
      "final_test_accuracy": {
        "mean": 0.5657894736842104,
        "std": 0.03947368421052631,
        "max": 0.631578947368421
      },
      "best_test_accuracy": {
        "mean": 0.5526315789473684,
        "std": 0.05884389414473131,
        "max": 0.631578947368421
      },
      "final_val_accuracy": {
        "mean": 0.4888888888888888,
        "std": 0.08534606386520677,
        "max": 0.5833333333333334
      },
      "best_val_accuracy": {
        "mean": 0.5611111111111111,
        "std": 0.090267093384844,
        "max": 0.6666666666666666
      },
      "experiment_count": 10
    },
    {
      "parameters": {
        "DROPOUT": 0.5,
        "HIDDEN_CHANNELS": 64,
        "MAX_HOPS": 3,
        "NUM_LAYERS": 1,
        "TEMPERATURE": 1.0
      },
      "final_test_accuracy": {
        "mean": 0.5447368421052631,
        "std": 0.07259533802175644,
        "max": 0.6578947368421053
      },
      "best_test_accuracy": {
        "mean": 0.5105263157894737,
        "std": 0.06359497880839249,
        "max": 0.6052631578947368
      },
      "final_val_accuracy": {
        "mean": 0.5527777777777778,
        "std": 0.06142595663193328,
        "max": 0.6388888888888888
      },
      "best_val_accuracy": {
        "mean": 0.6027777777777777,
        "std": 0.04819264325804851,
        "max": 0.6944444444444444
      },
      "experiment_count": 10
    },
    {
      "parameters": {
        "DROPOUT": 0.5,
        "HIDDEN_CHANNELS": 64,
        "MAX_HOPS": 3,
        "NUM_LAYERS": 1,
        "TEMPERATURE": 0.5
      },
      "final_test_accuracy": {
        "mean": 0.5368421052631579,
        "std": 0.08743814592545343,
        "max": 0.7105263157894737
      },
      "best_test_accuracy": {
        "mean": 0.5289473684210526,
        "std": 0.06806587977040825,
        "max": 0.6578947368421053
      },
      "final_val_accuracy": {
        "mean": 0.5388888888888889,
        "std": 0.06478835438717001,
        "max": 0.6388888888888888
      },
      "best_val_accuracy": {
        "mean": 0.575,
        "std": 0.07762882562490066,
        "max": 0.6666666666666666
      },
      "experiment_count": 10
    },
    {
      "parameters": {
        "DROPOUT": 0.5,
        "HIDDEN_CHANNELS": 64,
        "MAX_HOPS": 2,
        "NUM_LAYERS": 1,
        "TEMPERATURE": 2.0
      },
      "final_test_accuracy": {
        "mean": 0.5315789473684212,
        "std": 0.08712076503814131,
        "max": 0.6578947368421053
      },
      "best_test_accuracy": {
        "mean": 0.5,
        "std": 0.06760648725613226,
        "max": 0.6052631578947368
      },
      "final_val_accuracy": {
        "mean": 0.4833333333333334,
        "std": 0.05152010275275391,
        "max": 0.5555555555555556
      },
      "best_val_accuracy": {
        "mean": 0.513888888888889,
        "std": 0.04689428615592815,
        "max": 0.5833333333333334
      },
      "experiment_count": 10
    },
    {
      "parameters": {
        "DROPOUT": 0.5,
        "HIDDEN_CHANNELS": 64,
        "MAX_HOPS": 2,
        "NUM_LAYERS": 1,
        "TEMPERATURE": 0.5
      },
      "final_test_accuracy": {
        "mean": 0.5289473684210526,
        "std": 0.08275886943955996,
        "max": 0.6578947368421053
      },
      "best_test_accuracy": {
        "mean": 0.5026315789473684,
        "std": 0.11315789473684211,
        "max": 0.6578947368421053
      },
      "final_val_accuracy": {
        "mean": 0.5361111111111111,
        "std": 0.04819264325804856,
        "max": 0.6111111111111112
      },
      "best_val_accuracy": {
        "mean": 0.6,
        "std": 0.04681194318431308,
        "max": 0.6944444444444444
      },
      "experiment_count": 10
    },
    {
      "parameters": {
        "DROPOUT": 0.5,
        "HIDDEN_CHANNELS": 64,
        "MAX_HOPS": 4,
        "NUM_LAYERS": 1,
        "TEMPERATURE": 2.0
      },
      "final_test_accuracy": {
        "mean": 0.5052631578947367,
        "std": 0.07424597884034677,
        "max": 0.6052631578947368
      },
      "best_test_accuracy": {
        "mean": 0.5105263157894737,
        "std": 0.08421052631578949,
        "max": 0.6052631578947368
      },
      "final_val_accuracy": {
        "mean": 0.4888888888888888,
        "std": 0.08534606386520677,
        "max": 0.5833333333333334
      },
      "best_val_accuracy": {
        "mean": 0.538888888888889,
        "std": 0.07777777777777779,
        "max": 0.6388888888888888
      },
      "experiment_count": 10
    },
    {
      "parameters": {
        "DROPOUT": 0.5,
        "HIDDEN_CHANNELS": 64,
        "MAX_HOPS": 4,
        "NUM_LAYERS": 1,
        "TEMPERATURE": 1.0
      },
      "final_test_accuracy": {
        "mean": 0.5026315789473684,
        "std": 0.05055098082183829,
        "max": 0.6052631578947368
      },
      "best_test_accuracy": {
        "mean": 0.5052631578947369,
        "std": 0.0653140718210045,
        "max": 0.631578947368421
      },
      "final_val_accuracy": {
        "mean": 0.49444444444444435,
        "std": 0.04082482904638632,
        "max": 0.5555555555555556
      },
      "best_val_accuracy": {
        "mean": 0.5583333333333333,
        "std": 0.05038432540893627,
        "max": 0.6388888888888888
      },
      "experiment_count": 10
    },
    {
      "parameters": {
        "DROPOUT": 0.5,
        "HIDDEN_CHANNELS": 64,
        "MAX_HOPS": 4,
        "NUM_LAYERS": 1,
        "TEMPERATURE": 0.5
      },
      "final_test_accuracy": {
        "mean": 0.5,
        "std": 0.06446025638903101,
        "max": 0.631578947368421
      },
      "best_test_accuracy": {
        "mean": 0.5236842105263158,
        "std": 0.084415868064976,
        "max": 0.6842105263157895
      },
      "final_val_accuracy": {
        "mean": 0.5361111111111112,
        "std": 0.03938179688543839,
        "max": 0.6388888888888888
      },
      "best_val_accuracy": {
        "mean": 0.5666666666666667,
        "std": 0.045133546692422,
        "max": 0.6666666666666666
      },
      "experiment_count": 10
    },
    {
      "parameters": {
        "DROPOUT": 0.5,
        "HIDDEN_CHANNELS": 64,
        "MAX_HOPS": 3,