{
  "experiment_info": {
    "timestamp": "2025-07-07 09:16:13",
    "dataset": "Citeseer",
    "model": "GCN"
  },
  "total_combinations": 6,
  "total_experiments": 60,
  "best_combination_by_val": {
    "parameters": {
      "DROPOUT": 0.5,
      "HIDDEN_CHANNELS": 64,
      "MAX_HOPS": 2,
      "NUM_LAYERS": 1,
      "TEMPERATURE": 0.5
    },
    "final_test_accuracy": {
      "mean": 0.610960960960961,
      "std": 0.017529025249158742,
      "max": 0.6351351351351351
    },
    "best_test_accuracy": {
      "mean": 0.6105105105105105,
      "std": 0.01942922056411028,
      "max": 0.6381381381381381
    },
    "final_val_accuracy": {
      "mean": 0.6210526315789473,
      "std": 0.021330073054432658,
      "max": 0.6451127819548872
    },
    "best_val_accuracy": {
      "mean": 0.6248120300751879,
      "std": 0.020850262592273752,
      "max": 0.6466165413533834
    },
    "experiment_count": 10
  },
  "best_combination_by_test": {
    "parameters": {
      "DROPOUT": 0.5,
      "HIDDEN_CHANNELS": 64,
      "MAX_HOPS": 3,
      "NUM_LAYERS": 1,
      "TEMPERATURE": 0.5
    },
    "final_test_accuracy": {
      "mean": 0.6235735735735736,
      "std": 0.01022896175991056,
      "max": 0.6396396396396397
    },
    "best_test_accuracy": {
      "mean": 0.6207207207207207,
      "std": 0.007361952355634389,
      "max": 0.6321321321321322
    },
    "final_val_accuracy": {
      "mean": 0.6130827067669173,
      "std": 0.010948566405574385,
      "max": 0.6360902255639098
    },
    "best_val_accuracy": {
      "mean": 0.6159398496240602,
      "std": 0.012440371657110627,
      "max": 0.643609022556391
    },
    "experiment_count": 10
  },
  "top_10_combinations": [
    {
      "parameters": {
        "DROPOUT": 0.5,
        "HIDDEN_CHANNELS": 64,
        "MAX_HOPS": 3,
        "NUM_LAYERS": 1,
        "TEMPERATURE": 0.5
      },
      "final_test_accuracy": {
        "mean": 0.6235735735735736,
        "std": 0.01022896175991056,
        "max": 0.6396396396396397
      },
      "best_test_accuracy": {
        "mean": 0.6207207207207207,
        "std": 0.007361952355634389,
        "max": 0.6321321321321322
      },
      "final_val_accuracy": {
        "mean": 0.6130827067669173,
        "std": 0.010948566405574385,
        "max": 0.6360902255639098
      },
      "best_val_accuracy": {
        "mean": 0.6159398496240602,
        "std": 0.012440371657110627,
        "max": 0.643609022556391
      },
      "experiment_count": 10
    },
    {
      "parameters": {
        "DROPOUT": 0.5,
        "HIDDEN_CHANNELS": 64,
        "MAX_HOPS": 2,
        "NUM_LAYERS": 1,
        "TEMPERATURE": 0.5
      },
      "final_test_accuracy": {
        "mean": 0.610960960960961,
        "std": 0.017529025249158742,
        "max": 0.6351351351351351
      },
      "best_test_accuracy": {
        "mean": 0.6105105105105105,
        "std": 0.01942922056411028,
        "max": 0.6381381381381381
      },
      "final_val_accuracy": {
        "mean": 0.6210526315789473,
        "std": 0.021330073054432658,
        "max": 0.6451127819548872
      },
      "best_val_accuracy": {
        "mean": 0.6248120300751879,
        "std": 0.020850262592273752,
        "max": 0.6466165413533834
      },
      "experiment_count": 10
    },
    {
      "parameters": {
        "DROPOUT": 0.5,
        "HIDDEN_CHANNELS": 64,
        "MAX_HOPS": 4,
        "NUM_LAYERS": 1,
        "TEMPERATURE": 0.5
      },
      "final_test_accuracy": {
        "mean": 0.6105105105105105,
        "std": 0.019521829385159166,
        "max": 0.6426426426426426
      },
      "best_test_accuracy": {
        "mean": 0.6070570570570571,
        "std": 0.01727770933777628,
        "max": 0.6336336336336337
      },
      "final_val_accuracy": {
        "mean": 0.6189473684210527,
        "std": 0.017667733104029484,
        "max": 0.6556390977443609
      },
      "best_val_accuracy": {
        "mean": 0.6231578947368421,
        "std": 0.016922472056102495,
        "max": 0.6586466165413534
      },
      "experiment_count": 10
    },
    {
      "parameters": {
        "DROPOUT": 0.5,
        "HIDDEN_CHANNELS": 64,
        "MAX_HOPS": 4,
        "NUM_LAYERS": 2,
        "TEMPERATURE": 0.5
      },
      "final_test_accuracy": {
        "mean": 0.23678678678678683,
        "std": 0.06213767633690754,
        "max": 0.3663663663663664
      },
      "best_test_accuracy": {
        "mean": 0.2699699699699699,
        "std": 0.08590320915615031,
        "max": 0.45045045045045046
      },
      "final_val_accuracy": {
        "mean": 0.22676691729323303,
        "std": 0.05746564943463456,
        "max": 0.3593984962406015
      },
      "best_val_accuracy": {
        "mean": 0.27383458646616543,
        "std": 0.08574185020441831,
        "max": 0.4616541353383459
      },
      "experiment_count": 10
    },
    {
      "parameters": {
        "DROPOUT": 0.5,
        "HIDDEN_CHANNELS": 64,
        "MAX_HOPS": 3,
        "NUM_LAYERS": 2,
        "TEMPERATURE": 0.5
      },
      "final_test_accuracy": {
        "mean": 0.20135135135135135,
        "std": 0.01539240446793462,
        "max": 0.21921921921921922
      },
      "best_test_accuracy": {
        "mean": 0.21096096096096098,
        "std": 0.03789767183915293,
        "max": 0.3183183183183183
      },
      "final_val_accuracy": {
        "mean": 0.2049624060150376,
        "std": 0.02389085173561812,
        "max": 0.24511278195488723
      },
      "best_val_accuracy": {
        "mean": 0.23398496240601507,
        "std": 0.03716568048591494,
        "max": 0.34285714285714286
      },
      "experiment_count": 10
    },
    {
      "parameters": {
        "DROPOUT": 0.5,
        "HIDDEN_CHANNELS": 64,
        "MAX_HOPS": 2,
        "NUM_LAYERS": 2,
        "TEMPERATURE": 0.5
      },
      "final_test_accuracy": {
        "mean": 0.19984984984984985,
        "std": 0.019432121270381072,
        "max": 0.22672672672672672
      },
      "best_test_accuracy": {
        "mean": 0.24429429429429433,
        "std": 0.059940007642875215,
        "max": 0.35435435435435436
      },
      "final_val_accuracy": {
        "mean": 0.20240601503759398,
        "std": 0.016184810883697692,
        "max": 0.22406015037593985
      },
      "best_val_accuracy": {
        "mean": 0.251578947368421,
        "std": 0.05237337307710447,
        "max": 0.3533834586466165
      },
      "experiment_count": 10
    }
  ],
  "all_combinations": [
    {
      "parameters": {
        "DROPOUT": 0.5,
        "HIDDEN_CHANNELS": 64,
        "MAX_HOPS": 3,
        "NUM_LAYERS": 1,
        "TEMPERATURE": 0.5
      },
      "final_test_accuracy": {
        "mean": 0.6235735735735736,
        "std": 0.01022896175991056,
        "max": 0.6396396396396397
      },
      "best_test_accuracy": {
        "mean": 0.6207207207207207,
        "std": 0.007361952355634389,
        "max": 0.6321321321321322
      },
      "final_val_accuracy": {
        "mean": 0.6130827067669173,
        "std": 0.010948566405574385,
        "max": 0.6360902255639098
      },
      "best_val_accuracy": {
        "mean": 0.6159398496240602,
        "std": 0.012440371657110627,
        "max": 0.643609022556391
      },
      "experiment_count": 10
    },
    {
      "parameters": {
        "DROPOUT": 0.5,
        "HIDDEN_CHANNELS": 64,
        "MAX_HOPS": 2,
        "NUM_LAYERS": 1,
        "TEMPERATURE": 0.5
      },
      "final_test_accuracy": {
        "mean": 0.610960960960961,
        "std": 0.017529025249158742,
        "max": 0.6351351351351351
      },
      "best_test_accuracy": {
        "mean": 0.6105105105105105,
        "std": 0.01942922056411028,
        "max": 0.6381381381381381
      },
      "final_val_accuracy": {
        "mean": 0.6210526315789473,
        "std": 0.021330073054432658,
        "max": 0.6451127819548872
      },
      "best_val_accuracy": {
        "mean": 0.6248120300751879,
        "std": 0.020850262592273752,
        "max": 0.6466165413533834
      },