{
  "experiment_info": {
    "timestamp": "2025-07-07 01:23:01",
    "dataset": "Texas",
    "model": "RobustH2GCN"
  },
  "total_experiments": 60,
  "final_results": {
    "train": {
      "mean": 0.8266055045871561,
      "std": 0.06199056613112481
    },
    "val": {
      "mean": 0.7004629629629631,
      "std": 0.08548031604250785
    },
    "test": {
      "mean": 0.7,
      "std": 0.07129587991654772
    }
  },
  "best_results": {
    "val": {
      "mean": 0.725925925925926,
      "std": 0.0805821582297577
    },
    "test": {
      "mean": 0.6758771929824562,
      "std": 0.08103834270647371
    }
  },
  "early_stopping": {
    "early_stopped_experiments": 60,
    "early_stopping_rate": 1.0,
    "average_stopping_epoch": 82.28333333333333,
    "stopping_epoch_std": 31.008112737726485,
    "stopping_epoch_range": [
      50,
      182
    ]
  },
  "feature_modification": {
    "modifications_applied": 1,
    "modification_types": [
      "noise"
    ]
  }
}