{
  "experiment_info": {
    "timestamp": "2025-07-07 01:23:01",
    "dataset": "Texas",
    "model": "RobustH2GCN"
  },
  "total_combinations": 6,
  "total_experiments": 60,
  "best_combination_by_val": {
    "parameters": {
      "DROPOUT": 0.5,
      "HIDDEN_CHANNELS": 64,
      "MAX_HOPS": 4,
      "NUM_LAYERS": 1,
      "TEMPERATURE": 2.0
    },
    "final_test_accuracy": {
      "mean": 0.6763157894736842,
      "std": 0.06233010148593164,
      "max": 0.7894736842105263
    },
    "best_test_accuracy": {
      "mean": 0.644736842105263,
      "std": 0.06578947368421052,
      "max": 0.7631578947368421
    },
    "final_val_accuracy": {
      "mean": 0.736111111111111,
      "std": 0.09233761188108144,
      "max": 0.8888888888888888
    },
    "best_val_accuracy": {
      "mean": 0.7472222222222222,
      "std": 0.09082101513484342,
      "max": 0.8888888888888888
    },
    "experiment_count": 10
  },
  "best_combination_by_test": {
    "parameters": {
      "DROPOUT": 0.5,
      "HIDDEN_CHANNELS": 64,
      "MAX_HOPS": 3,
      "NUM_LAYERS": 1,
      "TEMPERATURE": 2.0
    },
    "final_test_accuracy": {
      "mean": 0.7394736842105263,
      "std": 0.09150178237217742,
      "max": 0.868421052631579
    },
    "best_test_accuracy": {
      "mean": 0.7026315789473684,
      "std": 0.11291283133118386,
      "max": 0.7894736842105263
    },
    "final_val_accuracy": {
      "mean": 0.7,
      "std": 0.060603956192420635,
      "max": 0.7777777777777778
    },
    "best_val_accuracy": {
      "mean": 0.7194444444444444,
      "std": 0.053359368645273735,
      "max": 0.7777777777777778
    },
    "experiment_count": 10
  },
  "top_10_combinations": [
    {
      "parameters": {
        "DROPOUT": 0.5,
        "HIDDEN_CHANNELS": 64,
        "MAX_HOPS": 3,
        "NUM_LAYERS": 1,
        "TEMPERATURE": 2.0
      },
      "final_test_accuracy": {
        "mean": 0.7394736842105263,
        "std": 0.09150178237217742,
        "max": 0.868421052631579
      },
      "best_test_accuracy": {
        "mean": 0.7026315789473684,
        "std": 0.11291283133118386,
        "max": 0.7894736842105263
      },
      "final_val_accuracy": {
        "mean": 0.7,
        "std": 0.060603956192420635,
        "max": 0.7777777777777778
      },
      "best_val_accuracy": {
        "mean": 0.7194444444444444,
        "std": 0.053359368645273735,
        "max": 0.7777777777777778
      },
      "experiment_count": 10
    },
    {
      "parameters": {
        "DROPOUT": 0.5,
        "HIDDEN_CHANNELS": 64,
        "MAX_HOPS": 2,
        "NUM_LAYERS": 1,
        "TEMPERATURE": 2.0
      },
      "final_test_accuracy": {
        "mean": 0.6973684210526316,
        "std": 0.07916636292890171,
        "max": 0.8157894736842105
      },
      "best_test_accuracy": {
        "mean": 0.6552631578947369,
        "std": 0.09521080271118708,
        "max": 0.7894736842105263
      },
      "final_val_accuracy": {
        "mean": 0.711111111111111,
        "std": 0.11055415967851334,
        "max": 0.8611111111111112
      },
      "best_val_accuracy": {
        "mean": 0.7277777777777777,
        "std": 0.10304020550550783,
        "max": 0.8611111111111112
      },
      "experiment_count": 10
    },
    {
      "parameters": {
        "DROPOUT": 0.5,
        "HIDDEN_CHANNELS": 64,
        "MAX_HOPS": 4,
        "NUM_LAYERS": 1,
        "TEMPERATURE": 0.5
      },
      "final_test_accuracy": {
        "mean": 0.6973684210526316,
        "std": 0.0376784764823062,
        "max": 0.7894736842105263
      },
      "best_test_accuracy": {
        "mean": 0.7026315789473683,
        "std": 0.05269732735394945,
        "max": 0.7894736842105263
      },
      "final_val_accuracy": {
        "mean": 0.6916666666666667,
        "std": 0.06626033578820313,
        "max": 0.8055555555555556
      },
      "best_val_accuracy": {
        "mean": 0.7305555555555555,
        "std": 0.04656404059511171,
        "max": 0.8333333333333334
      },
      "experiment_count": 10
    },
    {
      "parameters": {
        "DROPOUT": 0.5,
        "HIDDEN_CHANNELS": 64,
        "MAX_HOPS": 2,
        "NUM_LAYERS": 1,
        "TEMPERATURE": 0.5
      },
      "final_test_accuracy": {
        "mean": 0.6973684210526315,
        "std": 0.06472828355920444,
        "max": 0.8157894736842105
      },
      "best_test_accuracy": {
        "mean": 0.6894736842105262,
        "std": 0.043719072962726716,
        "max": 0.7631578947368421
      },
      "final_val_accuracy": {
        "mean": 0.6722222222222223,
        "std": 0.08498365855987976,
        "max": 0.8055555555555556
      },
      "best_val_accuracy": {
        "mean": 0.711111111111111,
        "std": 0.10258991840344106,
        "max": 0.8611111111111112
      },
      "experiment_count": 10
    },
    {
      "parameters": {
        "DROPOUT": 0.5,
        "HIDDEN_CHANNELS": 64,
        "MAX_HOPS": 3,
        "NUM_LAYERS": 1,
        "TEMPERATURE": 0.5
      },
      "final_test_accuracy": {
        "mean": 0.6921052631578948,
        "std": 0.06451395090595402,
        "max": 0.7894736842105263
      },
      "best_test_accuracy": {
        "mean": 0.6605263157894736,
        "std": 0.07297591907295814,
        "max": 0.7894736842105263
      },
      "final_val_accuracy": {
        "mean": 0.6916666666666667,
        "std": 0.07396403864274638,
        "max": 0.8055555555555556
      },
      "best_val_accuracy": {
        "mean": 0.7194444444444443,
        "std": 0.061425956631933294,
        "max": 0.8333333333333334
      },
      "experiment_count": 10
    },
    {
      "parameters": {
        "DROPOUT": 0.5,
        "HIDDEN_CHANNELS": 64,
        "MAX_HOPS": 4,
        "NUM_LAYERS": 1,
        "TEMPERATURE": 2.0
      },
      "final_test_accuracy": {
        "mean": 0.6763157894736842,
        "std": 0.06233010148593164,
        "max": 0.7894736842105263
      },
      "best_test_accuracy": {
        "mean": 0.644736842105263,
        "std": 0.06578947368421052,
        "max": 0.7631578947368421
      },
      "final_val_accuracy": {
        "mean": 0.736111111111111,
        "std": 0.09233761188108144,
        "max": 0.8888888888888888
      },
      "best_val_accuracy": {
        "mean": 0.7472222222222222,
        "std": 0.09082101513484342,
        "max": 0.8888888888888888
      },
      "experiment_count": 10
    }
  ],
  "all_combinations": [
    {
      "parameters": {
        "DROPOUT": 0.5,
        "HIDDEN_CHANNELS": 64,
        "MAX_HOPS": 3,
        "NUM_LAYERS": 1,
        "TEMPERATURE": 2.0
      },
      "final_test_accuracy": {
        "mean": 0.7394736842105263,
        "std": 0.09150178237217742,
        "max": 0.868421052631579
      },
      "best_test_accuracy": {
        "mean": 0.7026315789473684,
        "std": 0.11291283133118386,
        "max": 0.7894736842105263
      },
      "final_val_accuracy": {
        "mean": 0.7,
        "std": 0.060603956192420635,
        "max": 0.7777777777777778
      },
      "best_val_accuracy": {
        "mean": 0.7194444444444444,
        "std": 0.053359368645273735,
        "max": 0.7777777777777778
      },
      "experiment_count": 10
    },
    {
      "parameters": {
        "DROPOUT": 0.5,
        "HIDDEN_CHANNELS": 64,
        "MAX_HOPS": 2,
        "NUM_LAYERS": 1,
        "TEMPERATURE": 2.0
      },
      "final_test_accuracy": {
        "mean": 0.6973684210526316,
        "std": 0.07916636292890171,
        "max": 0.8157894736842105
      },
      "best_test_accuracy": {
        "mean": 0.6552631578947369,
        "std": 0.09521080271118708,
        "max": 0.7894736842105263
      },
      "final_val_accuracy": {
        "mean": 0.711111111111111,
        "std": 0.11055415967851334,
        "max": 0.8611111111111112
      },
      "best_val_accuracy": {
        "mean": 0.7277777777777777,
        "std": 0.10304020550550783,
        "max": 0.8611111111111112
      },
      "experiment_count": 10
    },
    {
      "parameters": {
        "DROPOUT": 0.5,