{
  "experiment_info": {
    "timestamp": "2025-07-05 12:24:52",
    "dataset": "Wisconsin",
    "model": "RGCN"
  },
  "total_experiments": 60,
  "final_results": {
    "train": {
      "mean": 0.9844444444444446,
      "std": 0.01774997826463631
    },
    "val": {
      "mean": 0.6406666666666666,
      "std": 0.1197200438059095
    },
    "test": {
      "mean": 0.6366013071895426,
      "std": 0.11402185109919716
    }
  },
  "best_results": {
    "val": {
      "mean": 0.7150000000000001,
      "std": 0.10786565718522277
    },
    "test": {
      "mean": 0.6480392156862746,
      "std": 0.12418773640803252
    }
  },
  "early_stopping": {
    "early_stopped_experiments": 60,
    "early_stopping_rate": 1.0,
    "average_stopping_epoch": 67.41666666666667,
    "stopping_epoch_std": 18.754814196775065,
    "stopping_epoch_range": [
      50,
      141
    ]
  },
  "feature_modification": {
    "modifications_applied": 1,
    "modification_types": [
      "missingness"
    ]
  }
}