{
  "experiment_info": {
    "timestamp": "2025-07-05 12:24:52",
    "dataset": "Wisconsin",
    "model": "RGCN"
  },
  "total_combinations": 6,
  "total_experiments": 60,
  "best_combination_by_val": {
    "parameters": {
      "DROPOUT": 0.5,
      "HIDDEN_CHANNELS": 64,
      "MAX_HOPS": 4,
      "NUM_LAYERS": 1,
      "TEMPERATURE": 0.5
    },
    "final_test_accuracy": {
      "mean": 0.7078431372549019,
      "std": 0.03556540617101382,
      "max": 0.7647058823529411
    },
    "best_test_accuracy": {
      "mean": 0.7490196078431373,
      "std": 0.05736760328755998,
      "max": 0.8627450980392157
    },
    "final_val_accuracy": {
      "mean": 0.76,
      "std": 0.0748331477354788,
      "max": 0.86
    },
    "best_val_accuracy": {
      "mean": 0.826,
      "std": 0.054442630355264796,
      "max": 0.92
    },
    "experiment_count": 10
  },
  "best_combination_by_test": {
    "parameters": {
      "DROPOUT": 0.5,
      "HIDDEN_CHANNELS": 64,
      "MAX_HOPS": 3,
      "NUM_LAYERS": 1,
      "TEMPERATURE": 0.5
    },
    "final_test_accuracy": {
      "mean": 0.7529411764705882,
      "std": 0.07604203697907969,
      "max": 0.8235294117647058
    },
    "best_test_accuracy": {
      "mean": 0.7686274509803922,
      "std": 0.08671899759802341,
      "max": 0.9215686274509803
    },
    "final_val_accuracy": {
      "mean": 0.72,
      "std": 0.05796550698475776,
      "max": 0.78
    },
    "best_val_accuracy": {
      "mean": 0.7899999999999999,
      "std": 0.06708203932499367,
      "max": 0.86
    },
    "experiment_count": 10
  },
  "top_10_combinations": [
    {
      "parameters": {
        "DROPOUT": 0.5,
        "HIDDEN_CHANNELS": 64,
        "MAX_HOPS": 3,
        "NUM_LAYERS": 1,
        "TEMPERATURE": 0.5
      },
      "final_test_accuracy": {
        "mean": 0.7529411764705882,
        "std": 0.07604203697907969,
        "max": 0.8235294117647058
      },
      "best_test_accuracy": {
        "mean": 0.7686274509803922,
        "std": 0.08671899759802341,
        "max": 0.9215686274509803
      },
      "final_val_accuracy": {
        "mean": 0.72,
        "std": 0.05796550698475776,
        "max": 0.78
      },
      "best_val_accuracy": {
        "mean": 0.7899999999999999,
        "std": 0.06708203932499367,
        "max": 0.86
      },
      "experiment_count": 10
    },
    {
      "parameters": {
        "DROPOUT": 0.5,
        "HIDDEN_CHANNELS": 64,
        "MAX_HOPS": 2,
        "NUM_LAYERS": 1,
        "TEMPERATURE": 0.5
      },
      "final_test_accuracy": {
        "mean": 0.7392156862745098,
        "std": 0.05337512779927922,
        "max": 0.8431372549019608
      },
      "best_test_accuracy": {
        "mean": 0.7490196078431373,
        "std": 0.04187089510600514,
        "max": 0.803921568627451
      },
      "final_val_accuracy": {
        "mean": 0.732,
        "std": 0.08207313811473277,
        "max": 0.9
      },
      "best_val_accuracy": {
        "mean": 0.792,
        "std": 0.06823488843692792,
        "max": 0.92
      },
      "experiment_count": 10
    },
    {
      "parameters": {
        "DROPOUT": 0.5,
        "HIDDEN_CHANNELS": 64,
        "MAX_HOPS": 4,
        "NUM_LAYERS": 1,
        "TEMPERATURE": 0.5
      },
      "final_test_accuracy": {
        "mean": 0.7078431372549019,
        "std": 0.03556540617101382,
        "max": 0.7647058823529411
      },
      "best_test_accuracy": {
        "mean": 0.7490196078431373,
        "std": 0.05736760328755998,
        "max": 0.8627450980392157
      },
      "final_val_accuracy": {
        "mean": 0.76,
        "std": 0.0748331477354788,
        "max": 0.86
      },
      "best_val_accuracy": {
        "mean": 0.826,
        "std": 0.054442630355264796,
        "max": 0.92
      },
      "experiment_count": 10
    },
    {
      "parameters": {
        "DROPOUT": 0.5,
        "HIDDEN_CHANNELS": 64,
        "MAX_HOPS": 2,
        "NUM_LAYERS": 2,
        "TEMPERATURE": 0.5
      },
      "final_test_accuracy": {
        "mean": 0.5450980392156863,
        "std": 0.06431850771316362,
        "max": 0.6274509803921569
      },
      "best_test_accuracy": {
        "mean": 0.5529411764705883,
        "std": 0.043668740100627636,
        "max": 0.6470588235294118
      },
      "final_val_accuracy": {
        "mean": 0.5279999999999999,
        "std": 0.05600000000000001,
        "max": 0.62
      },
      "best_val_accuracy": {
        "mean": 0.624,
        "std": 0.03878143885933064,
        "max": 0.7
      },
      "experiment_count": 10
    },
    {
      "parameters": {
        "DROPOUT": 0.5,
        "HIDDEN_CHANNELS": 64,
        "MAX_HOPS": 3,
        "NUM_LAYERS": 2,
        "TEMPERATURE": 0.5
      },
      "final_test_accuracy": {
        "mean": 0.5450980392156862,
        "std": 0.06188130916886079,
        "max": 0.6470588235294118
      },
      "best_test_accuracy": {
        "mean": 0.5686274509803921,
        "std": 0.051877476687540995,
        "max": 0.6666666666666666
      },
      "final_val_accuracy": {
        "mean": 0.5119999999999999,
        "std": 0.038157568056677825,
        "max": 0.58
      },
      "best_val_accuracy": {
        "mean": 0.606,
        "std": 0.06199999999999999,
        "max": 0.72
      },
      "experiment_count": 10
    },
    {
      "parameters": {
        "DROPOUT": 0.5,
        "HIDDEN_CHANNELS": 64,
        "MAX_HOPS": 4,
        "NUM_LAYERS": 2,
        "TEMPERATURE": 0.5
      },
      "final_test_accuracy": {
        "mean": 0.5294117647058824,
        "std": 0.052613364176465637,
        "max": 0.5882352941176471
      },
      "best_test_accuracy": {
        "mean": 0.5,
        "std": 0.05631924163272575,
        "max": 0.6078431372549019
      },
      "final_val_accuracy": {
        "mean": 0.5919999999999999,
        "std": 0.07222188034107116,
        "max": 0.68
      },
      "best_val_accuracy": {
        "mean": 0.6519999999999999,
        "std": 0.06584831053261729,
        "max": 0.74
      },
      "experiment_count": 10
    }
  ],
  "all_combinations": [
    {
      "parameters": {
        "DROPOUT": 0.5,
        "HIDDEN_CHANNELS": 64,
        "MAX_HOPS": 3,
        "NUM_LAYERS": 1,
        "TEMPERATURE": 0.5
      },
      "final_test_accuracy": {
        "mean": 0.7529411764705882,
        "std": 0.07604203697907969,
        "max": 0.8235294117647058
      },
      "best_test_accuracy": {
        "mean": 0.7686274509803922,
        "std": 0.08671899759802341,
        "max": 0.9215686274509803
      },
      "final_val_accuracy": {
        "mean": 0.72,
        "std": 0.05796550698475776,
        "max": 0.78
      },
      "best_val_accuracy": {
        "mean": 0.7899999999999999,
        "std": 0.06708203932499367,
        "max": 0.86
      },
      "experiment_count": 10
    },
    {
      "parameters": {
        "DROPOUT": 0.5,
        "HIDDEN_CHANNELS": 64,
        "MAX_HOPS": 2,
        "NUM_LAYERS": 1,
        "TEMPERATURE": 0.5
      },
      "final_test_accuracy": {
        "mean": 0.7392156862745098,
        "std": 0.05337512779927922,
        "max": 0.8431372549019608
      },
      "best_test_accuracy": {
        "mean": 0.7490196078431373,
        "std": 0.04187089510600514,
        "max": 0.803921568627451
      },
      "final_val_accuracy": {
        "mean": 0.732,
        "std": 0.08207313811473277,
        "max": 0.9
      },
      "best_val_accuracy": {
        "mean": 0.792,
        "std": 0.06823488843692792,
        "max": 0.92
      },
      "experiment_count": 10
    },
    {
      "parameters": {
        "DROPOUT": 0.5,
        "HIDDEN_CHANNELS": 64,
        "MAX_HOPS": 4,
        "NUM_LAYERS": 1,
        "TEMPERATURE": 0.5
      },
      "final_test_accuracy": {
        "mean": 0.7078431372549019,
        "std": 0.03556540617101382,
        "max": 0.7647058823529411
      },
      "best_test_accuracy": {
        "mean": 0.7490196078431373,
        "std": 0.05736760328755998,
        "max": 0.8627450980392157
      },