{
  "experiment_info": {
    "timestamp": "2025-07-05 12:19:19",
    "dataset": "Wisconsin",
    "model": "GCN"
  },
  "total_combinations": 6,
  "total_experiments": 60,
  "best_combination_by_val": {
    "parameters": {
      "DROPOUT": 0.5,
      "HIDDEN_CHANNELS": 64,
      "MAX_HOPS": 3,
      "NUM_LAYERS": 2,
      "TEMPERATURE": 0.5
    },
    "final_test_accuracy": {
      "mean": 0.488235294117647,
      "std": 0.037665436690781456,
      "max": 0.5686274509803921
    },
    "best_test_accuracy": {
      "mean": 0.488235294117647,
      "std": 0.037665436690781456,
      "max": 0.5686274509803921
    },
    "final_val_accuracy": {
      "mean": 0.4879999999999999,
      "std": 0.04019950248448357,
      "max": 0.54
    },
    "best_val_accuracy": {
      "mean": 0.4879999999999999,
      "std": 0.04019950248448357,
      "max": 0.54
    },
    "experiment_count": 10
  },
  "best_combination_by_test": {
    "parameters": {
      "DROPOUT": 0.5,
      "HIDDEN_CHANNELS": 64,
      "MAX_HOPS": 3,
      "NUM_LAYERS": 2,
      "TEMPERATURE": 0.5
    },
    "final_test_accuracy": {
      "mean": 0.488235294117647,
      "std": 0.037665436690781456,
      "max": 0.5686274509803921
    },
    "best_test_accuracy": {
      "mean": 0.488235294117647,
      "std": 0.037665436690781456,
      "max": 0.5686274509803921
    },
    "final_val_accuracy": {
      "mean": 0.4879999999999999,
      "std": 0.04019950248448357,
      "max": 0.54
    },
    "best_val_accuracy": {
      "mean": 0.4879999999999999,
      "std": 0.04019950248448357,
      "max": 0.54
    },
    "experiment_count": 10
  },
  "top_10_combinations": [
    {
      "parameters": {
        "DROPOUT": 0.5,
        "HIDDEN_CHANNELS": 64,
        "MAX_HOPS": 3,
        "NUM_LAYERS": 2,
        "TEMPERATURE": 0.5
      },
      "final_test_accuracy": {
        "mean": 0.488235294117647,
        "std": 0.037665436690781456,
        "max": 0.5686274509803921
      },
      "best_test_accuracy": {
        "mean": 0.488235294117647,
        "std": 0.037665436690781456,
        "max": 0.5686274509803921
      },
      "final_val_accuracy": {
        "mean": 0.4879999999999999,
        "std": 0.04019950248448357,
        "max": 0.54
      },
      "best_val_accuracy": {
        "mean": 0.4879999999999999,
        "std": 0.04019950248448357,
        "max": 0.54
      },
      "experiment_count": 10
    },
    {
      "parameters": {
        "DROPOUT": 0.5,
        "HIDDEN_CHANNELS": 64,
        "MAX_HOPS": 2,
        "NUM_LAYERS": 1,
        "TEMPERATURE": 0.5
      },
      "final_test_accuracy": {
        "mean": 0.48431372549019613,
        "std": 0.06907417628944526,
        "max": 0.5882352941176471
      },
      "best_test_accuracy": {
        "mean": 0.48431372549019613,
        "std": 0.06907417628944526,
        "max": 0.5882352941176471
      },
      "final_val_accuracy": {
        "mean": 0.472,
        "std": 0.09516301802696256,
        "max": 0.66
      },
      "best_val_accuracy": {
        "mean": 0.472,
        "std": 0.09516301802696256,
        "max": 0.66
      },
      "experiment_count": 10
    },
    {
      "parameters": {
        "DROPOUT": 0.5,
        "HIDDEN_CHANNELS": 64,
        "MAX_HOPS": 3,
        "NUM_LAYERS": 1,
        "TEMPERATURE": 0.5
      },
      "final_test_accuracy": {
        "mean": 0.48039215686274506,
        "std": 0.06806492140278345,
        "max": 0.6078431372549019
      },
      "best_test_accuracy": {
        "mean": 0.48039215686274506,
        "std": 0.06806492140278345,
        "max": 0.6078431372549019
      },
      "final_val_accuracy": {
        "mean": 0.4660000000000001,
        "std": 0.05868560300448485,
        "max": 0.54
      },
      "best_val_accuracy": {
        "mean": 0.4660000000000001,
        "std": 0.05868560300448485,
        "max": 0.54
      },
      "experiment_count": 10
    },
    {
      "parameters": {
        "DROPOUT": 0.5,
        "HIDDEN_CHANNELS": 64,
        "MAX_HOPS": 4,
        "NUM_LAYERS": 1,
        "TEMPERATURE": 0.5
      },
      "final_test_accuracy": {
        "mean": 0.4666666666666667,
        "std": 0.052467012393175104,
        "max": 0.5882352941176471
      },
      "best_test_accuracy": {
        "mean": 0.4666666666666667,
        "std": 0.052467012393175104,
        "max": 0.5882352941176471
      },
      "final_val_accuracy": {
        "mean": 0.48200000000000004,
        "std": 0.06838128398911504,
        "max": 0.64
      },
      "best_val_accuracy": {
        "mean": 0.48200000000000004,
        "std": 0.06838128398911504,
        "max": 0.64
      },
      "experiment_count": 10
    },
    {
      "parameters": {
        "DROPOUT": 0.5,
        "HIDDEN_CHANNELS": 64,
        "MAX_HOPS": 4,
        "NUM_LAYERS": 2,
        "TEMPERATURE": 0.5
      },
      "final_test_accuracy": {
        "mean": 0.46078431372549017,
        "std": 0.0651794907395869,
        "max": 0.6078431372549019
      },
      "best_test_accuracy": {
        "mean": 0.46078431372549017,
        "std": 0.0651794907395869,
        "max": 0.6078431372549019
      },
      "final_val_accuracy": {
        "mean": 0.466,
        "std": 0.03903844259188627,
        "max": 0.52
      },
      "best_val_accuracy": {
        "mean": 0.466,
        "std": 0.03903844259188627,
        "max": 0.52
      },
      "experiment_count": 10
    },
    {
      "parameters": {
        "DROPOUT": 0.5,
        "HIDDEN_CHANNELS": 64,
        "MAX_HOPS": 2,
        "NUM_LAYERS": 2,
        "TEMPERATURE": 0.5
      },
      "final_test_accuracy": {
        "mean": 0.45882352941176474,
        "std": 0.04975912760960596,
        "max": 0.5294117647058824
      },
      "best_test_accuracy": {
        "mean": 0.45882352941176474,
        "std": 0.04975912760960596,
        "max": 0.5294117647058824
      },
      "final_val_accuracy": {
        "mean": 0.44799999999999995,
        "std": 0.0658483105326173,
        "max": 0.52
      },
      "best_val_accuracy": {
        "mean": 0.44799999999999995,
        "std": 0.0658483105326173,
        "max": 0.52
      },
      "experiment_count": 10
    }
  ],
  "all_combinations": [
    {
      "parameters": {
        "DROPOUT": 0.5,
        "HIDDEN_CHANNELS": 64,
        "MAX_HOPS": 3,
        "NUM_LAYERS": 2,
        "TEMPERATURE": 0.5
      },
      "final_test_accuracy": {
        "mean": 0.488235294117647,
        "std": 0.037665436690781456,
        "max": 0.5686274509803921
      },
      "best_test_accuracy": {
        "mean": 0.488235294117647,
        "std": 0.037665436690781456,
        "max": 0.5686274509803921
      },
      "final_val_accuracy": {
        "mean": 0.4879999999999999,
        "std": 0.04019950248448357,
        "max": 0.54
      },
      "best_val_accuracy": {
        "mean": 0.4879999999999999,
        "std": 0.04019950248448357,
        "max": 0.54
      },
      "experiment_count": 10
    },
    {
      "parameters": {
        "DROPOUT": 0.5,
        "HIDDEN_CHANNELS": 64,
        "MAX_HOPS": 2,
        "NUM_LAYERS": 1,
        "TEMPERATURE": 0.5
      },
      "final_test_accuracy": {
        "mean": 0.48431372549019613,
        "std": 0.06907417628944526,
        "max": 0.5882352941176471
      },
      "best_test_accuracy": {
        "mean": 0.48431372549019613,
        "std": 0.06907417628944526,
        "max": 0.5882352941176471
      },
      "final_val_accuracy": {
        "mean": 0.472,
        "std": 0.09516301802696256,
        "max": 0.66
      },
      "best_val_accuracy": {
        "mean": 0.472,
        "std": 0.09516301802696256,
        "max": 0.66
      },
      "experiment_count": 10
    },
    {
      "parameters": {
        "DROPOUT": 0.5,
        "HIDDEN_CHANNELS": 64,
        "MAX_HOPS": 3,
        "NUM_LAYERS": 1,
        "TEMPERATURE": 0.5
      },
      "final_test_accuracy": {
        "mean": 0.48039215686274506,
        "std": 0.06806492140278345,
        "max": 0.6078431372549019
      },