{
  "experiment_info": {
    "timestamp": "2025-07-05 23:12:05",
    "dataset": "Citeseer",
    "model": "RobustH2GCN"
  },
  "total_combinations": 6,
  "total_experiments": 60,
  "best_combination_by_val": {
    "parameters": {
      "DROPOUT": 0.5,
      "HIDDEN_CHANNELS": 64,
      "MAX_HOPS": 3,
      "NUM_LAYERS": 1,
      "TEMPERATURE": 2.0
    },
    "final_test_accuracy": {
      "mean": 0.7516516516516517,
      "std": 0.016976929759882967,
      "max": 0.7762762762762763
    },
    "best_test_accuracy": {
      "mean": 0.7657657657657657,
      "std": 0.014588537899689027,
      "max": 0.7942942942942943
    },
    "final_val_accuracy": {
      "mean": 0.7574436090225565,
      "std": 0.011051352797998867,
      "max": 0.7759398496240602
    },
    "best_val_accuracy": {
      "mean": 0.7804511278195488,
      "std": 0.009366864061592437,
      "max": 0.7969924812030075
    },
    "experiment_count": 10
  },
  "best_combination_by_test": {
    "parameters": {
      "DROPOUT": 0.5,
      "HIDDEN_CHANNELS": 64,
      "MAX_HOPS": 3,
      "NUM_LAYERS": 1,
      "TEMPERATURE": 0.5
    },
    "final_test_accuracy": {
      "mean": 0.7593093093093092,
      "std": 0.023569747781594198,
      "max": 0.7912912912912913
    },
    "best_test_accuracy": {
      "mean": 0.7656156156156155,
      "std": 0.010795158839650872,
      "max": 0.7822822822822822
    },
    "final_val_accuracy": {
      "mean": 0.7509774436090225,
      "std": 0.017693312577543127,
      "max": 0.7804511278195488
    },
    "best_val_accuracy": {
      "mean": 0.7687218045112781,
      "std": 0.015610152508103426,
      "max": 0.7909774436090226
    },
    "experiment_count": 10
  },
  "top_10_combinations": [
    {
      "parameters": {
        "DROPOUT": 0.5,
        "HIDDEN_CHANNELS": 64,
        "MAX_HOPS": 3,
        "NUM_LAYERS": 1,
        "TEMPERATURE": 0.5
      },
      "final_test_accuracy": {
        "mean": 0.7593093093093092,
        "std": 0.023569747781594198,
        "max": 0.7912912912912913
      },
      "best_test_accuracy": {
        "mean": 0.7656156156156155,
        "std": 0.010795158839650872,
        "max": 0.7822822822822822
      },
      "final_val_accuracy": {
        "mean": 0.7509774436090225,
        "std": 0.017693312577543127,
        "max": 0.7804511278195488
      },
      "best_val_accuracy": {
        "mean": 0.7687218045112781,
        "std": 0.015610152508103426,
        "max": 0.7909774436090226
      },
      "experiment_count": 10
    },
    {
      "parameters": {
        "DROPOUT": 0.5,
        "HIDDEN_CHANNELS": 64,
        "MAX_HOPS": 4,
        "NUM_LAYERS": 1,
        "TEMPERATURE": 0.5
      },
      "final_test_accuracy": {
        "mean": 0.7554054054054055,
        "std": 0.01126526455369531,
        "max": 0.7717717717717718
      },
      "best_test_accuracy": {
        "mean": 0.7722222222222224,
        "std": 0.009354004881184685,
        "max": 0.7897897897897898
      },
      "final_val_accuracy": {
        "mean": 0.7464661654135338,
        "std": 0.007644069189256426,
        "max": 0.7654135338345864
      },
      "best_val_accuracy": {
        "mean": 0.7696240601503759,
        "std": 0.009764019898194252,
        "max": 0.7894736842105263
      },
      "experiment_count": 10
    },
    {
      "parameters": {
        "DROPOUT": 0.5,
        "HIDDEN_CHANNELS": 64,
        "MAX_HOPS": 4,
        "NUM_LAYERS": 1,
        "TEMPERATURE": 2.0
      },
      "final_test_accuracy": {
        "mean": 0.7528528528528529,
        "std": 0.010165952480366811,
        "max": 0.7687687687687688
      },
      "best_test_accuracy": {
        "mean": 0.7617117117117117,
        "std": 0.013329579051030731,
        "max": 0.7777777777777778
      },
      "final_val_accuracy": {
        "mean": 0.7487218045112782,
        "std": 0.006873019477910624,
        "max": 0.7639097744360902
      },
      "best_val_accuracy": {
        "mean": 0.7705263157894737,
        "std": 0.010910290013363647,
        "max": 0.7909774436090226
      },
      "experiment_count": 10
    },
    {
      "parameters": {
        "DROPOUT": 0.5,
        "HIDDEN_CHANNELS": 64,
        "MAX_HOPS": 2,
        "NUM_LAYERS": 1,
        "TEMPERATURE": 0.5
      },
      "final_test_accuracy": {
        "mean": 0.7516516516516517,
        "std": 0.013911393179460003,
        "max": 0.7897897897897898
      },
      "best_test_accuracy": {
        "mean": 0.760960960960961,
        "std": 0.010988693371490669,
        "max": 0.7837837837837838
      },
      "final_val_accuracy": {
        "mean": 0.757593984962406,
        "std": 0.01379530218487785,
        "max": 0.7729323308270677
      },
      "best_val_accuracy": {
        "mean": 0.7742857142857142,
        "std": 0.014113725278017807,
        "max": 0.7924812030075188
      },
      "experiment_count": 10
    },
    {
      "parameters": {
        "DROPOUT": 0.5,
        "HIDDEN_CHANNELS": 64,
        "MAX_HOPS": 3,
        "NUM_LAYERS": 1,
        "TEMPERATURE": 2.0
      },
      "final_test_accuracy": {
        "mean": 0.7516516516516517,
        "std": 0.016976929759882967,
        "max": 0.7762762762762763
      },
      "best_test_accuracy": {
        "mean": 0.7657657657657657,
        "std": 0.014588537899689027,
        "max": 0.7942942942942943
      },
      "final_val_accuracy": {
        "mean": 0.7574436090225565,
        "std": 0.011051352797998867,
        "max": 0.7759398496240602
      },
      "best_val_accuracy": {
        "mean": 0.7804511278195488,
        "std": 0.009366864061592437,
        "max": 0.7969924812030075
      },
      "experiment_count": 10
    },
    {
      "parameters": {
        "DROPOUT": 0.5,
        "HIDDEN_CHANNELS": 64,
        "MAX_HOPS": 2,
        "NUM_LAYERS": 1,
        "TEMPERATURE": 2.0
      },
      "final_test_accuracy": {
        "mean": 0.7506006006006006,
        "std": 0.009879149639396964,
        "max": 0.7672672672672672
      },
      "best_test_accuracy": {
        "mean": 0.7551051051051051,
        "std": 0.012642071987862916,
        "max": 0.7747747747747747
      },
      "final_val_accuracy": {
        "mean": 0.7527819548872181,
        "std": 0.011632529086203736,
        "max": 0.7714285714285715
      },
      "best_val_accuracy": {
        "mean": 0.7747368421052632,
        "std": 0.010922718675088658,
        "max": 0.7909774436090226
      },
      "experiment_count": 10
    }
  ],
  "all_combinations": [
    {
      "parameters": {
        "DROPOUT": 0.5,
        "HIDDEN_CHANNELS": 64,
        "MAX_HOPS": 3,
        "NUM_LAYERS": 1,
        "TEMPERATURE": 0.5
      },
      "final_test_accuracy": {
        "mean": 0.7593093093093092,
        "std": 0.023569747781594198,
        "max": 0.7912912912912913
      },
      "best_test_accuracy": {
        "mean": 0.7656156156156155,
        "std": 0.010795158839650872,
        "max": 0.7822822822822822
      },
      "final_val_accuracy": {
        "mean": 0.7509774436090225,
        "std": 0.017693312577543127,
        "max": 0.7804511278195488
      },
      "best_val_accuracy": {
        "mean": 0.7687218045112781,
        "std": 0.015610152508103426,
        "max": 0.7909774436090226
      },
      "experiment_count": 10
    },
    {
      "parameters": {
        "DROPOUT": 0.5,
        "HIDDEN_CHANNELS": 64,
        "MAX_HOPS": 4,
        "NUM_LAYERS": 1,
        "TEMPERATURE": 0.5
      },
      "final_test_accuracy": {
        "mean": 0.7554054054054055,
        "std": 0.01126526455369531,
        "max": 0.7717717717717718
      },
      "best_test_accuracy": {
        "mean": 0.7722222222222224,
        "std": 0.009354004881184685,
        "max": 0.7897897897897898
      },
      "final_val_accuracy": {
        "mean": 0.7464661654135338,
        "std": 0.007644069189256426,
        "max": 0.7654135338345864
      },
      "best_val_accuracy": {
        "mean": 0.7696240601503759,
        "std": 0.009764019898194252,
        "max": 0.7894736842105263
      },