{
  "experiment_info": {
    "timestamp": "2025-07-02 09:23:39",
    "dataset": "Citeseer",
    "model": "RobustH2GCN"
  },
  "gate_statistics": {
    "gate_mean": {
      "mean": 0.9886658638715744,
      "std": 0.03232514918827757
    },
    "gate_std": {
      "mean": 0.019634115577597793,
      "std": 0.05462201306160403
    },
    "gate_min": {
      "mean": 0.8828259324708404,
      "std": 0.19874448651797735
    },
    "gate_max": {
      "mean": 0.999999714228842,
      "std": 2.409115869929344e-06
    },
    "gate_range": [
      2.7493717880133772e-06,
      1.0
    ],
    "experiment_count": 720
  },
  "best_parameter_gate_stats": {
    "gate_mean": {
      "mean": 0.9991691291332245,
      "std": 0.000382808664786482
    },
    "gate_std": {
      "mean": 0.002623156679328531,
      "std": 0.0012354836205505
    },
    "gate_min": {
      "mean": 0.9452930688858032,
      "std": 0.029393053853056093
    },
    "gate_max": {
      "mean": 1.0,
      "std": 0.0
    },
    "gate_range": [
      0.8927375078201294,
      1.0
    ],
    "experiment_count": 10,
    "best_parameters": {
      "DROPOUT": 0.5,
      "HIDDEN_CHANNELS": 16,
      "MAX_HOPS": 4,
      "NUM_LAYERS": 2,
      "TEMPERATURE": 2.5
    }
  }
}