{
  "experiment_info": {
    "timestamp": "2025-07-05 12:22:26",
    "dataset": "Wisconsin",
    "model": "GAT"
  },
  "total_combinations": 6,
  "total_experiments": 60,
  "best_combination_by_val": {
    "parameters": {
      "DROPOUT": 0.5,
      "HIDDEN_CHANNELS": 64,
      "MAX_HOPS": 3,
      "NUM_LAYERS": 2,
      "TEMPERATURE": 0.5
    },
    "final_test_accuracy": {
      "mean": 0.4627450980392157,
      "std": 0.061507400554345566,
      "max": 0.5294117647058824
    },
    "best_test_accuracy": {
      "mean": 0.5098039215686274,
      "std": 0.062005444317027036,
      "max": 0.6078431372549019
    },
    "final_val_accuracy": {
      "mean": 0.43200000000000005,
      "std": 0.08207313811473278,
      "max": 0.56
    },
    "best_val_accuracy": {
      "mean": 0.546,
      "std": 0.033526109228480414,
      "max": 0.62
    },
    "experiment_count": 10
  },
  "best_combination_by_test": {
    "parameters": {
      "DROPOUT": 0.5,
      "HIDDEN_CHANNELS": 64,
      "MAX_HOPS": 4,
      "NUM_LAYERS": 1,
      "TEMPERATURE": 0.5
    },
    "final_test_accuracy": {
      "mean": 0.4725490196078431,
      "std": 0.041548274706700174,
      "max": 0.5490196078431373
    },
    "best_test_accuracy": {
      "mean": 0.4764705882352941,
      "std": 0.06386861754863657,
      "max": 0.6078431372549019
    },
    "final_val_accuracy": {
      "mean": 0.422,
      "std": 0.04422668877499196,
      "max": 0.5
    },
    "best_val_accuracy": {
      "mean": 0.49800000000000005,
      "std": 0.0451220566907139,
      "max": 0.6
    },
    "experiment_count": 10
  },
  "top_10_combinations": [
    {
      "parameters": {
        "DROPOUT": 0.5,
        "HIDDEN_CHANNELS": 64,
        "MAX_HOPS": 4,
        "NUM_LAYERS": 1,
        "TEMPERATURE": 0.5
      },
      "final_test_accuracy": {
        "mean": 0.4725490196078431,
        "std": 0.041548274706700174,
        "max": 0.5490196078431373
      },
      "best_test_accuracy": {
        "mean": 0.4764705882352941,
        "std": 0.06386861754863657,
        "max": 0.6078431372549019
      },
      "final_val_accuracy": {
        "mean": 0.422,
        "std": 0.04422668877499196,
        "max": 0.5
      },
      "best_val_accuracy": {
        "mean": 0.49800000000000005,
        "std": 0.0451220566907139,
        "max": 0.6
      },
      "experiment_count": 10
    },
    {
      "parameters": {
        "DROPOUT": 0.5,
        "HIDDEN_CHANNELS": 64,
        "MAX_HOPS": 3,
        "NUM_LAYERS": 2,
        "TEMPERATURE": 0.5
      },
      "final_test_accuracy": {
        "mean": 0.4627450980392157,
        "std": 0.061507400554345566,
        "max": 0.5294117647058824
      },
      "best_test_accuracy": {
        "mean": 0.5098039215686274,
        "std": 0.062005444317027036,
        "max": 0.6078431372549019
      },
      "final_val_accuracy": {
        "mean": 0.43200000000000005,
        "std": 0.08207313811473278,
        "max": 0.56
      },
      "best_val_accuracy": {
        "mean": 0.546,
        "std": 0.033526109228480414,
        "max": 0.62
      },
      "experiment_count": 10
    },
    {
      "parameters": {
        "DROPOUT": 0.5,
        "HIDDEN_CHANNELS": 64,
        "MAX_HOPS": 2,
        "NUM_LAYERS": 2,
        "TEMPERATURE": 0.5
      },
      "final_test_accuracy": {
        "mean": 0.4607843137254902,
        "std": 0.05898670179016206,
        "max": 0.5490196078431373
      },
      "best_test_accuracy": {
        "mean": 0.5254901960784314,
        "std": 0.08627450980392158,
        "max": 0.6862745098039216
      },
      "final_val_accuracy": {
        "mean": 0.43200000000000005,
        "std": 0.05600000000000001,
        "max": 0.52
      },
      "best_val_accuracy": {
        "mean": 0.516,
        "std": 0.05571355310873649,
        "max": 0.6
      },
      "experiment_count": 10
    },
    {
      "parameters": {
        "DROPOUT": 0.5,
        "HIDDEN_CHANNELS": 64,
        "MAX_HOPS": 3,
        "NUM_LAYERS": 1,
        "TEMPERATURE": 0.5
      },
      "final_test_accuracy": {
        "mean": 0.4549019607843137,
        "std": 0.08216598760689006,
        "max": 0.5882352941176471
      },
      "best_test_accuracy": {
        "mean": 0.43725490196078437,
        "std": 0.05686274509803921,
        "max": 0.5098039215686274
      },
      "final_val_accuracy": {
        "mean": 0.47400000000000003,
        "std": 0.07102112361825882,
        "max": 0.62
      },
      "best_val_accuracy": {
        "mean": 0.538,
        "std": 0.054,
        "max": 0.64
      },
      "experiment_count": 10
    },
    {
      "parameters": {
        "DROPOUT": 0.5,
        "HIDDEN_CHANNELS": 64,
        "MAX_HOPS": 2,
        "NUM_LAYERS": 1,
        "TEMPERATURE": 0.5
      },
      "final_test_accuracy": {
        "mean": 0.4431372549019608,
        "std": 0.041316289226873484,
        "max": 0.49019607843137253
      },
      "best_test_accuracy": {
        "mean": 0.4352941176470589,
        "std": 0.03999230991053165,
        "max": 0.49019607843137253
      },
      "final_val_accuracy": {
        "mean": 0.45599999999999996,
        "std": 0.06118823416311341,
        "max": 0.6
      },
      "best_val_accuracy": {
        "mean": 0.542,
        "std": 0.0712460525222275,
        "max": 0.66
      },
      "experiment_count": 10
    },
    {
      "parameters": {
        "DROPOUT": 0.5,
        "HIDDEN_CHANNELS": 64,
        "MAX_HOPS": 4,
        "NUM_LAYERS": 2,
        "TEMPERATURE": 0.5
      },
      "final_test_accuracy": {
        "mean": 0.4333333333333334,
        "std": 0.059116915418358174,
        "max": 0.5098039215686274
      },
      "best_test_accuracy": {
        "mean": 0.49411764705882355,
        "std": 0.04094237846631588,
        "max": 0.5686274509803921
      },
      "final_val_accuracy": {
        "mean": 0.426,
        "std": 0.04294182110716777,
        "max": 0.5
      },
      "best_val_accuracy": {
        "mean": 0.538,
        "std": 0.05758472019555187,
        "max": 0.64
      },
      "experiment_count": 10
    }
  ],
  "all_combinations": [
    {
      "parameters": {
        "DROPOUT": 0.5,
        "HIDDEN_CHANNELS": 64,
        "MAX_HOPS": 4,
        "NUM_LAYERS": 1,
        "TEMPERATURE": 0.5
      },
      "final_test_accuracy": {
        "mean": 0.4725490196078431,
        "std": 0.041548274706700174,
        "max": 0.5490196078431373
      },
      "best_test_accuracy": {
        "mean": 0.4764705882352941,
        "std": 0.06386861754863657,
        "max": 0.6078431372549019
      },
      "final_val_accuracy": {
        "mean": 0.422,
        "std": 0.04422668877499196,
        "max": 0.5
      },
      "best_val_accuracy": {
        "mean": 0.49800000000000005,
        "std": 0.0451220566907139,
        "max": 0.6
      },
      "experiment_count": 10
    },
    {
      "parameters": {
        "DROPOUT": 0.5,
        "HIDDEN_CHANNELS": 64,
        "MAX_HOPS": 3,
        "NUM_LAYERS": 2,
        "TEMPERATURE": 0.5
      },
      "final_test_accuracy": {
        "mean": 0.4627450980392157,
        "std": 0.061507400554345566,
        "max": 0.5294117647058824
      },
      "best_test_accuracy": {
        "mean": 0.5098039215686274,
        "std": 0.062005444317027036,
        "max": 0.6078431372549019
      },
      "final_val_accuracy": {
        "mean": 0.43200000000000005,
        "std": 0.08207313811473278,
        "max": 0.56
      },
      "best_val_accuracy": {
        "mean": 0.546,
        "std": 0.033526109228480414,
        "max": 0.62
      },
      "experiment_count": 10
    },
    {
      "parameters": {
        "DROPOUT": 0.5,
        "HIDDEN_CHANNELS": 64,
        "MAX_HOPS": 2,
        "NUM_LAYERS": 2,
        "TEMPERATURE": 0.5
      },
      "final_test_accuracy": {
        "mean": 0.4607843137254902,
        "std": 0.05898670179016206,
        "max": 0.5490196078431373
      },
      "best_test_accuracy": {
        "mean": 0.5254901960784314,
        "std": 0.08627450980392158,