{
  "experiment_info": {
    "timestamp": "2025-07-05 22:31:44",
    "dataset": "Citeseer",
    "model": "GAT"
  },
  "total_experiments": 60,
  "final_results": {
    "train": {
      "mean": 0.9292251169004676,
      "std": 0.005584068838588893
    },
    "val": {
      "mean": 0.7339598997493735,
      "std": 0.01608458352505443
    },
    "test": {
      "mean": 0.732882882882883,
      "std": 0.017386972459741815
    }
  },
  "best_results": {
    "val": {
      "mean": 0.7509022556390977,
      "std": 0.015275869122117772
    },
    "test": {
      "mean": 0.7416666666666669,
      "std": 0.017325759397367038
    }
  },
  "early_stopping": {
    "early_stopped_experiments": 60,
    "early_stopping_rate": 1.0,
    "average_stopping_epoch": 109.63333333333334,
    "stopping_epoch_std": 60.904834692238424,
    "stopping_epoch_range": [
      53,
      331
    ]
  },
  "feature_modification": {
    "modifications_applied": 1,
    "modification_types": [
      "missingness"
    ]
  }
}