{
  "experiment_info": {
    "timestamp": "2025-07-07 02:13:02",
    "dataset": "Cora",
    "model": "MLP"
  },
  "total_experiments": 60,
  "final_results": {
    "train": {
      "mean": 0.401908866995074,
      "std": 0.1293943399496191
    },
    "val": {
      "mean": 0.2860443622920518,
      "std": 0.024153962620089623
    },
    "test": {
      "mean": 0.28885819521178635,
      "std": 0.02553335769681256
    }
  },
  "best_results": {
    "val": {
      "mean": 0.3027726432532348,
      "std": 0.017322713989082146
    },
    "test": {
      "mean": 0.3019950890116636,
      "std": 0.020807030675652732
    }
  },
  "early_stopping": {
    "early_stopped_experiments": 60,
    "early_stopping_rate": 1.0,
    "average_stopping_epoch": 60.15,
    "stopping_epoch_std": 19.96148374578737,
    "stopping_epoch_range": [
      50,
      147
    ]
  },
  "feature_modification": {
    "modifications_applied": 1,
    "modification_types": [
      "noise"
    ]
  }
}