{
  "experiment_info": {
    "timestamp": "2025-07-07 01:46:47",
    "dataset": "Cornell",
    "model": "GraphSAGE"
  },
  "total_experiments": 60,
  "final_results": {
    "train": {
      "mean": 1.0,
      "std": 0.0
    },
    "val": {
      "mean": 0.5962962962962964,
      "std": 0.08074159020959866
    },
    "test": {
      "mean": 0.5912280701754387,
      "std": 0.07588606580309533
    }
  },
  "best_results": {
    "val": {
      "mean": 0.659722222222222,
      "std": 0.06872310547652404
    },
    "test": {
      "mean": 0.5837719298245615,
      "std": 0.0866813592915475
    }
  },
  "early_stopping": {
    "early_stopped_experiments": 60,
    "early_stopping_rate": 1.0,
    "average_stopping_epoch": 77.16666666666667,
    "stopping_epoch_std": 16.932381863032607,
    "stopping_epoch_range": [
      55,
      120
    ]
  },
  "feature_modification": {
    "modifications_applied": 1,
    "modification_types": [
      "noise"
    ]
  }
}