{
  "experiment_info": {
    "timestamp": "2025-07-05 11:10:48",
    "dataset": "Cora",
    "model": "H2GCN"
  },
  "total_experiments": 60,
  "final_results": {
    "train": {
      "mean": 0.9983271756978653,
      "std": 0.0008929750974309854
    },
    "val": {
      "mean": 0.8147258163894023,
      "std": 0.016756482889820665
    },
    "test": {
      "mean": 0.8118170656844691,
      "std": 0.019491306663266404
    }
  },
  "best_results": {
    "val": {
      "mean": 0.8370918052988295,
      "std": 0.01583787021138015
    },
    "test": {
      "mean": 0.8252302025782688,
      "std": 0.019862485344707095
    }
  },
  "early_stopping": {
    "early_stopped_experiments": 60,
    "early_stopping_rate": 1.0,
    "average_stopping_epoch": 70.71666666666667,
    "stopping_epoch_std": 6.314247557882271,
    "stopping_epoch_range": [
      61,
      100
    ]
  },
  "feature_modification": {
    "modifications_applied": 1,
    "modification_types": [
      "missingness"
    ]
  }
}