{
  "experiment_info": {
    "timestamp": "2025-07-03 17:45:31",
    "dataset": "Wisconsin",
    "model": "RGCN"
  },
  "total_experiments": 90,
  "final_results": {
    "train": {
      "mean": 0.7908148148148147,
      "std": 0.22977515102254822
    },
    "val": {
      "mean": 0.4973333333333333,
      "std": 0.07900492249080293
    },
    "test": {
      "mean": 0.4762527233115469,
      "std": 0.06825259869002623
    }
  },
  "best_results": {
    "val": {
      "mean": 0.5860000000000001,
      "std": 0.07480047534014146
    },
    "test": {
      "mean": 0.48278867102396517,
      "std": 0.07736628544091528
    }
  },
  "early_stopping": {
    "early_stopped_experiments": 90,
    "early_stopping_rate": 1.0,
    "average_stopping_epoch": 80.44444444444444,
    "stopping_epoch_std": 23.871001054795016,
    "stopping_epoch_range": [
      50,
      186
    ]
  },
  "feature_modification": {
    "modifications_applied": 1,
    "modification_types": [
      "noise"
    ]
  }
}