{
  "experiment_info": {
    "timestamp": "2025-07-05 12:26:37",
    "dataset": "Cornell",
    "model": "RobustH2GCN"
  },
  "total_combinations": 6,
  "total_experiments": 60,
  "best_combination_by_val": {
    "parameters": {
      "DROPOUT": 0.5,
      "HIDDEN_CHANNELS": 64,
      "MAX_HOPS": 4,
      "NUM_LAYERS": 1,
      "TEMPERATURE": 2.0
    },
    "final_test_accuracy": {
      "mean": 0.7421052631578948,
      "std": 0.06636589585746575,
      "max": 0.8421052631578947
    },
    "best_test_accuracy": {
      "mean": 0.7394736842105262,
      "std": 0.06806587977040822,
      "max": 0.8157894736842105
    },
    "final_val_accuracy": {
      "mean": 0.7666666666666667,
      "std": 0.06358623967922002,
      "max": 0.8611111111111112
    },
    "best_val_accuracy": {
      "mean": 0.8138888888888889,
      "std": 0.05422005915539759,
      "max": 0.9166666666666666
    },
    "experiment_count": 10
  },
  "best_combination_by_test": {
    "parameters": {
      "DROPOUT": 0.5,
      "HIDDEN_CHANNELS": 64,
      "MAX_HOPS": 3,
      "NUM_LAYERS": 1,
      "TEMPERATURE": 2.0
    },
    "final_test_accuracy": {
      "mean": 0.7526315789473684,
      "std": 0.07080854761617743,
      "max": 0.868421052631579
    },
    "best_test_accuracy": {
      "mean": 0.7131578947368421,
      "std": 0.03617822917070398,
      "max": 0.7894736842105263
    },
    "final_val_accuracy": {
      "mean": 0.7583333333333333,
      "std": 0.0556249566513911,
      "max": 0.8333333333333334
    },
    "best_val_accuracy": {
      "mean": 0.7888888888888889,
      "std": 0.04681194318431313,
      "max": 0.8611111111111112
    },
    "experiment_count": 10
  },
  "top_10_combinations": [
    {
      "parameters": {
        "DROPOUT": 0.5,
        "HIDDEN_CHANNELS": 64,
        "MAX_HOPS": 3,
        "NUM_LAYERS": 1,
        "TEMPERATURE": 2.0
      },
      "final_test_accuracy": {
        "mean": 0.7526315789473684,
        "std": 0.07080854761617743,
        "max": 0.868421052631579
      },
      "best_test_accuracy": {
        "mean": 0.7131578947368421,
        "std": 0.03617822917070398,
        "max": 0.7894736842105263
      },
      "final_val_accuracy": {
        "mean": 0.7583333333333333,
        "std": 0.0556249566513911,
        "max": 0.8333333333333334
      },
      "best_val_accuracy": {
        "mean": 0.7888888888888889,
        "std": 0.04681194318431313,
        "max": 0.8611111111111112
      },
      "experiment_count": 10
    },
    {
      "parameters": {
        "DROPOUT": 0.5,
        "HIDDEN_CHANNELS": 64,
        "MAX_HOPS": 3,
        "NUM_LAYERS": 1,
        "TEMPERATURE": 0.5
      },
      "final_test_accuracy": {
        "mean": 0.75,
        "std": 0.06029704861784,
        "max": 0.8421052631578947
      },
      "best_test_accuracy": {
        "mean": 0.7289473684210527,
        "std": 0.05399548560179785,
        "max": 0.8157894736842105
      },
      "final_val_accuracy": {
        "mean": 0.7666666666666666,
        "std": 0.05853140973807079,
        "max": 0.8333333333333334
      },
      "best_val_accuracy": {
        "mean": 0.7916666666666667,
        "std": 0.053069369929285584,
        "max": 0.8611111111111112
      },
      "experiment_count": 10
    },
    {
      "parameters": {
        "DROPOUT": 0.5,
        "HIDDEN_CHANNELS": 64,
        "MAX_HOPS": 4,
        "NUM_LAYERS": 1,
        "TEMPERATURE": 0.5
      },
      "final_test_accuracy": {
        "mean": 0.75,
        "std": 0.04887940952896502,
        "max": 0.8421052631578947
      },
      "best_test_accuracy": {
        "mean": 0.7289473684210527,
        "std": 0.07721789869011163,
        "max": 0.8421052631578947
      },
      "final_val_accuracy": {
        "mean": 0.7444444444444444,
        "std": 0.08588680463189059,
        "max": 0.8888888888888888
      },
      "best_val_accuracy": {
        "mean": 0.7833333333333332,
        "std": 0.07837075544258827,
        "max": 0.8888888888888888
      },
      "experiment_count": 10
    },
    {
      "parameters": {
        "DROPOUT": 0.5,
        "HIDDEN_CHANNELS": 64,
        "MAX_HOPS": 4,
        "NUM_LAYERS": 1,
        "TEMPERATURE": 2.0
      },
      "final_test_accuracy": {
        "mean": 0.7421052631578948,
        "std": 0.06636589585746575,
        "max": 0.8421052631578947
      },
      "best_test_accuracy": {
        "mean": 0.7394736842105262,
        "std": 0.06806587977040822,
        "max": 0.8157894736842105
      },
      "final_val_accuracy": {
        "mean": 0.7666666666666667,
        "std": 0.06358623967922002,
        "max": 0.8611111111111112
      },
      "best_val_accuracy": {
        "mean": 0.8138888888888889,
        "std": 0.05422005915539759,
        "max": 0.9166666666666666
      },
      "experiment_count": 10
    },
    {
      "parameters": {
        "DROPOUT": 0.5,
        "HIDDEN_CHANNELS": 64,
        "MAX_HOPS": 2,
        "NUM_LAYERS": 1,
        "TEMPERATURE": 2.0
      },
      "final_test_accuracy": {
        "mean": 0.736842105263158,
        "std": 0.06760648725613227,
        "max": 0.868421052631579
      },
      "best_test_accuracy": {
        "mean": 0.7263157894736841,
        "std": 0.07735230766683718,
        "max": 0.8421052631578947
      },
      "final_val_accuracy": {
        "mean": 0.7416666666666667,
        "std": 0.07354556830485402,
        "max": 0.8888888888888888
      },
      "best_val_accuracy": {
        "mean": 0.7972222222222223,
        "std": 0.060921422776281424,
        "max": 0.8888888888888888
      },
      "experiment_count": 10
    },
    {
      "parameters": {
        "DROPOUT": 0.5,
        "HIDDEN_CHANNELS": 64,
        "MAX_HOPS": 2,
        "NUM_LAYERS": 1,
        "TEMPERATURE": 0.5
      },
      "final_test_accuracy": {
        "mean": 0.7315789473684211,
        "std": 0.07608859102526822,
        "max": 0.868421052631579
      },
      "best_test_accuracy": {
        "mean": 0.7263157894736844,
        "std": 0.10137558044346431,
        "max": 0.9210526315789473
      },
      "final_val_accuracy": {
        "mean": 0.7194444444444443,
        "std": 0.09415806253710163,
        "max": 0.8888888888888888
      },
      "best_val_accuracy": {
        "mean": 0.7638888888888888,
        "std": 0.08806037491192975,
        "max": 0.8888888888888888
      },
      "experiment_count": 10
    }
  ],
  "all_combinations": [
    {
      "parameters": {
        "DROPOUT": 0.5,
        "HIDDEN_CHANNELS": 64,
        "MAX_HOPS": 3,
        "NUM_LAYERS": 1,
        "TEMPERATURE": 2.0
      },
      "final_test_accuracy": {
        "mean": 0.7526315789473684,
        "std": 0.07080854761617743,
        "max": 0.868421052631579
      },
      "best_test_accuracy": {
        "mean": 0.7131578947368421,
        "std": 0.03617822917070398,
        "max": 0.7894736842105263
      },
      "final_val_accuracy": {
        "mean": 0.7583333333333333,
        "std": 0.0556249566513911,
        "max": 0.8333333333333334
      },
      "best_val_accuracy": {
        "mean": 0.7888888888888889,
        "std": 0.04681194318431313,
        "max": 0.8611111111111112
      },
      "experiment_count": 10
    },
    {
      "parameters": {
        "DROPOUT": 0.5,
        "HIDDEN_CHANNELS": 64,
        "MAX_HOPS": 3,
        "NUM_LAYERS": 1,
        "TEMPERATURE": 0.5
      },
      "final_test_accuracy": {
        "mean": 0.75,
        "std": 0.06029704861784,
        "max": 0.8421052631578947
      },
      "best_test_accuracy": {
        "mean": 0.7289473684210527,
        "std": 0.05399548560179785,
        "max": 0.8157894736842105
      },
      "final_val_accuracy": {
        "mean": 0.7666666666666666,
        "std": 0.05853140973807079,
        "max": 0.8333333333333334
      },
      "best_val_accuracy": {
        "mean": 0.7916666666666667,
        "std": 0.053069369929285584,
        "max": 0.8611111111111112
      },
      "experiment_count": 10
    },
    {
      "parameters": {
        "DROPOUT": 0.5,