{
  "experiment_info": {
    "timestamp": "2025-07-07 01:50:49",
    "dataset": "Cornell",
    "model": "MLP"
  },
  "total_combinations": 6,
  "total_experiments": 60,
  "best_combination_by_val": {
    "parameters": {
      "DROPOUT": 0.5,
      "HIDDEN_CHANNELS": 64,
      "MAX_HOPS": 3,
      "NUM_LAYERS": 2,
      "TEMPERATURE": 0.5
    },
    "final_test_accuracy": {
      "mean": 0.6052631578947368,
      "std": 0.1032706151070978,
      "max": 0.8421052631578947
    },
    "best_test_accuracy": {
      "mean": 0.6026315789473684,
      "std": 0.10086193629861472,
      "max": 0.8421052631578947
    },
    "final_val_accuracy": {
      "mean": 0.6555555555555556,
      "std": 0.058531409738070764,
      "max": 0.75
    },
    "best_val_accuracy": {
      "mean": 0.7,
      "std": 0.05931710140017396,
      "max": 0.7777777777777778
    },
    "experiment_count": 10
  },
  "best_combination_by_test": {
    "parameters": {
      "DROPOUT": 0.5,
      "HIDDEN_CHANNELS": 64,
      "MAX_HOPS": 2,
      "NUM_LAYERS": 2,
      "TEMPERATURE": 0.5
    },
    "final_test_accuracy": {
      "mean": 0.644736842105263,
      "std": 0.09722606948374297,
      "max": 0.8157894736842105
    },
    "best_test_accuracy": {
      "mean": 0.6026315789473684,
      "std": 0.08020921396909565,
      "max": 0.7631578947368421
    },
    "final_val_accuracy": {
      "mean": 0.6277777777777779,
      "std": 0.0787635937708768,
      "max": 0.75
    },
    "best_val_accuracy": {
      "mean": 0.6694444444444445,
      "std": 0.06266952318154707,
      "max": 0.75
    },
    "experiment_count": 10
  },
  "top_10_combinations": [
    {
      "parameters": {
        "DROPOUT": 0.5,
        "HIDDEN_CHANNELS": 64,
        "MAX_HOPS": 2,
        "NUM_LAYERS": 2,
        "TEMPERATURE": 0.5
      },
      "final_test_accuracy": {
        "mean": 0.644736842105263,
        "std": 0.09722606948374297,
        "max": 0.8157894736842105
      },
      "best_test_accuracy": {
        "mean": 0.6026315789473684,
        "std": 0.08020921396909565,
        "max": 0.7631578947368421
      },
      "final_val_accuracy": {
        "mean": 0.6277777777777779,
        "std": 0.0787635937708768,
        "max": 0.75
      },
      "best_val_accuracy": {
        "mean": 0.6694444444444445,
        "std": 0.06266952318154707,
        "max": 0.75
      },
      "experiment_count": 10
    },
    {
      "parameters": {
        "DROPOUT": 0.5,
        "HIDDEN_CHANNELS": 64,
        "MAX_HOPS": 2,
        "NUM_LAYERS": 1,
        "TEMPERATURE": 0.5
      },
      "final_test_accuracy": {
        "mean": 0.6394736842105263,
        "std": 0.07066169253735555,
        "max": 0.7631578947368421
      },
      "best_test_accuracy": {
        "mean": 0.631578947368421,
        "std": 0.06657426652986062,
        "max": 0.7368421052631579
      },
      "final_val_accuracy": {
        "mean": 0.6027777777777777,
        "std": 0.06579288490181671,
        "max": 0.7222222222222222
      },
      "best_val_accuracy": {
        "mean": 0.6611111111111112,
        "std": 0.05091750772173154,
        "max": 0.75
      },
      "experiment_count": 10
    },
    {
      "parameters": {
        "DROPOUT": 0.5,
        "HIDDEN_CHANNELS": 64,
        "MAX_HOPS": 4,
        "NUM_LAYERS": 1,
        "TEMPERATURE": 0.5
      },
      "final_test_accuracy": {
        "mean": 0.6263157894736843,
        "std": 0.06315789473684211,
        "max": 0.7368421052631579
      },
      "best_test_accuracy": {
        "mean": 0.6394736842105264,
        "std": 0.06557860944409005,
        "max": 0.7368421052631579
      },
      "final_val_accuracy": {
        "mean": 0.6138888888888889,
        "std": 0.07291335971337048,
        "max": 0.7222222222222222
      },
      "best_val_accuracy": {
        "mean": 0.675,
        "std": 0.08150778195067339,
        "max": 0.8333333333333334
      },
      "experiment_count": 10
    },
    {
      "parameters": {
        "DROPOUT": 0.5,
        "HIDDEN_CHANNELS": 64,
        "MAX_HOPS": 3,
        "NUM_LAYERS": 1,
        "TEMPERATURE": 0.5
      },
      "final_test_accuracy": {
        "mean": 0.6157894736842104,
        "std": 0.09647527778854399,
        "max": 0.7368421052631579
      },
      "best_test_accuracy": {
        "mean": 0.6026315789473685,
        "std": 0.08920237503514888,
        "max": 0.7368421052631579
      },
      "final_val_accuracy": {
        "mean": 0.5944444444444444,
        "std": 0.0611111111111111,
        "max": 0.6666666666666666
      },
      "best_val_accuracy": {
        "mean": 0.6361111111111111,
        "std": 0.045558942963490875,
        "max": 0.6944444444444444
      },
      "experiment_count": 10
    },
    {
      "parameters": {
        "DROPOUT": 0.5,
        "HIDDEN_CHANNELS": 64,
        "MAX_HOPS": 3,
        "NUM_LAYERS": 2,
        "TEMPERATURE": 0.5
      },
      "final_test_accuracy": {
        "mean": 0.6052631578947368,
        "std": 0.1032706151070978,
        "max": 0.8421052631578947
      },
      "best_test_accuracy": {
        "mean": 0.6026315789473684,
        "std": 0.10086193629861472,
        "max": 0.8421052631578947
      },
      "final_val_accuracy": {
        "mean": 0.6555555555555556,
        "std": 0.058531409738070764,
        "max": 0.75
      },
      "best_val_accuracy": {
        "mean": 0.7,
        "std": 0.05931710140017396,
        "max": 0.7777777777777778
      },
      "experiment_count": 10
    },
    {
      "parameters": {
        "DROPOUT": 0.5,
        "HIDDEN_CHANNELS": 64,
        "MAX_HOPS": 4,
        "NUM_LAYERS": 2,
        "TEMPERATURE": 0.5
      },
      "final_test_accuracy": {
        "mean": 0.6052631578947368,
        "std": 0.07894736842105263,
        "max": 0.7105263157894737
      },
      "best_test_accuracy": {
        "mean": 0.5815789473684211,
        "std": 0.10555879536911358,
        "max": 0.6842105263157895
      },
      "final_val_accuracy": {
        "mean": 0.5999999999999999,
        "std": 0.07370277311900887,
        "max": 0.7222222222222222
      },
      "best_val_accuracy": {
        "mean": 0.6361111111111112,
        "std": 0.06966631224435806,
        "max": 0.75
      },
      "experiment_count": 10
    }
  ],
  "all_combinations": [
    {
      "parameters": {
        "DROPOUT": 0.5,
        "HIDDEN_CHANNELS": 64,
        "MAX_HOPS": 2,
        "NUM_LAYERS": 2,
        "TEMPERATURE": 0.5
      },
      "final_test_accuracy": {
        "mean": 0.644736842105263,
        "std": 0.09722606948374297,
        "max": 0.8157894736842105
      },
      "best_test_accuracy": {
        "mean": 0.6026315789473684,
        "std": 0.08020921396909565,
        "max": 0.7631578947368421
      },
      "final_val_accuracy": {
        "mean": 0.6277777777777779,
        "std": 0.0787635937708768,
        "max": 0.75
      },
      "best_val_accuracy": {
        "mean": 0.6694444444444445,
        "std": 0.06266952318154707,
        "max": 0.75
      },
      "experiment_count": 10
    },
    {
      "parameters": {
        "DROPOUT": 0.5,
        "HIDDEN_CHANNELS": 64,
        "MAX_HOPS": 2,
        "NUM_LAYERS": 1,
        "TEMPERATURE": 0.5
      },
      "final_test_accuracy": {
        "mean": 0.6394736842105263,
        "std": 0.07066169253735555,
        "max": 0.7631578947368421
      },
      "best_test_accuracy": {
        "mean": 0.631578947368421,
        "std": 0.06657426652986062,
        "max": 0.7368421052631579
      },
      "final_val_accuracy": {
        "mean": 0.6027777777777777,
        "std": 0.06579288490181671,
        "max": 0.7222222222222222
      },
      "best_val_accuracy": {
        "mean": 0.6611111111111112,
        "std": 0.05091750772173154,
        "max": 0.75
      },
      "experiment_count": 10
    },
    {
      "parameters": {
        "DROPOUT": 0.5,
        "HIDDEN_CHANNELS": 64,
        "MAX_HOPS": 4,
        "NUM_LAYERS": 1,
        "TEMPERATURE": 0.5
      },