{
  "experiment_info": {
    "timestamp": "2025-07-05 12:29:25",
    "dataset": "Wisconsin",
    "model": "RobustH2GCN"
  },
  "total_combinations": 6,
  "total_experiments": 60,
  "best_combination_by_val": {
    "parameters": {
      "DROPOUT": 0.5,
      "HIDDEN_CHANNELS": 64,
      "MAX_HOPS": 3,
      "NUM_LAYERS": 1,
      "TEMPERATURE": 2.0
    },
    "final_test_accuracy": {
      "mean": 0.8470588235294118,
      "std": 0.047868845551896855,
      "max": 0.9215686274509803
    },
    "best_test_accuracy": {
      "mean": 0.8117647058823529,
      "std": 0.06150740055434556,
      "max": 0.9215686274509803
    },
    "final_val_accuracy": {
      "mean": 0.8539999999999999,
      "std": 0.050635955604688664,
      "max": 0.92
    },
    "best_val_accuracy": {
      "mean": 0.884,
      "std": 0.05043808085167395,
      "max": 0.94
    },
    "experiment_count": 10
  },
  "best_combination_by_test": {
    "parameters": {
      "DROPOUT": 0.5,
      "HIDDEN_CHANNELS": 64,
      "MAX_HOPS": 2,
      "NUM_LAYERS": 1,
      "TEMPERATURE": 0.5
    },
    "final_test_accuracy": {
      "mean": 0.8549019607843139,
      "std": 0.04488440447944938,
      "max": 0.9215686274509803
    },
    "best_test_accuracy": {
      "mean": 0.8294117647058824,
      "std": 0.062036439292377926,
      "max": 0.9215686274509803
    },
    "final_val_accuracy": {
      "mean": 0.836,
      "std": 0.026532998322843192,
      "max": 0.88
    },
    "best_val_accuracy": {
      "mean": 0.8700000000000001,
      "std": 0.036055512754639925,
      "max": 0.92
    },
    "experiment_count": 10
  },
  "top_10_combinations": [
    {
      "parameters": {
        "DROPOUT": 0.5,
        "HIDDEN_CHANNELS": 64,
        "MAX_HOPS": 2,
        "NUM_LAYERS": 1,
        "TEMPERATURE": 0.5
      },
      "final_test_accuracy": {
        "mean": 0.8549019607843139,
        "std": 0.04488440447944938,
        "max": 0.9215686274509803
      },
      "best_test_accuracy": {
        "mean": 0.8294117647058824,
        "std": 0.062036439292377926,
        "max": 0.9215686274509803
      },
      "final_val_accuracy": {
        "mean": 0.836,
        "std": 0.026532998322843192,
        "max": 0.88
      },
      "best_val_accuracy": {
        "mean": 0.8700000000000001,
        "std": 0.036055512754639925,
        "max": 0.92
      },
      "experiment_count": 10
    },
    {
      "parameters": {
        "DROPOUT": 0.5,
        "HIDDEN_CHANNELS": 64,
        "MAX_HOPS": 4,
        "NUM_LAYERS": 1,
        "TEMPERATURE": 0.5
      },
      "final_test_accuracy": {
        "mean": 0.8529411764705882,
        "std": 0.06634872280662206,
        "max": 0.9215686274509803
      },
      "best_test_accuracy": {
        "mean": 0.8490196078431372,
        "std": 0.054796818088165174,
        "max": 0.9411764705882353
      },
      "final_val_accuracy": {
        "mean": 0.8480000000000001,
        "std": 0.048332183894378294,
        "max": 0.92
      },
      "best_val_accuracy": {
        "mean": 0.868,
        "std": 0.041182520563948,
        "max": 0.94
      },
      "experiment_count": 10
    },
    {
      "parameters": {
        "DROPOUT": 0.5,
        "HIDDEN_CHANNELS": 64,
        "MAX_HOPS": 4,
        "NUM_LAYERS": 1,
        "TEMPERATURE": 2.0
      },
      "final_test_accuracy": {
        "mean": 0.8529411764705882,
        "std": 0.048228917161760164,
        "max": 0.9019607843137255
      },
      "best_test_accuracy": {
        "mean": 0.8470588235294118,
        "std": 0.04786884555189686,
        "max": 0.9215686274509803
      },
      "final_val_accuracy": {
        "mean": 0.834,
        "std": 0.05370288632839021,
        "max": 0.9
      },
      "best_val_accuracy": {
        "mean": 0.8560000000000001,
        "std": 0.04963869458396343,
        "max": 0.92
      },
      "experiment_count": 10
    },
    {
      "parameters": {
        "DROPOUT": 0.5,
        "HIDDEN_CHANNELS": 64,
        "MAX_HOPS": 3,
        "NUM_LAYERS": 1,
        "TEMPERATURE": 2.0
      },
      "final_test_accuracy": {
        "mean": 0.8470588235294118,
        "std": 0.047868845551896855,
        "max": 0.9215686274509803
      },
      "best_test_accuracy": {
        "mean": 0.8117647058823529,
        "std": 0.06150740055434556,
        "max": 0.9215686274509803
      },
      "final_val_accuracy": {
        "mean": 0.8539999999999999,
        "std": 0.050635955604688664,
        "max": 0.92
      },
      "best_val_accuracy": {
        "mean": 0.884,
        "std": 0.05043808085167395,
        "max": 0.94
      },
      "experiment_count": 10
    },
    {
      "parameters": {
        "DROPOUT": 0.5,
        "HIDDEN_CHANNELS": 64,
        "MAX_HOPS": 3,
        "NUM_LAYERS": 1,
        "TEMPERATURE": 0.5
      },
      "final_test_accuracy": {
        "mean": 0.8411764705882353,
        "std": 0.04995191844257646,
        "max": 0.9411764705882353
      },
      "best_test_accuracy": {
        "mean": 0.8294117647058823,
        "std": 0.0568627450980392,
        "max": 0.9215686274509803
      },
      "final_val_accuracy": {
        "mean": 0.852,
        "std": 0.06013318551349164,
        "max": 0.92
      },
      "best_val_accuracy": {
        "mean": 0.8799999999999999,
        "std": 0.05513619500836087,
        "max": 0.94
      },
      "experiment_count": 10
    },
    {
      "parameters": {
        "DROPOUT": 0.5,
        "HIDDEN_CHANNELS": 64,
        "MAX_HOPS": 2,
        "NUM_LAYERS": 1,
        "TEMPERATURE": 2.0
      },
      "final_test_accuracy": {
        "mean": 0.8352941176470589,
        "std": 0.0555978308970895,
        "max": 0.9215686274509803
      },
      "best_test_accuracy": {
        "mean": 0.815686274509804,
        "std": 0.04975912760960597,
        "max": 0.9019607843137255
      },
      "final_val_accuracy": {
        "mean": 0.8480000000000001,
        "std": 0.054552726787943415,
        "max": 0.94
      },
      "best_val_accuracy": {
        "mean": 0.8640000000000001,
        "std": 0.05043808085167394,
        "max": 0.94
      },
      "experiment_count": 10
    }
  ],
  "all_combinations": [
    {
      "parameters": {
        "DROPOUT": 0.5,
        "HIDDEN_CHANNELS": 64,
        "MAX_HOPS": 2,
        "NUM_LAYERS": 1,
        "TEMPERATURE": 0.5
      },
      "final_test_accuracy": {
        "mean": 0.8549019607843139,
        "std": 0.04488440447944938,
        "max": 0.9215686274509803
      },
      "best_test_accuracy": {
        "mean": 0.8294117647058824,
        "std": 0.062036439292377926,
        "max": 0.9215686274509803
      },
      "final_val_accuracy": {
        "mean": 0.836,
        "std": 0.026532998322843192,
        "max": 0.88
      },
      "best_val_accuracy": {
        "mean": 0.8700000000000001,
        "std": 0.036055512754639925,
        "max": 0.92
      },
      "experiment_count": 10
    },
    {
      "parameters": {
        "DROPOUT": 0.5,
        "HIDDEN_CHANNELS": 64,
        "MAX_HOPS": 4,
        "NUM_LAYERS": 1,
        "TEMPERATURE": 0.5
      },
      "final_test_accuracy": {
        "mean": 0.8529411764705882,
        "std": 0.06634872280662206,
        "max": 0.9215686274509803
      },
      "best_test_accuracy": {
        "mean": 0.8490196078431372,
        "std": 0.054796818088165174,
        "max": 0.9411764705882353
      },
      "final_val_accuracy": {
        "mean": 0.8480000000000001,
        "std": 0.048332183894378294,
        "max": 0.92
      },
      "best_val_accuracy": {
        "mean": 0.868,
        "std": 0.041182520563948,
        "max": 0.94
      },
      "experiment_count": 10
    },
    {
      "parameters": {
        "DROPOUT": 0.5,
        "HIDDEN_CHANNELS": 64,
        "MAX_HOPS": 4,
        "NUM_LAYERS": 1,
        "TEMPERATURE": 2.0
      },
      "final_test_accuracy": {
        "mean": 0.8529411764705882,
        "std": 0.048228917161760164,
        "max": 0.9019607843137255
      },
      "best_test_accuracy": {
        "mean": 0.8470588235294118,