{
  "experiment_info": {
    "timestamp": "2025-07-05 10:48:31",
    "dataset": "Cora",
    "model": "MLP"
  },
  "total_experiments": 60,
  "final_results": {
    "train": {
      "mean": 0.9944478653530378,
      "std": 0.0012133910217807607
    },
    "val": {
      "mean": 0.6269870609981517,
      "std": 0.019807246837055384
    },
    "test": {
      "mean": 0.6228054020871702,
      "std": 0.01807383304421216
    }
  },
  "best_results": {
    "val": {
      "mean": 0.6591805298829329,
      "std": 0.017015225574855634
    },
    "test": {
      "mean": 0.6480049109883363,
      "std": 0.01892623003505442
    }
  },
  "early_stopping": {
    "early_stopped_experiments": 60,
    "early_stopping_rate": 1.0,
    "average_stopping_epoch": 70.83333333333333,
    "stopping_epoch_std": 9.700801799622315,
    "stopping_epoch_range": [
      61,
      102
    ]
  },
  "feature_modification": {
    "modifications_applied": 1,
    "modification_types": [
      "missingness"
    ]
  }
}