{
  "experiment_info": {
    "timestamp": "2025-07-05 11:16:31",
    "dataset": "Cora",
    "model": "GraphSAGE"
  },
  "total_combinations": 6,
  "total_experiments": 60,
  "best_combination_by_val": {
    "parameters": {
      "DROPOUT": 0.5,
      "HIDDEN_CHANNELS": 64,
      "MAX_HOPS": 2,
      "NUM_LAYERS": 2,
      "TEMPERATURE": 0.5
    },
    "final_test_accuracy": {
      "mean": 0.8292817679558011,
      "std": 0.014002373410880543,
      "max": 0.852670349907919
    },
    "best_test_accuracy": {
      "mean": 0.830939226519337,
      "std": 0.016029506553951318,
      "max": 0.856353591160221
    },
    "final_val_accuracy": {
      "mean": 0.834935304990758,
      "std": 0.011894750863730992,
      "max": 0.8521256931608133
    },
    "best_val_accuracy": {
      "mean": 0.8510166358595195,
      "std": 0.010131008950864861,
      "max": 0.8632162661737524
    },
    "experiment_count": 10
  },
  "best_combination_by_test": {
    "parameters": {
      "DROPOUT": 0.5,
      "HIDDEN_CHANNELS": 64,
      "MAX_HOPS": 2,
      "NUM_LAYERS": 1,
      "TEMPERATURE": 0.5
    },
    "final_test_accuracy": {
      "mean": 0.8425414364640884,
      "std": 0.010327863641112319,
      "max": 0.858195211786372
    },
    "best_test_accuracy": {
      "mean": 0.8432780847145487,
      "std": 0.013214831087226708,
      "max": 0.861878453038674
    },
    "final_val_accuracy": {
      "mean": 0.8295748613678373,
      "std": 0.011328320477666956,
      "max": 0.8465804066543438
    },
    "best_val_accuracy": {
      "mean": 0.8425138632162662,
      "std": 0.01258561517970366,
      "max": 0.8706099815157117
    },
    "experiment_count": 10
  },
  "top_10_combinations": [
    {
      "parameters": {
        "DROPOUT": 0.5,
        "HIDDEN_CHANNELS": 64,
        "MAX_HOPS": 2,
        "NUM_LAYERS": 1,
        "TEMPERATURE": 0.5
      },
      "final_test_accuracy": {
        "mean": 0.8425414364640884,
        "std": 0.010327863641112319,
        "max": 0.858195211786372
      },
      "best_test_accuracy": {
        "mean": 0.8432780847145487,
        "std": 0.013214831087226708,
        "max": 0.861878453038674
      },
      "final_val_accuracy": {
        "mean": 0.8295748613678373,
        "std": 0.011328320477666956,
        "max": 0.8465804066543438
      },
      "best_val_accuracy": {
        "mean": 0.8425138632162662,
        "std": 0.01258561517970366,
        "max": 0.8706099815157117
      },
      "experiment_count": 10
    },
    {
      "parameters": {
        "DROPOUT": 0.5,
        "HIDDEN_CHANNELS": 64,
        "MAX_HOPS": 4,
        "NUM_LAYERS": 1,
        "TEMPERATURE": 0.5
      },
      "final_test_accuracy": {
        "mean": 0.8390423572744015,
        "std": 0.013105301565125004,
        "max": 0.8637200736648251
      },
      "best_test_accuracy": {
        "mean": 0.8484346224677717,
        "std": 0.010222238737663314,
        "max": 0.8637200736648251
      },
      "final_val_accuracy": {
        "mean": 0.8279112754158964,
        "std": 0.01094950330470972,
        "max": 0.8428835489833642
      },
      "best_val_accuracy": {
        "mean": 0.84362292051756,
        "std": 0.012996965494452443,
        "max": 0.866913123844732
      },
      "experiment_count": 10
    },
    {
      "parameters": {
        "DROPOUT": 0.5,
        "HIDDEN_CHANNELS": 64,
        "MAX_HOPS": 4,
        "NUM_LAYERS": 2,
        "TEMPERATURE": 0.5
      },
      "final_test_accuracy": {
        "mean": 0.8360957642725598,
        "std": 0.013657824101465314,
        "max": 0.85451197053407
      },
      "best_test_accuracy": {
        "mean": 0.8386740331491713,
        "std": 0.010681399631675892,
        "max": 0.856353591160221
      },
      "final_val_accuracy": {
        "mean": 0.8354898336414049,
        "std": 0.015197637553489447,
        "max": 0.8595194085027726
      },
      "best_val_accuracy": {
        "mean": 0.8469500924214417,
        "std": 0.015193140545681707,
        "max": 0.8687615526802218
      },
      "experiment_count": 10
    },
    {
      "parameters": {
        "DROPOUT": 0.5,
        "HIDDEN_CHANNELS": 64,
        "MAX_HOPS": 3,
        "NUM_LAYERS": 2,
        "TEMPERATURE": 0.5
      },
      "final_test_accuracy": {
        "mean": 0.8305709023941068,
        "std": 0.01224366124390029,
        "max": 0.850828729281768
      },
      "best_test_accuracy": {
        "mean": 0.8324125230202579,
        "std": 0.011049723756906068,
        "max": 0.850828729281768
      },
      "final_val_accuracy": {
        "mean": 0.8325323475046211,
        "std": 0.015247017099668228,
        "max": 0.8595194085027726
      },
      "best_val_accuracy": {
        "mean": 0.8473197781885398,
        "std": 0.01112748017988347,
        "max": 0.8650646950092421
      },
      "experiment_count": 10
    },
    {
      "parameters": {
        "DROPOUT": 0.5,
        "HIDDEN_CHANNELS": 64,
        "MAX_HOPS": 3,
        "NUM_LAYERS": 1,
        "TEMPERATURE": 0.5
      },
      "final_test_accuracy": {
        "mean": 0.8302025782688766,
        "std": 0.018171486384595217,
        "max": 0.85451197053407
      },
      "best_test_accuracy": {
        "mean": 0.8370165745856355,
        "std": 0.011625572082568428,
        "max": 0.852670349907919
      },
      "final_val_accuracy": {
        "mean": 0.8323475046210721,
        "std": 0.012150520095781743,
        "max": 0.8484288354898336
      },
      "best_val_accuracy": {
        "mean": 0.8487985212569316,
        "std": 0.008740547443650198,
        "max": 0.8576709796672828
      },
      "experiment_count": 10
    },
    {
      "parameters": {
        "DROPOUT": 0.5,
        "HIDDEN_CHANNELS": 64,
        "MAX_HOPS": 2,
        "NUM_LAYERS": 2,
        "TEMPERATURE": 0.5
      },
      "final_test_accuracy": {
        "mean": 0.8292817679558011,
        "std": 0.014002373410880543,
        "max": 0.852670349907919
      },
      "best_test_accuracy": {
        "mean": 0.830939226519337,
        "std": 0.016029506553951318,
        "max": 0.856353591160221
      },
      "final_val_accuracy": {
        "mean": 0.834935304990758,
        "std": 0.011894750863730992,
        "max": 0.8521256931608133
      },
      "best_val_accuracy": {
        "mean": 0.8510166358595195,
        "std": 0.010131008950864861,
        "max": 0.8632162661737524
      },
      "experiment_count": 10
    }
  ],
  "all_combinations": [
    {
      "parameters": {
        "DROPOUT": 0.5,
        "HIDDEN_CHANNELS": 64,
        "MAX_HOPS": 2,
        "NUM_LAYERS": 1,
        "TEMPERATURE": 0.5
      },
      "final_test_accuracy": {
        "mean": 0.8425414364640884,
        "std": 0.010327863641112319,
        "max": 0.858195211786372
      },
      "best_test_accuracy": {
        "mean": 0.8432780847145487,
        "std": 0.013214831087226708,
        "max": 0.861878453038674
      },
      "final_val_accuracy": {
        "mean": 0.8295748613678373,
        "std": 0.011328320477666956,
        "max": 0.8465804066543438
      },
      "best_val_accuracy": {
        "mean": 0.8425138632162662,
        "std": 0.01258561517970366,
        "max": 0.8706099815157117
      },
      "experiment_count": 10
    },
    {
      "parameters": {
        "DROPOUT": 0.5,
        "HIDDEN_CHANNELS": 64,
        "MAX_HOPS": 4,
        "NUM_LAYERS": 1,
        "TEMPERATURE": 0.5
      },
      "final_test_accuracy": {
        "mean": 0.8390423572744015,
        "std": 0.013105301565125004,
        "max": 0.8637200736648251
      },
      "best_test_accuracy": {
        "mean": 0.8484346224677717,
        "std": 0.010222238737663314,
        "max": 0.8637200736648251
      },
      "final_val_accuracy": {
        "mean": 0.8279112754158964,
        "std": 0.01094950330470972,
        "max": 0.8428835489833642
      },
      "best_val_accuracy": {
        "mean": 0.84362292051756,
        "std": 0.012996965494452443,
        "max": 0.866913123844732
      },