{
  "experiment_info": {
    "timestamp": "2025-07-03 17:26:49",
    "dataset": "Wisconsin",
    "model": "GCN"
  },
  "total_combinations": 9,
  "total_experiments": 90,
  "best_combination_by_val": {
    "parameters": {
      "DROPOUT": 0.5,
      "HIDDEN_CHANNELS": 64,
      "MAX_HOPS": 2,
      "NUM_LAYERS": 3,
      "TEMPERATURE": 0.5
    },
    "final_test_accuracy": {
      "mean": 0.4784313725490197,
      "std": 0.08555852638929973,
      "max": 0.5882352941176471
    },
    "best_test_accuracy": {
      "mean": 0.4666666666666667,
      "std": 0.04454045761411979,
      "max": 0.5294117647058824
    },
    "final_val_accuracy": {
      "mean": 0.4680000000000001,
      "std": 0.06462197768561405,
      "max": 0.54
    },
    "best_val_accuracy": {
      "mean": 0.5619999999999999,
      "std": 0.04142463035441596,
      "max": 0.64
    },
    "experiment_count": 10
  },
  "best_combination_by_test": {
    "parameters": {
      "DROPOUT": 0.5,
      "HIDDEN_CHANNELS": 64,
      "MAX_HOPS": 2,
      "NUM_LAYERS": 3,
      "TEMPERATURE": 0.5
    },
    "final_test_accuracy": {
      "mean": 0.4784313725490197,
      "std": 0.08555852638929973,
      "max": 0.5882352941176471
    },
    "best_test_accuracy": {
      "mean": 0.4666666666666667,
      "std": 0.04454045761411979,
      "max": 0.5294117647058824
    },
    "final_val_accuracy": {
      "mean": 0.4680000000000001,
      "std": 0.06462197768561405,
      "max": 0.54
    },
    "best_val_accuracy": {
      "mean": 0.5619999999999999,
      "std": 0.04142463035441596,
      "max": 0.64
    },
    "experiment_count": 10
  },
  "top_10_combinations": [
    {
      "parameters": {
        "DROPOUT": 0.5,
        "HIDDEN_CHANNELS": 64,
        "MAX_HOPS": 2,
        "NUM_LAYERS": 3,
        "TEMPERATURE": 0.5
      },
      "final_test_accuracy": {
        "mean": 0.4784313725490197,
        "std": 0.08555852638929973,
        "max": 0.5882352941176471
      },
      "best_test_accuracy": {
        "mean": 0.4666666666666667,
        "std": 0.04454045761411979,
        "max": 0.5294117647058824
      },
      "final_val_accuracy": {
        "mean": 0.4680000000000001,
        "std": 0.06462197768561405,
        "max": 0.54
      },
      "best_val_accuracy": {
        "mean": 0.5619999999999999,
        "std": 0.04142463035441596,
        "max": 0.64
      },
      "experiment_count": 10
    },
    {
      "parameters": {
        "DROPOUT": 0.5,
        "HIDDEN_CHANNELS": 64,
        "MAX_HOPS": 2,
        "NUM_LAYERS": 2,
        "TEMPERATURE": 0.5
      },
      "final_test_accuracy": {
        "mean": 0.4647058823529412,
        "std": 0.03725490196078432,
        "max": 0.5490196078431373
      },
      "best_test_accuracy": {
        "mean": 0.46862745098039216,
        "std": 0.0578015802862105,
        "max": 0.5490196078431373
      },
      "final_val_accuracy": {
        "mean": 0.48600000000000004,
        "std": 0.058685603004484846,
        "max": 0.58
      },
      "best_val_accuracy": {
        "mean": 0.522,
        "std": 0.07011419257183242,
        "max": 0.66
      },
      "experiment_count": 10
    },
    {
      "parameters": {
        "DROPOUT": 0.5,
        "HIDDEN_CHANNELS": 64,
        "MAX_HOPS": 4,
        "NUM_LAYERS": 2,
        "TEMPERATURE": 0.5
      },
      "final_test_accuracy": {
        "mean": 0.4568627450980392,
        "std": 0.044755734158875786,
        "max": 0.5294117647058824
      },
      "best_test_accuracy": {
        "mean": 0.44901960784313727,
        "std": 0.053662479150603945,
        "max": 0.5294117647058824
      },
      "final_val_accuracy": {
        "mean": 0.45199999999999996,
        "std": 0.0574108003776293,
        "max": 0.52
      },
      "best_val_accuracy": {
        "mean": 0.49399999999999994,
        "std": 0.04651881339845202,
        "max": 0.58
      },
      "experiment_count": 10
    },
    {
      "parameters": {
        "DROPOUT": 0.5,
        "HIDDEN_CHANNELS": 64,
        "MAX_HOPS": 4,
        "NUM_LAYERS": 1,
        "TEMPERATURE": 0.5
      },
      "final_test_accuracy": {
        "mean": 0.4333333333333333,
        "std": 0.07254901960784313,
        "max": 0.5294117647058824
      },
      "best_test_accuracy": {
        "mean": 0.4470588235294118,
        "std": 0.047868845551896876,
        "max": 0.5294117647058824
      },
      "final_val_accuracy": {
        "mean": 0.392,
        "std": 0.05153639490690051,
        "max": 0.44
      },
      "best_val_accuracy": {
        "mean": 0.506,
        "std": 0.05444263035526481,
        "max": 0.6
      },
      "experiment_count": 10
    },
    {
      "parameters": {
        "DROPOUT": 0.5,
        "HIDDEN_CHANNELS": 64,
        "MAX_HOPS": 3,
        "NUM_LAYERS": 3,
        "TEMPERATURE": 0.5
      },
      "final_test_accuracy": {
        "mean": 0.4294117647058823,
        "std": 0.07094138241225703,
        "max": 0.5882352941176471
      },
      "best_test_accuracy": {
        "mean": 0.44901960784313727,
        "std": 0.08522083847882637,
        "max": 0.6078431372549019
      },
      "final_val_accuracy": {
        "mean": 0.48200000000000004,
        "std": 0.07180529228406496,
        "max": 0.6
      },
      "best_val_accuracy": {
        "mean": 0.5499999999999999,
        "std": 0.06212889826803626,
        "max": 0.64
      },
      "experiment_count": 10
    },
    {
      "parameters": {
        "DROPOUT": 0.5,
        "HIDDEN_CHANNELS": 64,
        "MAX_HOPS": 4,
        "NUM_LAYERS": 3,
        "TEMPERATURE": 0.5
      },
      "final_test_accuracy": {
        "mean": 0.41568627450980394,
        "std": 0.08537859238069508,
        "max": 0.5490196078431373
      },
      "best_test_accuracy": {
        "mean": 0.4431372549019608,
        "std": 0.06395884874627486,
        "max": 0.5490196078431373
      },
      "final_val_accuracy": {
        "mean": 0.43,
        "std": 0.046690470119715013,
        "max": 0.54
      },
      "best_val_accuracy": {
        "mean": 0.5,
        "std": 0.07099295739719538,
        "max": 0.6
      },
      "experiment_count": 10
    },
    {
      "parameters": {
        "DROPOUT": 0.5,
        "HIDDEN_CHANNELS": 64,
        "MAX_HOPS": 3,
        "NUM_LAYERS": 2,
        "TEMPERATURE": 0.5
      },
      "final_test_accuracy": {
        "mean": 0.40784313725490196,
        "std": 0.08582772011074231,
        "max": 0.5294117647058824
      },
      "best_test_accuracy": {
        "mean": 0.46470588235294114,
        "std": 0.06446777342264155,
        "max": 0.5882352941176471
      },
      "final_val_accuracy": {
        "mean": 0.41200000000000003,
        "std": 0.07652450587883598,
        "max": 0.52
      },
      "best_val_accuracy": {
        "mean": 0.524,
        "std": 0.04270831300812524,
        "max": 0.6
      },
      "experiment_count": 10
    },
    {
      "parameters": {
        "DROPOUT": 0.5,
        "HIDDEN_CHANNELS": 64,
        "MAX_HOPS": 2,
        "NUM_LAYERS": 1,
        "TEMPERATURE": 0.5
      },
      "final_test_accuracy": {
        "mean": 0.4019607843137255,
        "std": 0.06027618097623292,
        "max": 0.5098039215686274
      },
      "best_test_accuracy": {
        "mean": 0.4294117647058823,
        "std": 0.08153185445604623,
        "max": 0.5098039215686274
      },
      "final_val_accuracy": {
        "mean": 0.434,
        "std": 0.047370877129308056,
        "max": 0.52
      },
      "best_val_accuracy": {
        "mean": 0.534,
        "std": 0.060033324079214544,
        "max": 0.62
      },
      "experiment_count": 10
    },
    {
      "parameters": {
        "DROPOUT": 0.5,
        "HIDDEN_CHANNELS": 64,
        "MAX_HOPS": 3,
        "NUM_LAYERS": 1,
        "TEMPERATURE": 0.5
      },
      "final_test_accuracy": {
        "mean": 0.4,
        "std": 0.053483065478375905,
        "max": 0.47058823529411764
      },
      "best_test_accuracy": {
        "mean": 0.4352941176470588,
        "std": 0.05736760328755998,