{
  "experiment_info": {
    "timestamp": "2025-07-03 17:26:49",
    "dataset": "Wisconsin",
    "model": "GCN"
  },
  "total_combinations": 9,
  "total_experiments": 90,
  "best_combination_by_val": {
    "parameters": {
      "DROPOUT": 0.5,
      "HIDDEN_CHANNELS": 64,
      "MAX_HOPS": 3,
      "NUM_LAYERS": 3,
      "TEMPERATURE": 0.5
    },
    "final_test_accuracy": {
      "mean": 0.46274509803921565,
      "std": 0.0674692177807265,
      "max": 0.5882352941176471
    },
    "best_test_accuracy": {
      "mean": 0.4764705882352941,
      "std": 0.06795185667122924,
      "max": 0.5882352941176471
    },
    "final_val_accuracy": {
      "mean": 0.492,
      "std": 0.10703270528207721,
      "max": 0.62
    },
    "best_val_accuracy": {
      "mean": 0.534,
      "std": 0.0916733330909267,
      "max": 0.7
    },
    "experiment_count": 10
  },
  "best_combination_by_test": {
    "parameters": {
      "DROPOUT": 0.5,
      "HIDDEN_CHANNELS": 64,
      "MAX_HOPS": 2,
      "NUM_LAYERS": 2,
      "TEMPERATURE": 0.5
    },
    "final_test_accuracy": {
      "mean": 0.4901960784313725,
      "std": 0.06562039423796671,
      "max": 0.5882352941176471
    },
    "best_test_accuracy": {
      "mean": 0.4862745098039215,
      "std": 0.05246701239317511,
      "max": 0.5882352941176471
    },
    "final_val_accuracy": {
      "mean": 0.488,
      "std": 0.0770454411370329,
      "max": 0.62
    },
    "best_val_accuracy": {
      "mean": 0.532,
      "std": 0.08109253973085317,
      "max": 0.68
    },
    "experiment_count": 10
  },
  "top_10_combinations": [
    {
      "parameters": {
        "DROPOUT": 0.5,
        "HIDDEN_CHANNELS": 64,
        "MAX_HOPS": 2,
        "NUM_LAYERS": 2,
        "TEMPERATURE": 0.5
      },
      "final_test_accuracy": {
        "mean": 0.4901960784313725,
        "std": 0.06562039423796671,
        "max": 0.5882352941176471
      },
      "best_test_accuracy": {
        "mean": 0.4862745098039215,
        "std": 0.05246701239317511,
        "max": 0.5882352941176471
      },
      "final_val_accuracy": {
        "mean": 0.488,
        "std": 0.0770454411370329,
        "max": 0.62
      },
      "best_val_accuracy": {
        "mean": 0.532,
        "std": 0.08109253973085317,
        "max": 0.68
      },
      "experiment_count": 10
    },
    {
      "parameters": {
        "DROPOUT": 0.5,
        "HIDDEN_CHANNELS": 64,
        "MAX_HOPS": 3,
        "NUM_LAYERS": 3,
        "TEMPERATURE": 0.5
      },
      "final_test_accuracy": {
        "mean": 0.46274509803921565,
        "std": 0.0674692177807265,
        "max": 0.5882352941176471
      },
      "best_test_accuracy": {
        "mean": 0.4764705882352941,
        "std": 0.06795185667122924,
        "max": 0.5882352941176471
      },
      "final_val_accuracy": {
        "mean": 0.492,
        "std": 0.10703270528207721,
        "max": 0.62
      },
      "best_val_accuracy": {
        "mean": 0.534,
        "std": 0.0916733330909267,
        "max": 0.7
      },
      "experiment_count": 10
    },
    {
      "parameters": {
        "DROPOUT": 0.5,
        "HIDDEN_CHANNELS": 64,
        "MAX_HOPS": 4,
        "NUM_LAYERS": 3,
        "TEMPERATURE": 0.5
      },
      "final_test_accuracy": {
        "mean": 0.46078431372549017,
        "std": 0.05699781119117111,
        "max": 0.5490196078431373
      },
      "best_test_accuracy": {
        "mean": 0.45294117647058824,
        "std": 0.06984907110022304,
        "max": 0.5490196078431373
      },
      "final_val_accuracy": {
        "mean": 0.466,
        "std": 0.051419840528729784,
        "max": 0.56
      },
      "best_val_accuracy": {
        "mean": 0.5119999999999999,
        "std": 0.06764613810115104,
        "max": 0.6
      },
      "experiment_count": 10
    },
    {
      "parameters": {
        "DROPOUT": 0.5,
        "HIDDEN_CHANNELS": 64,
        "MAX_HOPS": 3,
        "NUM_LAYERS": 2,
        "TEMPERATURE": 0.5
      },
      "final_test_accuracy": {
        "mean": 0.4549019607843137,
        "std": 0.05869266489057162,
        "max": 0.5686274509803921
      },
      "best_test_accuracy": {
        "mean": 0.4607843137254902,
        "std": 0.06973889899521074,
        "max": 0.6274509803921569
      },
      "final_val_accuracy": {
        "mean": 0.458,
        "std": 0.06660330322138686,
        "max": 0.56
      },
      "best_val_accuracy": {
        "mean": 0.526,
        "std": 0.06514598989960932,
        "max": 0.64
      },
      "experiment_count": 10
    },
    {
      "parameters": {
        "DROPOUT": 0.5,
        "HIDDEN_CHANNELS": 64,
        "MAX_HOPS": 4,
        "NUM_LAYERS": 2,
        "TEMPERATURE": 0.5
      },
      "final_test_accuracy": {
        "mean": 0.4470588235294118,
        "std": 0.056011203361120386,
        "max": 0.5294117647058824
      },
      "best_test_accuracy": {
        "mean": 0.4568627450980392,
        "std": 0.04209982461487037,
        "max": 0.5294117647058824
      },
      "final_val_accuracy": {
        "mean": 0.45199999999999996,
        "std": 0.07652450587883598,
        "max": 0.56
      },
      "best_val_accuracy": {
        "mean": 0.522,
        "std": 0.060299253726725344,
        "max": 0.62
      },
      "experiment_count": 10
    },
    {
      "parameters": {
        "DROPOUT": 0.5,
        "HIDDEN_CHANNELS": 64,
        "MAX_HOPS": 2,
        "NUM_LAYERS": 3,
        "TEMPERATURE": 0.5
      },
      "final_test_accuracy": {
        "mean": 0.44117647058823534,
        "std": 0.06576670522058205,
        "max": 0.5686274509803921
      },
      "best_test_accuracy": {
        "mean": 0.4764705882352941,
        "std": 0.045606679802403946,
        "max": 0.5294117647058824
      },
      "final_val_accuracy": {
        "mean": 0.45400000000000007,
        "std": 0.09635351576356722,
        "max": 0.58
      },
      "best_val_accuracy": {
        "mean": 0.514,
        "std": 0.06390618123468184,
        "max": 0.62
      },
      "experiment_count": 10
    },
    {
      "parameters": {
        "DROPOUT": 0.5,
        "HIDDEN_CHANNELS": 64,
        "MAX_HOPS": 3,
        "NUM_LAYERS": 1,
        "TEMPERATURE": 0.5
      },
      "final_test_accuracy": {
        "mean": 0.42549019607843136,
        "std": 0.054090644016210665,
        "max": 0.49019607843137253
      },
      "best_test_accuracy": {
        "mean": 0.46078431372549017,
        "std": 0.08330449327940391,
        "max": 0.6078431372549019
      },
      "final_val_accuracy": {
        "mean": 0.43400000000000005,
        "std": 0.07045565981523415,
        "max": 0.56
      },
      "best_val_accuracy": {
        "mean": 0.532,
        "std": 0.02856571371417141,
        "max": 0.58
      },
      "experiment_count": 10
    },
    {
      "parameters": {
        "DROPOUT": 0.5,
        "HIDDEN_CHANNELS": 64,
        "MAX_HOPS": 2,
        "NUM_LAYERS": 1,
        "TEMPERATURE": 0.5
      },
      "final_test_accuracy": {
        "mean": 0.39215686274509803,
        "std": 0.0588235294117647,
        "max": 0.5098039215686274
      },
      "best_test_accuracy": {
        "mean": 0.411764705882353,
        "std": 0.07123883186111746,
        "max": 0.5490196078431373
      },
      "final_val_accuracy": {
        "mean": 0.43200000000000005,
        "std": 0.08009993757800314,
        "max": 0.58
      },
      "best_val_accuracy": {
        "mean": 0.5279999999999999,
        "std": 0.040199502484483556,
        "max": 0.6
      },
      "experiment_count": 10
    },
    {
      "parameters": {
        "DROPOUT": 0.5,
        "HIDDEN_CHANNELS": 64,
        "MAX_HOPS": 4,
        "NUM_LAYERS": 1,
        "TEMPERATURE": 0.5
      },
      "final_test_accuracy": {
        "mean": 0.39019607843137255,
        "std": 0.03556540617101382,
        "max": 0.47058823529411764
      },
      "best_test_accuracy": {
        "mean": 0.4019607843137255,
        "std": 0.06749770383552355,
        "max": 0.5098039215686274
      },