{
  "experiment_info": {
    "timestamp": "2025-07-03 16:32:27",
    "dataset": "Texas",
    "model": "GCN"
  },
  "total_combinations": 9,
  "total_experiments": 90,
  "best_combination_by_val": {
    "parameters": {
      "DROPOUT": 0.5,
      "HIDDEN_CHANNELS": 64,
      "MAX_HOPS": 2,
      "NUM_LAYERS": 3,
      "TEMPERATURE": 0.5
    },
    "final_test_accuracy": {
      "mean": 0.5184210526315789,
      "std": 0.07540288832576003,
      "max": 0.6842105263157895
    },
    "best_test_accuracy": {
      "mean": 0.5578947368421053,
      "std": 0.056195148694901643,
      "max": 0.6578947368421053
    },
    "final_val_accuracy": {
      "mean": 0.5666666666666667,
      "std": 0.08713548411865624,
      "max": 0.6666666666666666
    },
    "best_val_accuracy": {
      "mean": 0.6166666666666667,
      "std": 0.036851386559504415,
      "max": 0.6666666666666666
    },
    "experiment_count": 10
  },
  "best_combination_by_test": {
    "parameters": {
      "DROPOUT": 0.5,
      "HIDDEN_CHANNELS": 64,
      "MAX_HOPS": 4,
      "NUM_LAYERS": 3,
      "TEMPERATURE": 0.5
    },
    "final_test_accuracy": {
      "mean": 0.55,
      "std": 0.04625893639801827,
      "max": 0.631578947368421
    },
    "best_test_accuracy": {
      "mean": 0.5526315789473684,
      "std": 0.03721614637823935,
      "max": 0.631578947368421
    },
    "final_val_accuracy": {
      "mean": 0.55,
      "std": 0.05091750772173158,
      "max": 0.6111111111111112
    },
    "best_val_accuracy": {
      "mean": 0.5611111111111111,
      "std": 0.05665577237325317,
      "max": 0.6388888888888888
    },
    "experiment_count": 10
  },
  "top_10_combinations": [
    {
      "parameters": {
        "DROPOUT": 0.5,
        "HIDDEN_CHANNELS": 64,
        "MAX_HOPS": 4,
        "NUM_LAYERS": 3,
        "TEMPERATURE": 0.5
      },
      "final_test_accuracy": {
        "mean": 0.55,
        "std": 0.04625893639801827,
        "max": 0.631578947368421
      },
      "best_test_accuracy": {
        "mean": 0.5526315789473684,
        "std": 0.03721614637823935,
        "max": 0.631578947368421
      },
      "final_val_accuracy": {
        "mean": 0.55,
        "std": 0.05091750772173158,
        "max": 0.6111111111111112
      },
      "best_val_accuracy": {
        "mean": 0.5611111111111111,
        "std": 0.05665577237325317,
        "max": 0.6388888888888888
      },
      "experiment_count": 10
    },
    {
      "parameters": {
        "DROPOUT": 0.5,
        "HIDDEN_CHANNELS": 64,
        "MAX_HOPS": 4,
        "NUM_LAYERS": 2,
        "TEMPERATURE": 0.5
      },
      "final_test_accuracy": {
        "mean": 0.5421052631578948,
        "std": 0.07912261251775214,
        "max": 0.7368421052631579
      },
      "best_test_accuracy": {
        "mean": 0.5421052631578946,
        "std": 0.0858395075278952,
        "max": 0.7368421052631579
      },
      "final_val_accuracy": {
        "mean": 0.5166666666666667,
        "std": 0.0844371341865037,
        "max": 0.6944444444444444
      },
      "best_val_accuracy": {
        "mean": 0.5611111111111112,
        "std": 0.09844469525927414,
        "max": 0.7222222222222222
      },
      "experiment_count": 10
    },
    {
      "parameters": {
        "DROPOUT": 0.5,
        "HIDDEN_CHANNELS": 64,
        "MAX_HOPS": 3,
        "NUM_LAYERS": 3,
        "TEMPERATURE": 0.5
      },
      "final_test_accuracy": {
        "mean": 0.531578947368421,
        "std": 0.05102820902543506,
        "max": 0.5789473684210527
      },
      "best_test_accuracy": {
        "mean": 0.5447368421052632,
        "std": 0.052697327353949434,
        "max": 0.631578947368421
      },
      "final_val_accuracy": {
        "mean": 0.5194444444444445,
        "std": 0.09048054152723517,
        "max": 0.7222222222222222
      },
      "best_val_accuracy": {
        "mean": 0.5555555555555556,
        "std": 0.1075828707279838,
        "max": 0.75
      },
      "experiment_count": 10
    },
    {
      "parameters": {
        "DROPOUT": 0.5,
        "HIDDEN_CHANNELS": 64,
        "MAX_HOPS": 3,
        "NUM_LAYERS": 2,
        "TEMPERATURE": 0.5
      },
      "final_test_accuracy": {
        "mean": 0.5184210526315789,
        "std": 0.06451395090595402,
        "max": 0.631578947368421
      },
      "best_test_accuracy": {
        "mean": 0.5263157894736842,
        "std": 0.05520046569316588,
        "max": 0.6052631578947368
      },
      "final_val_accuracy": {
        "mean": 0.5750000000000001,
        "std": 0.0497679801865803,
        "max": 0.6666666666666666
      },
      "best_val_accuracy": {
        "mean": 0.6000000000000001,
        "std": 0.06358623967921997,
        "max": 0.75
      },
      "experiment_count": 10
    },
    {
      "parameters": {
        "DROPOUT": 0.5,
        "HIDDEN_CHANNELS": 64,
        "MAX_HOPS": 2,
        "NUM_LAYERS": 3,
        "TEMPERATURE": 0.5
      },
      "final_test_accuracy": {
        "mean": 0.5184210526315789,
        "std": 0.07540288832576003,
        "max": 0.6842105263157895
      },
      "best_test_accuracy": {
        "mean": 0.5578947368421053,
        "std": 0.056195148694901643,
        "max": 0.6578947368421053
      },
      "final_val_accuracy": {
        "mean": 0.5666666666666667,
        "std": 0.08713548411865624,
        "max": 0.6666666666666666
      },
      "best_val_accuracy": {
        "mean": 0.6166666666666667,
        "std": 0.036851386559504415,
        "max": 0.6666666666666666
      },
      "experiment_count": 10
    },
    {
      "parameters": {
        "DROPOUT": 0.5,
        "HIDDEN_CHANNELS": 64,
        "MAX_HOPS": 2,
        "NUM_LAYERS": 2,
        "TEMPERATURE": 0.5
      },
      "final_test_accuracy": {
        "mean": 0.5026315789473685,
        "std": 0.05322039056883339,
        "max": 0.5789473684210527
      },
      "best_test_accuracy": {
        "mean": 0.5157894736842106,
        "std": 0.045883146774112364,
        "max": 0.5789473684210527
      },
      "final_val_accuracy": {
        "mean": 0.538888888888889,
        "std": 0.0747423558170762,
        "max": 0.6111111111111112
      },
      "best_val_accuracy": {
        "mean": 0.5777777777777777,
        "std": 0.06309898162000303,
        "max": 0.6944444444444444
      },
      "experiment_count": 10
    },
    {
      "parameters": {
        "DROPOUT": 0.5,
        "HIDDEN_CHANNELS": 64,
        "MAX_HOPS": 3,
        "NUM_LAYERS": 1,
        "TEMPERATURE": 0.5
      },
      "final_test_accuracy": {
        "mean": 0.4473684210526316,
        "std": 0.04852391819627837,
        "max": 0.5526315789473685
      },
      "best_test_accuracy": {
        "mean": 0.5210526315789474,
        "std": 0.08712076503814131,
        "max": 0.631578947368421
      },
      "final_val_accuracy": {
        "mean": 0.43055555555555564,
        "std": 0.08979572152913676,
        "max": 0.5555555555555556
      },
      "best_val_accuracy": {
        "mean": 0.5638888888888889,
        "std": 0.06579288490181673,
        "max": 0.6388888888888888
      },
      "experiment_count": 10
    },
    {
      "parameters": {
        "DROPOUT": 0.5,
        "HIDDEN_CHANNELS": 64,
        "MAX_HOPS": 4,
        "NUM_LAYERS": 1,
        "TEMPERATURE": 0.5
      },
      "final_test_accuracy": {
        "mean": 0.41052631578947374,
        "std": 0.05418752705782631,
        "max": 0.47368421052631576
      },
      "best_test_accuracy": {
        "mean": 0.5157894736842106,
        "std": 0.061378440998371586,
        "max": 0.631578947368421
      },
      "final_val_accuracy": {
        "mean": 0.4555555555555556,
        "std": 0.05,
        "max": 0.5833333333333334
      },
      "best_val_accuracy": {
        "mean": 0.611111111111111,
        "std": 0.06211299937499414,
        "max": 0.7222222222222222
      },
      "experiment_count": 10
    },
    {
      "parameters": {
        "DROPOUT": 0.5,
        "HIDDEN_CHANNELS": 64,
        "MAX_HOPS": 2,
        "NUM_LAYERS": 1,