{
  "experiment_info": {
    "timestamp": "2025-07-04 09:05:38",
    "dataset": "Chameleon",
    "model": "H2GCN"
  },
  "total_experiments": 90,
  "final_results": {
    "train": {
      "mean": 0.9894908085244835,
      "std": 0.00334462763332164
    },
    "val": {
      "mean": 0.5402686202686202,
      "std": 0.027687225104399707
    },
    "test": {
      "mean": 0.5412768031189084,
      "std": 0.029668958585906402
    }
  },
  "best_results": {
    "val": {
      "mean": 0.5739926739926738,
      "std": 0.023548869099553737
    },
    "test": {
      "mean": 0.5530458089668616,
      "std": 0.031095866499215894
    }
  },
  "early_stopping": {
    "early_stopped_experiments": 90,
    "early_stopping_rate": 1.0,
    "average_stopping_epoch": 78.86666666666666,
    "stopping_epoch_std": 33.60529058876824,
    "stopping_epoch_range": [
      53,
      216
    ]
  }
}