{
  "experiment_info": {
    "timestamp": "2025-07-04 09:05:38",
    "dataset": "Chameleon",
    "model": "H2GCN"
  },
  "total_combinations": 9,
  "total_experiments": 90,
  "best_combination_by_val": {
    "parameters": {
      "DROPOUT": 0.5,
      "HIDDEN_CHANNELS": 64,
      "MAX_HOPS": 3,
      "NUM_LAYERS": 3,
      "TEMPERATURE": 0.5
    },
    "final_test_accuracy": {
      "mean": 0.5572368421052631,
      "std": 0.021339646241042263,
      "max": 0.5942982456140351
    },
    "best_test_accuracy": {
      "mean": 0.5710526315789475,
      "std": 0.017767218509236044,
      "max": 0.5986842105263158
    },
    "final_val_accuracy": {
      "mean": 0.5626373626373626,
      "std": 0.022712985815848463,
      "max": 0.5956043956043956
    },
    "best_val_accuracy": {
      "mean": 0.5995604395604396,
      "std": 0.016234009066039015,
      "max": 0.6329670329670329
    },
    "experiment_count": 10
  },
  "best_combination_by_test": {
    "parameters": {
      "DROPOUT": 0.5,
      "HIDDEN_CHANNELS": 64,
      "MAX_HOPS": 2,
      "NUM_LAYERS": 2,
      "TEMPERATURE": 0.5
    },
    "final_test_accuracy": {
      "mean": 0.5649122807017544,
      "std": 0.02022305593578684,
      "max": 0.6052631578947368
    },
    "best_test_accuracy": {
      "mean": 0.5631578947368421,
      "std": 0.016287232129497484,
      "max": 0.5921052631578947
    },
    "final_val_accuracy": {
      "mean": 0.5483516483516484,
      "std": 0.021359426340324093,
      "max": 0.5692307692307692
    },
    "best_val_accuracy": {
      "mean": 0.5767032967032966,
      "std": 0.011512791959304441,
      "max": 0.6
    },
    "experiment_count": 10
  },
  "top_10_combinations": [
    {
      "parameters": {
        "DROPOUT": 0.5,
        "HIDDEN_CHANNELS": 64,
        "MAX_HOPS": 2,
        "NUM_LAYERS": 2,
        "TEMPERATURE": 0.5
      },
      "final_test_accuracy": {
        "mean": 0.5649122807017544,
        "std": 0.02022305593578684,
        "max": 0.6052631578947368
      },
      "best_test_accuracy": {
        "mean": 0.5631578947368421,
        "std": 0.016287232129497484,
        "max": 0.5921052631578947
      },
      "final_val_accuracy": {
        "mean": 0.5483516483516484,
        "std": 0.021359426340324093,
        "max": 0.5692307692307692
      },
      "best_val_accuracy": {
        "mean": 0.5767032967032966,
        "std": 0.011512791959304441,
        "max": 0.6
      },
      "experiment_count": 10
    },
    {
      "parameters": {
        "DROPOUT": 0.5,
        "HIDDEN_CHANNELS": 64,
        "MAX_HOPS": 2,
        "NUM_LAYERS": 3,
        "TEMPERATURE": 0.5
      },
      "final_test_accuracy": {
        "mean": 0.5581140350877194,
        "std": 0.021040063865707948,
        "max": 0.5855263157894737
      },
      "best_test_accuracy": {
        "mean": 0.5831140350877193,
        "std": 0.019650150740655955,
        "max": 0.6118421052631579
      },
      "final_val_accuracy": {
        "mean": 0.5560439560439561,
        "std": 0.021149207426319837,
        "max": 0.6065934065934065
      },
      "best_val_accuracy": {
        "mean": 0.5859340659340658,
        "std": 0.019240499892957612,
        "max": 0.610989010989011
      },
      "experiment_count": 10
    },
    {
      "parameters": {
        "DROPOUT": 0.5,
        "HIDDEN_CHANNELS": 64,
        "MAX_HOPS": 3,
        "NUM_LAYERS": 3,
        "TEMPERATURE": 0.5
      },
      "final_test_accuracy": {
        "mean": 0.5572368421052631,
        "std": 0.021339646241042263,
        "max": 0.5942982456140351
      },
      "best_test_accuracy": {
        "mean": 0.5710526315789475,
        "std": 0.017767218509236044,
        "max": 0.5986842105263158
      },
      "final_val_accuracy": {
        "mean": 0.5626373626373626,
        "std": 0.022712985815848463,
        "max": 0.5956043956043956
      },
      "best_val_accuracy": {
        "mean": 0.5995604395604396,
        "std": 0.016234009066039015,
        "max": 0.6329670329670329
      },
      "experiment_count": 10
    },
    {
      "parameters": {
        "DROPOUT": 0.5,
        "HIDDEN_CHANNELS": 64,
        "MAX_HOPS": 4,
        "NUM_LAYERS": 3,
        "TEMPERATURE": 0.5
      },
      "final_test_accuracy": {
        "mean": 0.555921052631579,
        "std": 0.016708454077895122,
        "max": 0.5855263157894737
      },
      "best_test_accuracy": {
        "mean": 0.5723684210526316,
        "std": 0.013267090756363316,
        "max": 0.6008771929824561
      },
      "final_val_accuracy": {
        "mean": 0.5485714285714286,
        "std": 0.02437876856942777,
        "max": 0.578021978021978
      },
      "best_val_accuracy": {
        "mean": 0.5852747252747251,
        "std": 0.014972502268352601,
        "max": 0.6021978021978022
      },
      "experiment_count": 10
    },
    {
      "parameters": {
        "DROPOUT": 0.5,
        "HIDDEN_CHANNELS": 64,
        "MAX_HOPS": 3,
        "NUM_LAYERS": 2,
        "TEMPERATURE": 0.5
      },
      "final_test_accuracy": {
        "mean": 0.5535087719298246,
        "std": 0.022325379987060377,
        "max": 0.581140350877193
      },
      "best_test_accuracy": {
        "mean": 0.5638157894736843,
        "std": 0.026433399470585695,
        "max": 0.6162280701754386
      },
      "final_val_accuracy": {
        "mean": 0.5516483516483517,
        "std": 0.019828999681125198,
        "max": 0.5912087912087912
      },
      "best_val_accuracy": {
        "mean": 0.5815384615384614,
        "std": 0.01585467146977708,
        "max": 0.6087912087912087
      },
      "experiment_count": 10
    },
    {
      "parameters": {
        "DROPOUT": 0.5,
        "HIDDEN_CHANNELS": 64,
        "MAX_HOPS": 4,
        "NUM_LAYERS": 2,
        "TEMPERATURE": 0.5
      },
      "final_test_accuracy": {
        "mean": 0.531359649122807,
        "std": 0.016353533497808905,
        "max": 0.5701754385964912
      },
      "best_test_accuracy": {
        "mean": 0.5565789473684211,
        "std": 0.025172534828564453,
        "max": 0.6162280701754386
      },
      "final_val_accuracy": {
        "mean": 0.5459340659340659,
        "std": 0.017450051201124583,
        "max": 0.5802197802197803
      },
      "best_val_accuracy": {
        "mean": 0.5848351648351647,
        "std": 0.013456940232827804,
        "max": 0.6065934065934065
      },
      "experiment_count": 10
    },
    {
      "parameters": {
        "DROPOUT": 0.5,
        "HIDDEN_CHANNELS": 64,
        "MAX_HOPS": 4,
        "NUM_LAYERS": 1,
        "TEMPERATURE": 0.5
      },
      "final_test_accuracy": {
        "mean": 0.524561403508772,
        "std": 0.030383690810733333,
        "max": 0.5526315789473685
      },
      "best_test_accuracy": {
        "mean": 0.5168859649122807,
        "std": 0.024003893510484202,
        "max": 0.5592105263157895
      },
      "final_val_accuracy": {
        "mean": 0.5274725274725274,
        "std": 0.02059377015406151,
        "max": 0.5714285714285714
      },
      "best_val_accuracy": {
        "mean": 0.552967032967033,
        "std": 0.014250167101052603,
        "max": 0.589010989010989
      },
      "experiment_count": 10
    },
    {
      "parameters": {
        "DROPOUT": 0.5,
        "HIDDEN_CHANNELS": 64,
        "MAX_HOPS": 2,
        "NUM_LAYERS": 1,
        "TEMPERATURE": 0.5
      },
      "final_test_accuracy": {
        "mean": 0.5144736842105263,
        "std": 0.01942244721533731,
        "max": 0.5350877192982456
      },
      "best_test_accuracy": {
        "mean": 0.5241228070175439,
        "std": 0.012711733987885481,
        "max": 0.5526315789473685
      },
      "final_val_accuracy": {
        "mean": 0.5050549450549451,
        "std": 0.015963973448206485,
        "max": 0.5340659340659341
      },
      "best_val_accuracy": {
        "mean": 0.550989010989011,
        "std": 0.0178021978021978,
        "max": 0.5956043956043956
      },