{
  "experiment_info": {
    "timestamp": "2025-07-05 20:59:20",
    "dataset": "Chameleon",
    "model": "RGCN"
  },
  "total_experiments": 60,
  "final_results": {
    "train": {
      "mean": 0.9407271839921915,
      "std": 0.01432052655067128
    },
    "val": {
      "mean": 0.5734065934065934,
      "std": 0.1456264134296075
    },
    "test": {
      "mean": 0.5742324561403508,
      "std": 0.1490705667225542
    }
  },
  "best_results": {
    "val": {
      "mean": 0.6082417582417583,
      "std": 0.13190818988641767
    },
    "test": {
      "mean": 0.5923245614035088,
      "std": 0.13786733811475008
    }
  },
  "early_stopping": {
    "early_stopped_experiments": 60,
    "early_stopping_rate": 1.0,
    "average_stopping_epoch": 103.15,
    "stopping_epoch_std": 45.42753386805554,
    "stopping_epoch_range": [
      55,
      223
    ]
  },
  "feature_modification": {
    "modifications_applied": 1,
    "modification_types": [
      "missingness"
    ]
  }
}