{
  "experiment_info": {
    "timestamp": "2025-07-07 01:22:24",
    "dataset": "Texas",
    "model": "MLP"
  },
  "total_combinations": 6,
  "total_experiments": 60,
  "best_combination_by_val": {
    "parameters": {
      "DROPOUT": 0.5,
      "HIDDEN_CHANNELS": 64,
      "MAX_HOPS": 4,
      "NUM_LAYERS": 2,
      "TEMPERATURE": 0.5
    },
    "final_test_accuracy": {
      "mean": 0.5342105263157895,
      "std": 0.052697327353949455,
      "max": 0.6578947368421053
    },
    "best_test_accuracy": {
      "mean": 0.5684210526315789,
      "std": 0.09355994123490093,
      "max": 0.8157894736842105
    },
    "final_val_accuracy": {
      "mean": 0.6222222222222221,
      "std": 0.07264831572567788,
      "max": 0.75
    },
    "best_val_accuracy": {
      "mean": 0.6527777777777777,
      "std": 0.06832429931249358,
      "max": 0.75
    },
    "experiment_count": 10
  },
  "best_combination_by_test": {
    "parameters": {
      "DROPOUT": 0.5,
      "HIDDEN_CHANNELS": 64,
      "MAX_HOPS": 3,
      "NUM_LAYERS": 2,
      "TEMPERATURE": 0.5
    },
    "final_test_accuracy": {
      "mean": 0.605263157894737,
      "std": 0.08648250907976307,
      "max": 0.7105263157894737
    },
    "best_test_accuracy": {
      "mean": 0.6342105263157894,
      "std": 0.09300314235301206,
      "max": 0.7368421052631579
    },
    "final_val_accuracy": {
      "mean": 0.6055555555555555,
      "std": 0.11837375418145843,
      "max": 0.8055555555555556
    },
    "best_val_accuracy": {
      "mean": 0.6361111111111112,
      "std": 0.11348165675453054,
      "max": 0.8333333333333334
    },
    "experiment_count": 10
  },
  "top_10_combinations": [
    {
      "parameters": {
        "DROPOUT": 0.5,
        "HIDDEN_CHANNELS": 64,
        "MAX_HOPS": 3,
        "NUM_LAYERS": 2,
        "TEMPERATURE": 0.5
      },
      "final_test_accuracy": {
        "mean": 0.605263157894737,
        "std": 0.08648250907976307,
        "max": 0.7105263157894737
      },
      "best_test_accuracy": {
        "mean": 0.6342105263157894,
        "std": 0.09300314235301206,
        "max": 0.7368421052631579
      },
      "final_val_accuracy": {
        "mean": 0.6055555555555555,
        "std": 0.11837375418145843,
        "max": 0.8055555555555556
      },
      "best_val_accuracy": {
        "mean": 0.6361111111111112,
        "std": 0.11348165675453054,
        "max": 0.8333333333333334
      },
      "experiment_count": 10
    },
    {
      "parameters": {
        "DROPOUT": 0.5,
        "HIDDEN_CHANNELS": 64,
        "MAX_HOPS": 2,
        "NUM_LAYERS": 1,
        "TEMPERATURE": 0.5
      },
      "final_test_accuracy": {
        "mean": 0.5815789473684212,
        "std": 0.09074178762929826,
        "max": 0.7631578947368421
      },
      "best_test_accuracy": {
        "mean": 0.5894736842105263,
        "std": 0.08900807644888295,
        "max": 0.7368421052631579
      },
      "final_val_accuracy": {
        "mean": 0.5888888888888889,
        "std": 0.08766518798921945,
        "max": 0.8055555555555556
      },
      "best_val_accuracy": {
        "mean": 0.611111111111111,
        "std": 0.10092167846991637,
        "max": 0.8888888888888888
      },
      "experiment_count": 10
    },
    {
      "parameters": {
        "DROPOUT": 0.5,
        "HIDDEN_CHANNELS": 64,
        "MAX_HOPS": 4,
        "NUM_LAYERS": 1,
        "TEMPERATURE": 0.5
      },
      "final_test_accuracy": {
        "mean": 0.5657894736842105,
        "std": 0.11546005772884373,
        "max": 0.7631578947368421
      },
      "best_test_accuracy": {
        "mean": 0.6289473684210527,
        "std": 0.10423843326493876,
        "max": 0.7631578947368421
      },
      "final_val_accuracy": {
        "mean": 0.5527777777777778,
        "std": 0.09166666666666667,
        "max": 0.75
      },
      "best_val_accuracy": {
        "mean": 0.6305555555555555,
        "std": 0.10471153791650424,
        "max": 0.75
      },
      "experiment_count": 10
    },
    {
      "parameters": {
        "DROPOUT": 0.5,
        "HIDDEN_CHANNELS": 64,
        "MAX_HOPS": 2,
        "NUM_LAYERS": 2,
        "TEMPERATURE": 0.5
      },
      "final_test_accuracy": {
        "mean": 0.5605263157894737,
        "std": 0.03912123354557502,
        "max": 0.631578947368421
      },
      "best_test_accuracy": {
        "mean": 0.5999999999999999,
        "std": 0.07788762414183549,
        "max": 0.7368421052631579
      },
      "final_val_accuracy": {
        "mean": 0.5722222222222222,
        "std": 0.07576767609436584,
        "max": 0.6666666666666666
      },
      "best_val_accuracy": {
        "mean": 0.6305555555555554,
        "std": 0.12425705136858356,
        "max": 0.8611111111111112
      },
      "experiment_count": 10
    },
    {
      "parameters": {
        "DROPOUT": 0.5,
        "HIDDEN_CHANNELS": 64,
        "MAX_HOPS": 3,
        "NUM_LAYERS": 1,
        "TEMPERATURE": 0.5
      },
      "final_test_accuracy": {
        "mean": 0.5552631578947368,
        "std": 0.07846342903092408,
        "max": 0.7105263157894737
      },
      "best_test_accuracy": {
        "mean": 0.5763157894736841,
        "std": 0.07105263157894738,
        "max": 0.6842105263157895
      },
      "final_val_accuracy": {
        "mean": 0.5694444444444444,
        "std": 0.09642530532060989,
        "max": 0.75
      },
      "best_val_accuracy": {
        "mean": 0.5944444444444444,
        "std": 0.09229582069908972,
        "max": 0.75
      },
      "experiment_count": 10
    },
    {
      "parameters": {
        "DROPOUT": 0.5,
        "HIDDEN_CHANNELS": 64,
        "MAX_HOPS": 4,
        "NUM_LAYERS": 2,
        "TEMPERATURE": 0.5
      },
      "final_test_accuracy": {
        "mean": 0.5342105263157895,
        "std": 0.052697327353949455,
        "max": 0.6578947368421053
      },
      "best_test_accuracy": {
        "mean": 0.5684210526315789,
        "std": 0.09355994123490093,
        "max": 0.8157894736842105
      },
      "final_val_accuracy": {
        "mean": 0.6222222222222221,
        "std": 0.07264831572567788,
        "max": 0.75
      },
      "best_val_accuracy": {
        "mean": 0.6527777777777777,
        "std": 0.06832429931249358,
        "max": 0.75
      },
      "experiment_count": 10
    }
  ],
  "all_combinations": [
    {
      "parameters": {
        "DROPOUT": 0.5,
        "HIDDEN_CHANNELS": 64,
        "MAX_HOPS": 3,
        "NUM_LAYERS": 2,
        "TEMPERATURE": 0.5
      },
      "final_test_accuracy": {
        "mean": 0.605263157894737,
        "std": 0.08648250907976307,
        "max": 0.7105263157894737
      },
      "best_test_accuracy": {
        "mean": 0.6342105263157894,
        "std": 0.09300314235301206,
        "max": 0.7368421052631579
      },
      "final_val_accuracy": {
        "mean": 0.6055555555555555,
        "std": 0.11837375418145843,
        "max": 0.8055555555555556
      },
      "best_val_accuracy": {
        "mean": 0.6361111111111112,
        "std": 0.11348165675453054,
        "max": 0.8333333333333334
      },
      "experiment_count": 10
    },
    {
      "parameters": {
        "DROPOUT": 0.5,
        "HIDDEN_CHANNELS": 64,
        "MAX_HOPS": 2,
        "NUM_LAYERS": 1,
        "TEMPERATURE": 0.5
      },
      "final_test_accuracy": {
        "mean": 0.5815789473684212,
        "std": 0.09074178762929826,
        "max": 0.7631578947368421
      },
      "best_test_accuracy": {
        "mean": 0.5894736842105263,
        "std": 0.08900807644888295,
        "max": 0.7368421052631579
      },
      "final_val_accuracy": {
        "mean": 0.5888888888888889,
        "std": 0.08766518798921945,
        "max": 0.8055555555555556
      },
      "best_val_accuracy": {
        "mean": 0.611111111111111,
        "std": 0.10092167846991637,
        "max": 0.8888888888888888
      },
      "experiment_count": 10
    },
    {
      "parameters": {
        "DROPOUT": 0.5,
        "HIDDEN_CHANNELS": 64,
        "MAX_HOPS": 4,