{
  "experiment_info": {
    "timestamp": "2025-07-02 20:11:55",
    "dataset": "Cora",
    "model": "RobustH2GCN"
  },
  "total_combinations": 9,
  "total_experiments": 90,
  "best_combination_by_val": {
    "parameters": {
      "DROPOUT": 0.5,
      "HIDDEN_CHANNELS": 64,
      "MAX_HOPS": 3,
      "NUM_LAYERS": 1,
      "TEMPERATURE": 0.5
    },
    "final_test_accuracy": {
      "mean": 0.8432780847145487,
      "std": 0.012717853901008887,
      "max": 0.861878453038674
    },
    "best_test_accuracy": {
      "mean": 0.8430939226519337,
      "std": 0.01021394079105861,
      "max": 0.861878453038674
    },
    "final_val_accuracy": {
      "mean": 0.845286506469501,
      "std": 0.017768968604384858,
      "max": 0.866913123844732
    },
    "best_val_accuracy": {
      "mean": 0.8512014787430685,
      "std": 0.01852583132032061,
      "max": 0.8743068391866913
    },
    "experiment_count": 10
  },
  "best_combination_by_test": {
    "parameters": {
      "DROPOUT": 0.5,
      "HIDDEN_CHANNELS": 64,
      "MAX_HOPS": 2,
      "NUM_LAYERS": 1,
      "TEMPERATURE": 0.5
    },
    "final_test_accuracy": {
      "mean": 0.8482504604051565,
      "std": 0.017220876210034562,
      "max": 0.8710865561694291
    },
    "best_test_accuracy": {
      "mean": 0.8436464088397789,
      "std": 0.013792496753851042,
      "max": 0.8655616942909761
    },
    "final_val_accuracy": {
      "mean": 0.8375231053604437,
      "std": 0.018269547449998022,
      "max": 0.8743068391866913
    },
    "best_val_accuracy": {
      "mean": 0.8445471349353051,
      "std": 0.016828825403504832,
      "max": 0.8798521256931608
    },
    "experiment_count": 10
  },
  "top_10_combinations": [
    {
      "parameters": {
        "DROPOUT": 0.5,
        "HIDDEN_CHANNELS": 64,
        "MAX_HOPS": 2,
        "NUM_LAYERS": 1,
        "TEMPERATURE": 0.5
      },
      "final_test_accuracy": {
        "mean": 0.8482504604051565,
        "std": 0.017220876210034562,
        "max": 0.8710865561694291
      },
      "best_test_accuracy": {
        "mean": 0.8436464088397789,
        "std": 0.013792496753851042,
        "max": 0.8655616942909761
      },
      "final_val_accuracy": {
        "mean": 0.8375231053604437,
        "std": 0.018269547449998022,
        "max": 0.8743068391866913
      },
      "best_val_accuracy": {
        "mean": 0.8445471349353051,
        "std": 0.016828825403504832,
        "max": 0.8798521256931608
      },
      "experiment_count": 10
    },
    {
      "parameters": {
        "DROPOUT": 0.5,
        "HIDDEN_CHANNELS": 64,
        "MAX_HOPS": 4,
        "NUM_LAYERS": 1,
        "TEMPERATURE": 0.5
      },
      "final_test_accuracy": {
        "mean": 0.847145488029466,
        "std": 0.013048242787416849,
        "max": 0.8655616942909761
      },
      "best_test_accuracy": {
        "mean": 0.8467771639042357,
        "std": 0.011524484601960988,
        "max": 0.861878453038674
      },
      "final_val_accuracy": {
        "mean": 0.8382624768946396,
        "std": 0.018377696358716427,
        "max": 0.8687615526802218
      },
      "best_val_accuracy": {
        "mean": 0.8460258780036968,
        "std": 0.01942258093409011,
        "max": 0.8706099815157117
      },
      "experiment_count": 10
    },
    {
      "parameters": {
        "DROPOUT": 0.5,
        "HIDDEN_CHANNELS": 64,
        "MAX_HOPS": 3,
        "NUM_LAYERS": 1,
        "TEMPERATURE": 0.5
      },
      "final_test_accuracy": {
        "mean": 0.8432780847145487,
        "std": 0.012717853901008887,
        "max": 0.861878453038674
      },
      "best_test_accuracy": {
        "mean": 0.8430939226519337,
        "std": 0.01021394079105861,
        "max": 0.861878453038674
      },
      "final_val_accuracy": {
        "mean": 0.845286506469501,
        "std": 0.017768968604384858,
        "max": 0.866913123844732
      },
      "best_val_accuracy": {
        "mean": 0.8512014787430685,
        "std": 0.01852583132032061,
        "max": 0.8743068391866913
      },
      "experiment_count": 10
    },
    {
      "parameters": {
        "DROPOUT": 0.5,
        "HIDDEN_CHANNELS": 64,
        "MAX_HOPS": 2,
        "NUM_LAYERS": 1,
        "TEMPERATURE": 1.0
      },
      "final_test_accuracy": {
        "mean": 0.8392265193370166,
        "std": 0.01614020524096168,
        "max": 0.8802946593001841
      },
      "best_test_accuracy": {
        "mean": 0.8381215469613259,
        "std": 0.012850500938798914,
        "max": 0.8655616942909761
      },
      "final_val_accuracy": {
        "mean": 0.8319778188539741,
        "std": 0.013160242152552713,
        "max": 0.8484288354898336
      },
      "best_val_accuracy": {
        "mean": 0.8371534195933457,
        "std": 0.014352427998376445,
        "max": 0.8558225508317929
      },
      "experiment_count": 10
    },
    {
      "parameters": {
        "DROPOUT": 0.5,
        "HIDDEN_CHANNELS": 64,
        "MAX_HOPS": 3,
        "NUM_LAYERS": 1,
        "TEMPERATURE": 1.0
      },
      "final_test_accuracy": {
        "mean": 0.8281767955801105,
        "std": 0.009850518688999114,
        "max": 0.8453038674033149
      },
      "best_test_accuracy": {
        "mean": 0.8302025782688766,
        "std": 0.010378639266007612,
        "max": 0.8434622467771639
      },
      "final_val_accuracy": {
        "mean": 0.8391866913123845,
        "std": 0.013583122418391007,
        "max": 0.8632162661737524
      },
      "best_val_accuracy": {
        "mean": 0.844731977818854,
        "std": 0.010746352572087708,
        "max": 0.866913123844732
      },
      "experiment_count": 10
    },
    {
      "parameters": {
        "DROPOUT": 0.5,
        "HIDDEN_CHANNELS": 64,
        "MAX_HOPS": 4,
        "NUM_LAYERS": 1,
        "TEMPERATURE": 1.0
      },
      "final_test_accuracy": {
        "mean": 0.82744014732965,
        "std": 0.011764770720946173,
        "max": 0.85451197053407
      },
      "best_test_accuracy": {
        "mean": 0.8228360957642726,
        "std": 0.0121267606874065,
        "max": 0.852670349907919
      },
      "final_val_accuracy": {
        "mean": 0.8306839186691312,
        "std": 0.026312694490608864,
        "max": 0.8743068391866913
      },
      "best_val_accuracy": {
        "mean": 0.8362292051756007,
        "std": 0.026221642330950576,
        "max": 0.8743068391866913
      },
      "experiment_count": 10
    },
    {
      "parameters": {
        "DROPOUT": 0.5,
        "HIDDEN_CHANNELS": 64,
        "MAX_HOPS": 4,
        "NUM_LAYERS": 1,
        "TEMPERATURE": 2.0
      },
      "final_test_accuracy": {
        "mean": 0.8213627992633518,
        "std": 0.017567941094234717,
        "max": 0.8379373848987108
      },
      "best_test_accuracy": {
        "mean": 0.8152854511970535,
        "std": 0.022253148746691417,
        "max": 0.8379373848987108
      },
      "final_val_accuracy": {
        "mean": 0.8203327171903882,
        "std": 0.02056330349009002,
        "max": 0.8428835489833642
      },
      "best_val_accuracy": {
        "mean": 0.8227356746765249,
        "std": 0.0204575231930093,
        "max": 0.8465804066543438
      },
      "experiment_count": 10
    },
    {
      "parameters": {
        "DROPOUT": 0.5,
        "HIDDEN_CHANNELS": 64,
        "MAX_HOPS": 2,
        "NUM_LAYERS": 1,
        "TEMPERATURE": 2.0
      },
      "final_test_accuracy": {
        "mean": 0.8204419889502763,
        "std": 0.016290797433659413,
        "max": 0.8416206261510129
      },
      "best_test_accuracy": {
        "mean": 0.8209944751381215,
        "std": 0.0175060547157512,
        "max": 0.8453038674033149
      },
      "final_val_accuracy": {
        "mean": 0.8286506469500925,
        "std": 0.017002531276743074,
        "max": 0.8558225508317929
      },
      "best_val_accuracy": {
        "mean": 0.8356746765249538,
        "std": 0.01656278879434217,
        "max": 0.866913123844732
      },