{
  "experiment_info": {
    "timestamp": "2025-07-05 22:42:51",
    "dataset": "Citeseer",
    "model": "RGCN"
  },
  "total_experiments": 60,
  "final_results": {
    "train": {
      "mean": 0.22565130260521038,
      "std": 0.014493368276506019
    },
    "val": {
      "mean": 0.22000000000000003,
      "std": 0.023675337479406484
    },
    "test": {
      "mean": 0.21894394394394395,
      "std": 0.020713994909254373
    }
  },
  "best_results": {
    "val": {
      "mean": 0.23882205513784463,
      "std": 0.019307340889602332
    },
    "test": {
      "mean": 0.21774274274274277,
      "std": 0.01824286563264761
    }
  },
  "early_stopping": {
    "early_stopped_experiments": 60,
    "early_stopping_rate": 1.0,
    "average_stopping_epoch": 76.73333333333333,
    "stopping_epoch_std": 22.979604483589842,
    "stopping_epoch_range": [
      50,
      147
    ]
  },
  "feature_modification": {
    "modifications_applied": 1,
    "modification_types": [
      "missingness"
    ]
  }
}