{
  "experiment_info": {
    "timestamp": "2025-07-05 22:42:51",
    "dataset": "Citeseer",
    "model": "RGCN"
  },
  "total_combinations": 6,
  "total_experiments": 60,
  "best_combination_by_val": {
    "parameters": {
      "DROPOUT": 0.5,
      "HIDDEN_CHANNELS": 64,
      "MAX_HOPS": 4,
      "NUM_LAYERS": 2,
      "TEMPERATURE": 0.5
    },
    "final_test_accuracy": {
      "mean": 0.23738738738738738,
      "std": 0.017165124186418874,
      "max": 0.2747747747747748
    },
    "best_test_accuracy": {
      "mean": 0.23423423423423423,
      "std": 0.01563293103281726,
      "max": 0.26126126126126126
    },
    "final_val_accuracy": {
      "mean": 0.24015037593984964,
      "std": 0.01193666744208489,
      "max": 0.2631578947368421
    },
    "best_val_accuracy": {
      "mean": 0.2532330827067669,
      "std": 0.015025559093890884,
      "max": 0.28421052631578947
    },
    "experiment_count": 10
  },
  "best_combination_by_test": {
    "parameters": {
      "DROPOUT": 0.5,
      "HIDDEN_CHANNELS": 64,
      "MAX_HOPS": 4,
      "NUM_LAYERS": 2,
      "TEMPERATURE": 0.5
    },
    "final_test_accuracy": {
      "mean": 0.23738738738738738,
      "std": 0.017165124186418874,
      "max": 0.2747747747747748
    },
    "best_test_accuracy": {
      "mean": 0.23423423423423423,
      "std": 0.01563293103281726,
      "max": 0.26126126126126126
    },
    "final_val_accuracy": {
      "mean": 0.24015037593984964,
      "std": 0.01193666744208489,
      "max": 0.2631578947368421
    },
    "best_val_accuracy": {
      "mean": 0.2532330827067669,
      "std": 0.015025559093890884,
      "max": 0.28421052631578947
    },
    "experiment_count": 10
  },
  "top_10_combinations": [
    {
      "parameters": {
        "DROPOUT": 0.5,
        "HIDDEN_CHANNELS": 64,
        "MAX_HOPS": 4,
        "NUM_LAYERS": 2,
        "TEMPERATURE": 0.5
      },
      "final_test_accuracy": {
        "mean": 0.23738738738738738,
        "std": 0.017165124186418874,
        "max": 0.2747747747747748
      },
      "best_test_accuracy": {
        "mean": 0.23423423423423423,
        "std": 0.01563293103281726,
        "max": 0.26126126126126126
      },
      "final_val_accuracy": {
        "mean": 0.24015037593984964,
        "std": 0.01193666744208489,
        "max": 0.2631578947368421
      },
      "best_val_accuracy": {
        "mean": 0.2532330827067669,
        "std": 0.015025559093890884,
        "max": 0.28421052631578947
      },
      "experiment_count": 10
    },
    {
      "parameters": {
        "DROPOUT": 0.5,
        "HIDDEN_CHANNELS": 64,
        "MAX_HOPS": 3,
        "NUM_LAYERS": 2,
        "TEMPERATURE": 0.5
      },
      "final_test_accuracy": {
        "mean": 0.2328828828828829,
        "std": 0.010455669885017229,
        "max": 0.26126126126126126
      },
      "best_test_accuracy": {
        "mean": 0.23303303303303297,
        "std": 0.00882699006408353,
        "max": 0.25375375375375375
      },
      "final_val_accuracy": {
        "mean": 0.23894736842105263,
        "std": 0.014129738132360141,
        "max": 0.2586466165413534
      },
      "best_val_accuracy": {
        "mean": 0.2523308270676692,
        "std": 0.01403902558434142,
        "max": 0.26917293233082706
      },
      "experiment_count": 10
    },
    {
      "parameters": {
        "DROPOUT": 0.5,
        "HIDDEN_CHANNELS": 64,
        "MAX_HOPS": 2,
        "NUM_LAYERS": 2,
        "TEMPERATURE": 0.5
      },
      "final_test_accuracy": {
        "mean": 0.23213213213213213,
        "std": 0.00938168129238036,
        "max": 0.25225225225225223
      },
      "best_test_accuracy": {
        "mean": 0.22642642642642646,
        "std": 0.010267460058425678,
        "max": 0.24174174174174173
      },
      "final_val_accuracy": {
        "mean": 0.23759398496240602,
        "std": 0.013567210308138301,
        "max": 0.26165413533834586
      },
      "best_val_accuracy": {
        "mean": 0.25127819548872177,
        "std": 0.014586466165413533,
        "max": 0.2706766917293233
      },
      "experiment_count": 10
    },
    {
      "parameters": {
        "DROPOUT": 0.5,
        "HIDDEN_CHANNELS": 64,
        "MAX_HOPS": 3,
        "NUM_LAYERS": 1,
        "TEMPERATURE": 0.5
      },
      "final_test_accuracy": {
        "mean": 0.20525525525525526,
        "std": 0.01446515718213374,
        "max": 0.23123123123123124
      },
      "best_test_accuracy": {
        "mean": 0.20030030030030027,
        "std": 0.014420669313565131,
        "max": 0.22672672672672672
      },
      "final_val_accuracy": {
        "mean": 0.198796992481203,
        "std": 0.011369057546728298,
        "max": 0.21203007518796993
      },
      "best_val_accuracy": {
        "mean": 0.22225563909774437,
        "std": 0.006851600451064369,
        "max": 0.23157894736842105
      },
      "experiment_count": 10
    },
    {
      "parameters": {
        "DROPOUT": 0.5,
        "HIDDEN_CHANNELS": 64,
        "MAX_HOPS": 4,
        "NUM_LAYERS": 1,
        "TEMPERATURE": 0.5
      },
      "final_test_accuracy": {
        "mean": 0.20405405405405408,
        "std": 0.017695435675876264,
        "max": 0.22522522522522523
      },
      "best_test_accuracy": {
        "mean": 0.21006006006006003,
        "std": 0.009218045332234734,
        "max": 0.22972972972972974
      },
      "final_val_accuracy": {
        "mean": 0.19804511278195489,
        "std": 0.013110332943685478,
        "max": 0.22255639097744362
      },
      "best_val_accuracy": {
        "mean": 0.22676691729323303,
        "std": 0.009600535157601424,
        "max": 0.24210526315789474
      },
      "experiment_count": 10
    },
    {
      "parameters": {
        "DROPOUT": 0.5,
        "HIDDEN_CHANNELS": 64,
        "MAX_HOPS": 2,
        "NUM_LAYERS": 1,
        "TEMPERATURE": 0.5
      },
      "final_test_accuracy": {
        "mean": 0.20195195195195198,
        "std": 0.012404438169563292,
        "max": 0.21921921921921922
      },
      "best_test_accuracy": {
        "mean": 0.20240240240240243,
        "std": 0.009818488122685771,
        "max": 0.2132132132132132
      },
      "final_val_accuracy": {
        "mean": 0.20646616541353385,
        "std": 0.018613237162287556,
        "max": 0.24661654135338346
      },
      "best_val_accuracy": {
        "mean": 0.2270676691729323,
        "std": 0.01893781833555629,
        "max": 0.25263157894736843
      },
      "experiment_count": 10
    }
  ],
  "all_combinations": [
    {
      "parameters": {
        "DROPOUT": 0.5,
        "HIDDEN_CHANNELS": 64,
        "MAX_HOPS": 4,
        "NUM_LAYERS": 2,
        "TEMPERATURE": 0.5
      },
      "final_test_accuracy": {
        "mean": 0.23738738738738738,
        "std": 0.017165124186418874,
        "max": 0.2747747747747748
      },
      "best_test_accuracy": {
        "mean": 0.23423423423423423,
        "std": 0.01563293103281726,
        "max": 0.26126126126126126
      },
      "final_val_accuracy": {
        "mean": 0.24015037593984964,
        "std": 0.01193666744208489,
        "max": 0.2631578947368421
      },
      "best_val_accuracy": {
        "mean": 0.2532330827067669,
        "std": 0.015025559093890884,
        "max": 0.28421052631578947
      },
      "experiment_count": 10
    },
    {
      "parameters": {
        "DROPOUT": 0.5,
        "HIDDEN_CHANNELS": 64,
        "MAX_HOPS": 3,
        "NUM_LAYERS": 2,
        "TEMPERATURE": 0.5
      },
      "final_test_accuracy": {
        "mean": 0.2328828828828829,
        "std": 0.010455669885017229,
        "max": 0.26126126126126126
      },
      "best_test_accuracy": {
        "mean": 0.23303303303303297,
        "std": 0.00882699006408353,
        "max": 0.25375375375375375
      },
      "final_val_accuracy": {
        "mean": 0.23894736842105263,
        "std": 0.014129738132360141,
        "max": 0.2586466165413534
      },
      "best_val_accuracy": {
        "mean": 0.2523308270676692,
        "std": 0.01403902558434142,