{
  "experiment_info": {
    "timestamp": "2025-07-05 22:01:22",
    "dataset": "Citeseer",
    "model": "GraphSAGE"
  },
  "total_experiments": 60,
  "final_results": {
    "train": {
      "mean": 0.9999832999331998,
      "std": 8.993261200959934e-05
    },
    "val": {
      "mean": 0.7345112781954888,
      "std": 0.01362936211129695
    },
    "test": {
      "mean": 0.7360360360360362,
      "std": 0.01633074154917567
    }
  },
  "best_results": {
    "val": {
      "mean": 0.7571929824561401,
      "std": 0.014240706482469263
    },
    "test": {
      "mean": 0.7431181181181181,
      "std": 0.01719048006010271
    }
  },
  "early_stopping": {
    "early_stopped_experiments": 60,
    "early_stopping_rate": 1.0,
    "average_stopping_epoch": 65.36666666666666,
    "stopping_epoch_std": 14.914161800859684,
    "stopping_epoch_range": [
      54,
      127
    ]
  },
  "feature_modification": {
    "modifications_applied": 1,
    "modification_types": [
      "missingness"
    ]
  }
}