{
  "experiment_info": {
    "timestamp": "2025-07-05 22:01:22",
    "dataset": "Citeseer",
    "model": "GraphSAGE"
  },
  "total_combinations": 6,
  "total_experiments": 60,
  "best_combination_by_val": {
    "parameters": {
      "DROPOUT": 0.5,
      "HIDDEN_CHANNELS": 64,
      "MAX_HOPS": 2,
      "NUM_LAYERS": 2,
      "TEMPERATURE": 0.5
    },
    "final_test_accuracy": {
      "mean": 0.7301801801801802,
      "std": 0.017536740489518754,
      "max": 0.7507507507507507
    },
    "best_test_accuracy": {
      "mean": 0.7337837837837838,
      "std": 0.017600902640368687,
      "max": 0.7552552552552553
    },
    "final_val_accuracy": {
      "mean": 0.7392481203007518,
      "std": 0.01458258998183535,
      "max": 0.7609022556390977
    },
    "best_val_accuracy": {
      "mean": 0.7630075187969925,
      "std": 0.011710028471537917,
      "max": 0.7894736842105263
    },
    "experiment_count": 10
  },
  "best_combination_by_test": {
    "parameters": {
      "DROPOUT": 0.5,
      "HIDDEN_CHANNELS": 64,
      "MAX_HOPS": 3,
      "NUM_LAYERS": 1,
      "TEMPERATURE": 0.5
    },
    "final_test_accuracy": {
      "mean": 0.7472972972972973,
      "std": 0.013073414144768918,
      "max": 0.7717717717717718
    },
    "best_test_accuracy": {
      "mean": 0.7522522522522523,
      "std": 0.013662838637930724,
      "max": 0.7717717717717718
    },
    "final_val_accuracy": {
      "mean": 0.7347368421052632,
      "std": 0.014629036399416914,
      "max": 0.7639097744360902
    },
    "best_val_accuracy": {
      "mean": 0.7557894736842107,
      "std": 0.014934988292252777,
      "max": 0.7834586466165413
    },
    "experiment_count": 10
  },
  "top_10_combinations": [
    {
      "parameters": {
        "DROPOUT": 0.5,
        "HIDDEN_CHANNELS": 64,
        "MAX_HOPS": 3,
        "NUM_LAYERS": 1,
        "TEMPERATURE": 0.5
      },
      "final_test_accuracy": {
        "mean": 0.7472972972972973,
        "std": 0.013073414144768918,
        "max": 0.7717717717717718
      },
      "best_test_accuracy": {
        "mean": 0.7522522522522523,
        "std": 0.013662838637930724,
        "max": 0.7717717717717718
      },
      "final_val_accuracy": {
        "mean": 0.7347368421052632,
        "std": 0.014629036399416914,
        "max": 0.7639097744360902
      },
      "best_val_accuracy": {
        "mean": 0.7557894736842107,
        "std": 0.014934988292252777,
        "max": 0.7834586466165413
      },
      "experiment_count": 10
    },
    {
      "parameters": {
        "DROPOUT": 0.5,
        "HIDDEN_CHANNELS": 64,
        "MAX_HOPS": 3,
        "NUM_LAYERS": 2,
        "TEMPERATURE": 0.5
      },
      "final_test_accuracy": {
        "mean": 0.7384384384384385,
        "std": 0.018411616884047233,
        "max": 0.7672672672672672
      },
      "best_test_accuracy": {
        "mean": 0.7460960960960961,
        "std": 0.022507001659089133,
        "max": 0.7957957957957958
      },
      "final_val_accuracy": {
        "mean": 0.7317293233082707,
        "std": 0.009562774794336629,
        "max": 0.7458646616541353
      },
      "best_val_accuracy": {
        "mean": 0.7544360902255639,
        "std": 0.013717220369300714,
        "max": 0.7789473684210526
      },
      "experiment_count": 10
    },
    {
      "parameters": {
        "DROPOUT": 0.5,
        "HIDDEN_CHANNELS": 64,
        "MAX_HOPS": 4,
        "NUM_LAYERS": 1,
        "TEMPERATURE": 0.5
      },
      "final_test_accuracy": {
        "mean": 0.736036036036036,
        "std": 0.011895076468671705,
        "max": 0.7507507507507507
      },
      "best_test_accuracy": {
        "mean": 0.7403903903903905,
        "std": 0.013166207681043767,
        "max": 0.7567567567567568
      },
      "final_val_accuracy": {
        "mean": 0.734436090225564,
        "std": 0.010868758495995584,
        "max": 0.7578947368421053
      },
      "best_val_accuracy": {
        "mean": 0.7583458646616542,
        "std": 0.009048833914785179,
        "max": 0.7744360902255639
      },
      "experiment_count": 10
    },
    {
      "parameters": {
        "DROPOUT": 0.5,
        "HIDDEN_CHANNELS": 64,
        "MAX_HOPS": 2,
        "NUM_LAYERS": 1,
        "TEMPERATURE": 0.5
      },
      "final_test_accuracy": {
        "mean": 0.7343843843843844,
        "std": 0.013080310315178482,
        "max": 0.7582582582582582
      },
      "best_test_accuracy": {
        "mean": 0.7435435435435436,
        "std": 0.016390455314108328,
        "max": 0.7777777777777778
      },
      "final_val_accuracy": {
        "mean": 0.7332330827067668,
        "std": 0.012385720470360292,
        "max": 0.7533834586466165
      },
      "best_val_accuracy": {
        "mean": 0.7568421052631579,
        "std": 0.016182714993819867,
        "max": 0.7774436090225564
      },
      "experiment_count": 10
    },
    {
      "parameters": {
        "DROPOUT": 0.5,
        "HIDDEN_CHANNELS": 64,
        "MAX_HOPS": 2,
        "NUM_LAYERS": 2,
        "TEMPERATURE": 0.5
      },
      "final_test_accuracy": {
        "mean": 0.7301801801801802,
        "std": 0.017536740489518754,
        "max": 0.7507507507507507
      },
      "best_test_accuracy": {
        "mean": 0.7337837837837838,
        "std": 0.017600902640368687,
        "max": 0.7552552552552553
      },
      "final_val_accuracy": {
        "mean": 0.7392481203007518,
        "std": 0.01458258998183535,
        "max": 0.7609022556390977
      },
      "best_val_accuracy": {
        "mean": 0.7630075187969925,
        "std": 0.011710028471537917,
        "max": 0.7894736842105263
      },
      "experiment_count": 10
    },
    {
      "parameters": {
        "DROPOUT": 0.5,
        "HIDDEN_CHANNELS": 64,
        "MAX_HOPS": 4,
        "NUM_LAYERS": 2,
        "TEMPERATURE": 0.5
      },
      "final_test_accuracy": {
        "mean": 0.7298798798798798,
        "std": 0.016205785767966413,
        "max": 0.7642642642642643
      },
      "best_test_accuracy": {
        "mean": 0.7426426426426427,
        "std": 0.011864712471554607,
        "max": 0.7717717717717718
      },
      "final_val_accuracy": {
        "mean": 0.7336842105263158,
        "std": 0.017098610620757144,
        "max": 0.7639097744360902
      },
      "best_val_accuracy": {
        "mean": 0.7547368421052633,
        "std": 0.016547503982958567,
        "max": 0.7969924812030075
      },
      "experiment_count": 10
    }
  ],
  "all_combinations": [
    {
      "parameters": {
        "DROPOUT": 0.5,
        "HIDDEN_CHANNELS": 64,
        "MAX_HOPS": 3,
        "NUM_LAYERS": 1,
        "TEMPERATURE": 0.5
      },
      "final_test_accuracy": {
        "mean": 0.7472972972972973,
        "std": 0.013073414144768918,
        "max": 0.7717717717717718
      },
      "best_test_accuracy": {
        "mean": 0.7522522522522523,
        "std": 0.013662838637930724,
        "max": 0.7717717717717718
      },
      "final_val_accuracy": {
        "mean": 0.7347368421052632,
        "std": 0.014629036399416914,
        "max": 0.7639097744360902
      },
      "best_val_accuracy": {
        "mean": 0.7557894736842107,
        "std": 0.014934988292252777,
        "max": 0.7834586466165413
      },
      "experiment_count": 10
    },
    {
      "parameters": {
        "DROPOUT": 0.5,
        "HIDDEN_CHANNELS": 64,
        "MAX_HOPS": 3,
        "NUM_LAYERS": 2,
        "TEMPERATURE": 0.5
      },
      "final_test_accuracy": {
        "mean": 0.7384384384384385,
        "std": 0.018411616884047233,
        "max": 0.7672672672672672
      },
      "best_test_accuracy": {
        "mean": 0.7460960960960961,
        "std": 0.022507001659089133,
        "max": 0.7957957957957958
      },
      "final_val_accuracy": {
        "mean": 0.7317293233082707,
        "std": 0.009562774794336629,
        "max": 0.7458646616541353
      },
      "best_val_accuracy": {
        "mean": 0.7544360902255639,
        "std": 0.013717220369300714,
        "max": 0.7789473684210526
      },