{
  "experiment_info": {
    "timestamp": "2025-07-02 21:05:40",
    "dataset": "Cora",
    "model": "MLP"
  },
  "total_experiments": 90,
  "final_results": {
    "train": {
      "mean": 0.34902162014230975,
      "std": 0.07910648002540352
    },
    "val": {
      "mean": 0.29159991784760736,
      "std": 0.02880797554973787
    },
    "test": {
      "mean": 0.2871905054225497,
      "std": 0.025220210010861856
    }
  },
  "best_results": {
    "val": {
      "mean": 0.3039638529472171,
      "std": 0.017375036838824704
    },
    "test": {
      "mean": 0.2984243912420708,
      "std": 0.01678449960796813
    }
  },
  "early_stopping": {
    "early_stopped_experiments": 90,
    "early_stopping_rate": 1.0,
    "average_stopping_epoch": 57.74444444444445,
    "stopping_epoch_std": 15.965630523868807,
    "stopping_epoch_range": [
      50,
      124
    ]
  },
  "feature_modification": {
    "modifications_applied": 1,
    "modification_types": [
      "noise"
    ]
  }
}