{
  "experiment_info": {
    "timestamp": "2025-07-07 01:47:55",
    "dataset": "Cornell",
    "model": "RGCN"
  },
  "total_combinations": 6,
  "total_experiments": 60,
  "best_combination_by_val": {
    "parameters": {
      "DROPOUT": 0.5,
      "HIDDEN_CHANNELS": 64,
      "MAX_HOPS": 2,
      "NUM_LAYERS": 1,
      "TEMPERATURE": 0.5
    },
    "final_test_accuracy": {
      "mean": 0.5236842105263158,
      "std": 0.09225551654188477,
      "max": 0.6842105263157895
    },
    "best_test_accuracy": {
      "mean": 0.5421052631578946,
      "std": 0.10670071017217522,
      "max": 0.7105263157894737
    },
    "final_val_accuracy": {
      "mean": 0.5361111111111111,
      "std": 0.04976798018658033,
      "max": 0.6388888888888888
    },
    "best_val_accuracy": {
      "mean": 0.6694444444444445,
      "std": 0.07291335971337047,
      "max": 0.7777777777777778
    },
    "experiment_count": 10
  },
  "best_combination_by_test": {
    "parameters": {
      "DROPOUT": 0.5,
      "HIDDEN_CHANNELS": 64,
      "MAX_HOPS": 4,
      "NUM_LAYERS": 1,
      "TEMPERATURE": 0.5
    },
    "final_test_accuracy": {
      "mean": 0.5763157894736841,
      "std": 0.07105263157894737,
      "max": 0.7105263157894737
    },
    "best_test_accuracy": {
      "mean": 0.5710526315789475,
      "std": 0.06451395090595402,
      "max": 0.6578947368421053
    },
    "final_val_accuracy": {
      "mean": 0.5611111111111111,
      "std": 0.058001702827280836,
      "max": 0.6666666666666666
    },
    "best_val_accuracy": {
      "mean": 0.6277777777777777,
      "std": 0.05983516452371669,
      "max": 0.7222222222222222
    },
    "experiment_count": 10
  },
  "top_10_combinations": [
    {
      "parameters": {
        "DROPOUT": 0.5,
        "HIDDEN_CHANNELS": 64,
        "MAX_HOPS": 4,
        "NUM_LAYERS": 1,
        "TEMPERATURE": 0.5
      },
      "final_test_accuracy": {
        "mean": 0.5763157894736841,
        "std": 0.07105263157894737,
        "max": 0.7105263157894737
      },
      "best_test_accuracy": {
        "mean": 0.5710526315789475,
        "std": 0.06451395090595402,
        "max": 0.6578947368421053
      },
      "final_val_accuracy": {
        "mean": 0.5611111111111111,
        "std": 0.058001702827280836,
        "max": 0.6666666666666666
      },
      "best_val_accuracy": {
        "mean": 0.6277777777777777,
        "std": 0.05983516452371669,
        "max": 0.7222222222222222
      },
      "experiment_count": 10
    },
    {
      "parameters": {
        "DROPOUT": 0.5,
        "HIDDEN_CHANNELS": 64,
        "MAX_HOPS": 3,
        "NUM_LAYERS": 1,
        "TEMPERATURE": 0.5
      },
      "final_test_accuracy": {
        "mean": 0.5552631578947369,
        "std": 0.0710526315789474,
        "max": 0.6842105263157895
      },
      "best_test_accuracy": {
        "mean": 0.5578947368421053,
        "std": 0.10110196164367655,
        "max": 0.7368421052631579
      },
      "final_val_accuracy": {
        "mean": 0.5194444444444444,
        "std": 0.09217033346131696,
        "max": 0.6388888888888888
      },
      "best_val_accuracy": {
        "mean": 0.6305555555555555,
        "std": 0.0497679801865803,
        "max": 0.7222222222222222
      },
      "experiment_count": 10
    },
    {
      "parameters": {
        "DROPOUT": 0.5,
        "HIDDEN_CHANNELS": 64,
        "MAX_HOPS": 3,
        "NUM_LAYERS": 2,
        "TEMPERATURE": 0.5
      },
      "final_test_accuracy": {
        "mean": 0.5236842105263159,
        "std": 0.09074178762929827,
        "max": 0.6578947368421053
      },
      "best_test_accuracy": {
        "mean": 0.5421052631578948,
        "std": 0.09999999999999999,
        "max": 0.7368421052631579
      },
      "final_val_accuracy": {
        "mean": 0.5083333333333333,
        "std": 0.049767980186580345,
        "max": 0.5833333333333334
      },
      "best_val_accuracy": {
        "mean": 0.5944444444444444,
        "std": 0.05443310539518172,
        "max": 0.6666666666666666
      },
      "experiment_count": 10
    },
    {
      "parameters": {
        "DROPOUT": 0.5,
        "HIDDEN_CHANNELS": 64,
        "MAX_HOPS": 2,
        "NUM_LAYERS": 1,
        "TEMPERATURE": 0.5
      },
      "final_test_accuracy": {
        "mean": 0.5236842105263158,
        "std": 0.09225551654188477,
        "max": 0.6842105263157895
      },
      "best_test_accuracy": {
        "mean": 0.5421052631578946,
        "std": 0.10670071017217522,
        "max": 0.7105263157894737
      },
      "final_val_accuracy": {
        "mean": 0.5361111111111111,
        "std": 0.04976798018658033,
        "max": 0.6388888888888888
      },
      "best_val_accuracy": {
        "mean": 0.6694444444444445,
        "std": 0.07291335971337047,
        "max": 0.7777777777777778
      },
      "experiment_count": 10
    },
    {
      "parameters": {
        "DROPOUT": 0.5,
        "HIDDEN_CHANNELS": 64,
        "MAX_HOPS": 2,
        "NUM_LAYERS": 2,
        "TEMPERATURE": 0.5
      },
      "final_test_accuracy": {
        "mean": 0.5026315789473684,
        "std": 0.053220390568833376,
        "max": 0.6052631578947368
      },
      "best_test_accuracy": {
        "mean": 0.5342105263157895,
        "std": 0.06662625737459035,
        "max": 0.6578947368421053
      },
      "final_val_accuracy": {
        "mean": 0.5222222222222223,
        "std": 0.07222222222222222,
        "max": 0.6388888888888888
      },
      "best_val_accuracy": {
        "mean": 0.5888888888888889,
        "std": 0.05091750772173154,
        "max": 0.6666666666666666
      },
      "experiment_count": 10
    },
    {
      "parameters": {
        "DROPOUT": 0.5,
        "HIDDEN_CHANNELS": 64,
        "MAX_HOPS": 4,
        "NUM_LAYERS": 2,
        "TEMPERATURE": 0.5
      },
      "final_test_accuracy": {
        "mean": 0.5026315789473684,
        "std": 0.04916195182176161,
        "max": 0.5789473684210527
      },
      "best_test_accuracy": {
        "mean": 0.5157894736842106,
        "std": 0.06678198705499748,
        "max": 0.6052631578947368
      },
      "final_val_accuracy": {
        "mean": 0.525,
        "std": 0.11211353372561424,
        "max": 0.6944444444444444
      },
      "best_val_accuracy": {
        "mean": 0.5916666666666668,
        "std": 0.08788495566420206,
        "max": 0.7222222222222222
      },
      "experiment_count": 10
    }
  ],
  "all_combinations": [
    {
      "parameters": {
        "DROPOUT": 0.5,
        "HIDDEN_CHANNELS": 64,
        "MAX_HOPS": 4,
        "NUM_LAYERS": 1,
        "TEMPERATURE": 0.5
      },
      "final_test_accuracy": {
        "mean": 0.5763157894736841,
        "std": 0.07105263157894737,
        "max": 0.7105263157894737
      },
      "best_test_accuracy": {
        "mean": 0.5710526315789475,
        "std": 0.06451395090595402,
        "max": 0.6578947368421053
      },
      "final_val_accuracy": {
        "mean": 0.5611111111111111,
        "std": 0.058001702827280836,
        "max": 0.6666666666666666
      },
      "best_val_accuracy": {
        "mean": 0.6277777777777777,
        "std": 0.05983516452371669,
        "max": 0.7222222222222222
      },
      "experiment_count": 10
    },
    {
      "parameters": {
        "DROPOUT": 0.5,
        "HIDDEN_CHANNELS": 64,
        "MAX_HOPS": 3,
        "NUM_LAYERS": 1,
        "TEMPERATURE": 0.5
      },
      "final_test_accuracy": {
        "mean": 0.5552631578947369,
        "std": 0.0710526315789474,
        "max": 0.6842105263157895
      },
      "best_test_accuracy": {
        "mean": 0.5578947368421053,
        "std": 0.10110196164367655,
        "max": 0.7368421052631579
      },
      "final_val_accuracy": {
        "mean": 0.5194444444444444,
        "std": 0.09217033346131696,
        "max": 0.6388888888888888
      },
      "best_val_accuracy": {
        "mean": 0.6305555555555555,
        "std": 0.0497679801865803,
        "max": 0.7222222222222222
      },