{
  "experiment_info": {
    "timestamp": "2025-07-07 09:14:11",
    "dataset": "Citeseer",
    "model": "GCN"
  },
  "total_combinations": 6,
  "total_experiments": 60,
  "best_combination_by_val": {
    "parameters": {
      "DROPOUT": 0.5,
      "HIDDEN_CHANNELS": 64,
      "MAX_HOPS": 4,
      "NUM_LAYERS": 1,
      "TEMPERATURE": 0.5
    },
    "final_test_accuracy": {
      "mean": 0.6364864864864864,
      "std": 0.01788552386809255,
      "max": 0.6636636636636637
    },
    "best_test_accuracy": {
      "mean": 0.6322822822822822,
      "std": 0.022716382900234987,
      "max": 0.6651651651651652
    },
    "final_val_accuracy": {
      "mean": 0.651578947368421,
      "std": 0.014795800428785607,
      "max": 0.6736842105263158
    },
    "best_val_accuracy": {
      "mean": 0.653984962406015,
      "std": 0.015619565593477982,
      "max": 0.675187969924812
    },
    "experiment_count": 10
  },
  "best_combination_by_test": {
    "parameters": {
      "DROPOUT": 0.5,
      "HIDDEN_CHANNELS": 64,
      "MAX_HOPS": 4,
      "NUM_LAYERS": 1,
      "TEMPERATURE": 0.5
    },
    "final_test_accuracy": {
      "mean": 0.6364864864864864,
      "std": 0.01788552386809255,
      "max": 0.6636636636636637
    },
    "best_test_accuracy": {
      "mean": 0.6322822822822822,
      "std": 0.022716382900234987,
      "max": 0.6651651651651652
    },
    "final_val_accuracy": {
      "mean": 0.651578947368421,
      "std": 0.014795800428785607,
      "max": 0.6736842105263158
    },
    "best_val_accuracy": {
      "mean": 0.653984962406015,
      "std": 0.015619565593477982,
      "max": 0.675187969924812
    },
    "experiment_count": 10
  },
  "top_10_combinations": [
    {
      "parameters": {
        "DROPOUT": 0.5,
        "HIDDEN_CHANNELS": 64,
        "MAX_HOPS": 4,
        "NUM_LAYERS": 1,
        "TEMPERATURE": 0.5
      },
      "final_test_accuracy": {
        "mean": 0.6364864864864864,
        "std": 0.01788552386809255,
        "max": 0.6636636636636637
      },
      "best_test_accuracy": {
        "mean": 0.6322822822822822,
        "std": 0.022716382900234987,
        "max": 0.6651651651651652
      },
      "final_val_accuracy": {
        "mean": 0.651578947368421,
        "std": 0.014795800428785607,
        "max": 0.6736842105263158
      },
      "best_val_accuracy": {
        "mean": 0.653984962406015,
        "std": 0.015619565593477982,
        "max": 0.675187969924812
      },
      "experiment_count": 10
    },
    {
      "parameters": {
        "DROPOUT": 0.5,
        "HIDDEN_CHANNELS": 64,
        "MAX_HOPS": 3,
        "NUM_LAYERS": 1,
        "TEMPERATURE": 0.5
      },
      "final_test_accuracy": {
        "mean": 0.6343843843843844,
        "std": 0.012276553948071223,
        "max": 0.6576576576576577
      },
      "best_test_accuracy": {
        "mean": 0.6289789789789789,
        "std": 0.01138470876112152,
        "max": 0.6501501501501501
      },
      "final_val_accuracy": {
        "mean": 0.636390977443609,
        "std": 0.018537151405996946,
        "max": 0.6631578947368421
      },
      "best_val_accuracy": {
        "mean": 0.6415037593984962,
        "std": 0.019423542727780494,
        "max": 0.6691729323308271
      },
      "experiment_count": 10
    },
    {
      "parameters": {
        "DROPOUT": 0.5,
        "HIDDEN_CHANNELS": 64,
        "MAX_HOPS": 2,
        "NUM_LAYERS": 1,
        "TEMPERATURE": 0.5
      },
      "final_test_accuracy": {
        "mean": 0.6331831831831832,
        "std": 0.01784261470300753,
        "max": 0.6606606606606606
      },
      "best_test_accuracy": {
        "mean": 0.6327327327327328,
        "std": 0.017869760416590802,
        "max": 0.6576576576576577
      },
      "final_val_accuracy": {
        "mean": 0.6353383458646616,
        "std": 0.016936497036830502,
        "max": 0.6526315789473685
      },
      "best_val_accuracy": {
        "mean": 0.641203007518797,
        "std": 0.016557749904963386,
        "max": 0.6661654135338346
      },
      "experiment_count": 10
    },
    {
      "parameters": {
        "DROPOUT": 0.5,
        "HIDDEN_CHANNELS": 64,
        "MAX_HOPS": 2,
        "NUM_LAYERS": 2,
        "TEMPERATURE": 0.5
      },
      "final_test_accuracy": {
        "mean": 0.27252252252252257,
        "std": 0.13282009340927783,
        "max": 0.5405405405405406
      },
      "best_test_accuracy": {
        "mean": 0.3337837837837838,
        "std": 0.1569123668173723,
        "max": 0.6711711711711712
      },
      "final_val_accuracy": {
        "mean": 0.27999999999999997,
        "std": 0.13363810871474366,
        "max": 0.5939849624060151
      },
      "best_val_accuracy": {
        "mean": 0.3524812030075188,
        "std": 0.15060313663955868,
        "max": 0.6210526315789474
      },
      "experiment_count": 10
    },
    {
      "parameters": {
        "DROPOUT": 0.5,
        "HIDDEN_CHANNELS": 64,
        "MAX_HOPS": 4,
        "NUM_LAYERS": 2,
        "TEMPERATURE": 0.5
      },
      "final_test_accuracy": {
        "mean": 0.2542042042042042,
        "std": 0.08659915604809701,
        "max": 0.4144144144144144
      },
      "best_test_accuracy": {
        "mean": 0.3408408408408409,
        "std": 0.12881447801517848,
        "max": 0.5555555555555556
      },
      "final_val_accuracy": {
        "mean": 0.25804511278195486,
        "std": 0.08172264811470137,
        "max": 0.40601503759398494
      },
      "best_val_accuracy": {
        "mean": 0.3622556390977444,
        "std": 0.11803591746188541,
        "max": 0.5518796992481203
      },
      "experiment_count": 10
    },
    {
      "parameters": {
        "DROPOUT": 0.5,
        "HIDDEN_CHANNELS": 64,
        "MAX_HOPS": 3,
        "NUM_LAYERS": 2,
        "TEMPERATURE": 0.5
      },
      "final_test_accuracy": {
        "mean": 0.24984984984984981,
        "std": 0.09287293544890057,
        "max": 0.4864864864864865
      },
      "best_test_accuracy": {
        "mean": 0.32732732732732733,
        "std": 0.15953550609137124,
        "max": 0.6051051051051051
      },
      "final_val_accuracy": {
        "mean": 0.24781954887218047,
        "std": 0.08388443846350666,
        "max": 0.46466165413533833
      },
      "best_val_accuracy": {
        "mean": 0.3454135338345865,
        "std": 0.1545101622629515,
        "max": 0.6481203007518797
      },
      "experiment_count": 10
    }
  ],
  "all_combinations": [
    {
      "parameters": {
        "DROPOUT": 0.5,
        "HIDDEN_CHANNELS": 64,
        "MAX_HOPS": 4,
        "NUM_LAYERS": 1,
        "TEMPERATURE": 0.5
      },
      "final_test_accuracy": {
        "mean": 0.6364864864864864,
        "std": 0.01788552386809255,
        "max": 0.6636636636636637
      },
      "best_test_accuracy": {
        "mean": 0.6322822822822822,
        "std": 0.022716382900234987,
        "max": 0.6651651651651652
      },
      "final_val_accuracy": {
        "mean": 0.651578947368421,
        "std": 0.014795800428785607,
        "max": 0.6736842105263158
      },
      "best_val_accuracy": {
        "mean": 0.653984962406015,
        "std": 0.015619565593477982,
        "max": 0.675187969924812
      },
      "experiment_count": 10
    },
    {
      "parameters": {
        "DROPOUT": 0.5,
        "HIDDEN_CHANNELS": 64,
        "MAX_HOPS": 3,
        "NUM_LAYERS": 1,
        "TEMPERATURE": 0.5
      },
      "final_test_accuracy": {
        "mean": 0.6343843843843844,
        "std": 0.012276553948071223,
        "max": 0.6576576576576577
      },
      "best_test_accuracy": {
        "mean": 0.6289789789789789,
        "std": 0.01138470876112152,
        "max": 0.6501501501501501
      },
      "final_val_accuracy": {
        "mean": 0.636390977443609,
        "std": 0.018537151405996946,
        "max": 0.6631578947368421
      },
      "best_val_accuracy": {
        "mean": 0.6415037593984962,
        "std": 0.019423542727780494,
        "max": 0.6691729323308271
      },