{
  "experiment_info": {
    "timestamp": "2025-07-07 10:02:27",
    "dataset": "Citeseer",
    "model": "GraphSAGE"
  },
  "total_experiments": 60,
  "final_results": {
    "train": {
      "mean": 0.960996993987976,
      "std": 0.12007593621221727
    },
    "val": {
      "mean": 0.6625313283208022,
      "std": 0.07417223261405984
    },
    "test": {
      "mean": 0.6631881881881881,
      "std": 0.07509533843988551
    }
  },
  "best_results": {
    "val": {
      "mean": 0.6843859649122807,
      "std": 0.06740191817748163
    },
    "test": {
      "mean": 0.671021021021021,
      "std": 0.06726810515351177
    }
  },
  "early_stopping": {
    "early_stopped_experiments": 60,
    "early_stopping_rate": 1.0,
    "average_stopping_epoch": 188.18333333333334,
    "stopping_epoch_std": 57.659197493162836,
    "stopping_epoch_range": [
      68,
      323
    ]
  },
  "feature_modification": {
    "modifications_applied": 1,
    "modification_types": [
      "noise"
    ]
  }
}