{
  "experiment_info": {
    "timestamp": "2025-07-02 15:46:14",
    "dataset": "Cora",
    "model": "MLP"
  },
  "total_experiments": 720,
  "final_results": {
    "train": {
      "mean": 0.9987068965517242,
      "std": 0.001009927307072458
    },
    "val": {
      "mean": 0.7450939617991374,
      "std": 0.016402945448293384
    },
    "test": {
      "mean": 0.7469459791282996,
      "std": 0.017701226138809558
    }
  },
  "best_results": {
    "val": {
      "mean": 0.7623510987882521,
      "std": 0.016537537381708687
    },
    "test": {
      "mean": 0.7515525885001022,
      "std": 0.01824645074866266
    }
  },
  "early_stopping": {
    "early_stopped_experiments": 720,
    "early_stopping_rate": 1.0,
    "average_stopping_epoch": 88.10833333333333,
    "stopping_epoch_std": 34.687604854696374,
    "stopping_epoch_range": [
      57,
      299
    ]
  }
}