{
  "experiment_info": {
    "timestamp": "2025-07-02 19:11:32",
    "dataset": "Cora",
    "model": "MLP"
  },
  "total_combinations": 9,
  "total_experiments": 90,
  "best_combination_by_val": {
    "parameters": {
      "DROPOUT": 0.5,
      "HIDDEN_CHANNELS": 64,
      "MAX_HOPS": 4,
      "NUM_LAYERS": 2,
      "TEMPERATURE": 0.5
    },
    "final_test_accuracy": {
      "mean": 0.7416206261510128,
      "std": 0.013281392067847349,
      "max": 0.7679558011049724
    },
    "best_test_accuracy": {
      "mean": 0.7513812154696133,
      "std": 0.01083273751002042,
      "max": 0.7624309392265194
    },
    "final_val_accuracy": {
      "mean": 0.7513863216266173,
      "std": 0.009962671333243519,
      "max": 0.7726432532347505
    },
    "best_val_accuracy": {
      "mean": 0.7695009242144177,
      "std": 0.009921432088960907,
      "max": 0.7818853974121996
    },
    "experiment_count": 10
  },
  "best_combination_by_test": {
    "parameters": {
      "DROPOUT": 0.5,
      "HIDDEN_CHANNELS": 64,
      "MAX_HOPS": 3,
      "NUM_LAYERS": 1,
      "TEMPERATURE": 0.5
    },
    "final_test_accuracy": {
      "mean": 0.7504604051565378,
      "std": 0.0205610984153905,
      "max": 0.7900552486187845
    },
    "best_test_accuracy": {
      "mean": 0.7530386740331492,
      "std": 0.01384158926269874,
      "max": 0.7697974217311234
    },
    "final_val_accuracy": {
      "mean": 0.7402957486136784,
      "std": 0.016640993251831084,
      "max": 0.7781885397412199
    },
    "best_val_accuracy": {
      "mean": 0.7573012939001849,
      "std": 0.012428536394834926,
      "max": 0.7837338262476895
    },
    "experiment_count": 10
  },
  "top_10_combinations": [
    {
      "parameters": {
        "DROPOUT": 0.5,
        "HIDDEN_CHANNELS": 64,
        "MAX_HOPS": 3,
        "NUM_LAYERS": 1,
        "TEMPERATURE": 0.5
      },
      "final_test_accuracy": {
        "mean": 0.7504604051565378,
        "std": 0.0205610984153905,
        "max": 0.7900552486187845
      },
      "best_test_accuracy": {
        "mean": 0.7530386740331492,
        "std": 0.01384158926269874,
        "max": 0.7697974217311234
      },
      "final_val_accuracy": {
        "mean": 0.7402957486136784,
        "std": 0.016640993251831084,
        "max": 0.7781885397412199
      },
      "best_val_accuracy": {
        "mean": 0.7573012939001849,
        "std": 0.012428536394834926,
        "max": 0.7837338262476895
      },
      "experiment_count": 10
    },
    {
      "parameters": {
        "DROPOUT": 0.5,
        "HIDDEN_CHANNELS": 64,
        "MAX_HOPS": 2,
        "NUM_LAYERS": 2,
        "TEMPERATURE": 0.5
      },
      "final_test_accuracy": {
        "mean": 0.7447513812154696,
        "std": 0.015825083652995082,
        "max": 0.7679558011049724
      },
      "best_test_accuracy": {
        "mean": 0.7578268876611418,
        "std": 0.018694943995236052,
        "max": 0.7845303867403315
      },
      "final_val_accuracy": {
        "mean": 0.7445471349353049,
        "std": 0.02182085702532157,
        "max": 0.7744916820702403
      },
      "best_val_accuracy": {
        "mean": 0.7609981515711646,
        "std": 0.01799823044766632,
        "max": 0.789279112754159
      },
      "experiment_count": 10
    },
    {
      "parameters": {
        "DROPOUT": 0.5,
        "HIDDEN_CHANNELS": 64,
        "MAX_HOPS": 3,
        "NUM_LAYERS": 2,
        "TEMPERATURE": 0.5
      },
      "final_test_accuracy": {
        "mean": 0.7443830570902394,
        "std": 0.019899731357996463,
        "max": 0.7734806629834254
      },
      "best_test_accuracy": {
        "mean": 0.7554327808471456,
        "std": 0.01727200602238432,
        "max": 0.7808471454880295
      },
      "final_val_accuracy": {
        "mean": 0.7475046210720888,
        "std": 0.01335993419563229,
        "max": 0.7634011090573013
      },
      "best_val_accuracy": {
        "mean": 0.7667282809611831,
        "std": 0.010644125729307183,
        "max": 0.7818853974121996
      },
      "experiment_count": 10
    },
    {
      "parameters": {
        "DROPOUT": 0.5,
        "HIDDEN_CHANNELS": 64,
        "MAX_HOPS": 4,
        "NUM_LAYERS": 3,
        "TEMPERATURE": 0.5
      },
      "final_test_accuracy": {
        "mean": 0.741804788213628,
        "std": 0.016854602119554394,
        "max": 0.7697974217311234
      },
      "best_test_accuracy": {
        "mean": 0.7384898710865562,
        "std": 0.019402677261238933,
        "max": 0.7716390423572744
      },
      "final_val_accuracy": {
        "mean": 0.7280961182994454,
        "std": 0.01721025227209514,
        "max": 0.7597042513863216
      },
      "best_val_accuracy": {
        "mean": 0.754898336414048,
        "std": 0.01626617375231053,
        "max": 0.7726432532347505
      },
      "experiment_count": 10
    },
    {
      "parameters": {
        "DROPOUT": 0.5,
        "HIDDEN_CHANNELS": 64,
        "MAX_HOPS": 4,
        "NUM_LAYERS": 2,
        "TEMPERATURE": 0.5
      },
      "final_test_accuracy": {
        "mean": 0.7416206261510128,
        "std": 0.013281392067847349,
        "max": 0.7679558011049724
      },
      "best_test_accuracy": {
        "mean": 0.7513812154696133,
        "std": 0.01083273751002042,
        "max": 0.7624309392265194
      },
      "final_val_accuracy": {
        "mean": 0.7513863216266173,
        "std": 0.009962671333243519,
        "max": 0.7726432532347505
      },
      "best_val_accuracy": {
        "mean": 0.7695009242144177,
        "std": 0.009921432088960907,
        "max": 0.7818853974121996
      },
      "experiment_count": 10
    },
    {
      "parameters": {
        "DROPOUT": 0.5,
        "HIDDEN_CHANNELS": 64,
        "MAX_HOPS": 2,
        "NUM_LAYERS": 1,
        "TEMPERATURE": 0.5
      },
      "final_test_accuracy": {
        "mean": 0.7414364640883978,
        "std": 0.009397680163663382,
        "max": 0.7550644567219152
      },
      "best_test_accuracy": {
        "mean": 0.751012891344383,
        "std": 0.017775216960609453,
        "max": 0.7716390423572744
      },
      "final_val_accuracy": {
        "mean": 0.743992606284658,
        "std": 0.01712666822166137,
        "max": 0.7707948243992606
      },
      "best_val_accuracy": {
        "mean": 0.7622920517560074,
        "std": 0.01573229044802456,
        "max": 0.7929759704251387
      },
      "experiment_count": 10
    },
    {
      "parameters": {
        "DROPOUT": 0.5,
        "HIDDEN_CHANNELS": 64,
        "MAX_HOPS": 4,
        "NUM_LAYERS": 1,
        "TEMPERATURE": 0.5
      },
      "final_test_accuracy": {
        "mean": 0.7403314917127072,
        "std": 0.023178096092158047,
        "max": 0.7734806629834254
      },
      "best_test_accuracy": {
        "mean": 0.7508287292817679,
        "std": 0.01409892600031174,
        "max": 0.7790055248618785
      },
      "final_val_accuracy": {
        "mean": 0.7491682070240296,
        "std": 0.012455996738507533,
        "max": 0.7726432532347505
      },
      "best_val_accuracy": {
        "mean": 0.7676524953789279,
        "std": 0.012565238003221681,
        "max": 0.7855822550831792
      },
      "experiment_count": 10
    },
    {
      "parameters": {
        "DROPOUT": 0.5,
        "HIDDEN_CHANNELS": 64,
        "MAX_HOPS": 3,
        "NUM_LAYERS": 3,
        "TEMPERATURE": 0.5
      },
      "final_test_accuracy": {
        "mean": 0.7399631675874769,
        "std": 0.0193816900433486,
        "max": 0.7734806629834254
      },
      "best_test_accuracy": {
        "mean": 0.7335174953959485,
        "std": 0.02510352519194935,
        "max": 0.7753222836095764
      },
      "final_val_accuracy": {
        "mean": 0.7447319778188539,
        "std": 0.02028982200199825,
        "max": 0.7855822550831792
      },
      "best_val_accuracy": {
        "mean": 0.7645101663585951,
        "std": 0.02239880881286668,
        "max": 0.8114602587800369
      },