{
  "experiment_info": {
    "timestamp": "2025-07-05 12:18:42",
    "dataset": "Wisconsin",
    "model": "MLP"
  },
  "total_combinations": 6,
  "total_experiments": 60,
  "best_combination_by_val": {
    "parameters": {
      "DROPOUT": 0.5,
      "HIDDEN_CHANNELS": 64,
      "MAX_HOPS": 2,
      "NUM_LAYERS": 1,
      "TEMPERATURE": 0.5
    },
    "final_test_accuracy": {
      "mean": 0.5725490196078431,
      "std": 0.04944909887419017,
      "max": 0.6470588235294118
    },
    "best_test_accuracy": {
      "mean": 0.6078431372549019,
      "std": 0.050373461092804425,
      "max": 0.6862745098039216
    },
    "final_val_accuracy": {
      "mean": 0.6439999999999999,
      "std": 0.05851495535331117,
      "max": 0.74
    },
    "best_val_accuracy": {
      "mean": 0.72,
      "std": 0.05727128425310542,
      "max": 0.8
    },
    "experiment_count": 10
  },
  "best_combination_by_test": {
    "parameters": {
      "DROPOUT": 0.5,
      "HIDDEN_CHANNELS": 64,
      "MAX_HOPS": 4,
      "NUM_LAYERS": 1,
      "TEMPERATURE": 0.5
    },
    "final_test_accuracy": {
      "mean": 0.6450980392156863,
      "std": 0.06103679378930737,
      "max": 0.7450980392156863
    },
    "best_test_accuracy": {
      "mean": 0.6411764705882353,
      "std": 0.06203643929237793,
      "max": 0.7647058823529411
    },
    "final_val_accuracy": {
      "mean": 0.584,
      "std": 0.0649923072370877,
      "max": 0.68
    },
    "best_val_accuracy": {
      "mean": 0.652,
      "std": 0.043081318457076016,
      "max": 0.72
    },
    "experiment_count": 10
  },
  "top_10_combinations": [
    {
      "parameters": {
        "DROPOUT": 0.5,
        "HIDDEN_CHANNELS": 64,
        "MAX_HOPS": 4,
        "NUM_LAYERS": 1,
        "TEMPERATURE": 0.5
      },
      "final_test_accuracy": {
        "mean": 0.6450980392156863,
        "std": 0.06103679378930737,
        "max": 0.7450980392156863
      },
      "best_test_accuracy": {
        "mean": 0.6411764705882353,
        "std": 0.06203643929237793,
        "max": 0.7647058823529411
      },
      "final_val_accuracy": {
        "mean": 0.584,
        "std": 0.0649923072370877,
        "max": 0.68
      },
      "best_val_accuracy": {
        "mean": 0.652,
        "std": 0.043081318457076016,
        "max": 0.72
      },
      "experiment_count": 10
    },
    {
      "parameters": {
        "DROPOUT": 0.5,
        "HIDDEN_CHANNELS": 64,
        "MAX_HOPS": 2,
        "NUM_LAYERS": 2,
        "TEMPERATURE": 0.5
      },
      "final_test_accuracy": {
        "mean": 0.6333333333333333,
        "std": 0.05116858176745055,
        "max": 0.7254901960784313
      },
      "best_test_accuracy": {
        "mean": 0.696078431372549,
        "std": 0.06091068457650616,
        "max": 0.803921568627451
      },
      "final_val_accuracy": {
        "mean": 0.604,
        "std": 0.07031358332498776,
        "max": 0.72
      },
      "best_val_accuracy": {
        "mean": 0.6799999999999999,
        "std": 0.05366563145999495,
        "max": 0.76
      },
      "experiment_count": 10
    },
    {
      "parameters": {
        "DROPOUT": 0.5,
        "HIDDEN_CHANNELS": 64,
        "MAX_HOPS": 3,
        "NUM_LAYERS": 2,
        "TEMPERATURE": 0.5
      },
      "final_test_accuracy": {
        "mean": 0.6196078431372549,
        "std": 0.06087911645592166,
        "max": 0.7450980392156863
      },
      "best_test_accuracy": {
        "mean": 0.6470588235294118,
        "std": 0.07015115223528753,
        "max": 0.7450980392156863
      },
      "final_val_accuracy": {
        "mean": 0.6439999999999999,
        "std": 0.029393876913398145,
        "max": 0.7
      },
      "best_val_accuracy": {
        "mean": 0.712,
        "std": 0.02856571371417139,
        "max": 0.76
      },
      "experiment_count": 10
    },
    {
      "parameters": {
        "DROPOUT": 0.5,
        "HIDDEN_CHANNELS": 64,
        "MAX_HOPS": 4,
        "NUM_LAYERS": 2,
        "TEMPERATURE": 0.5
      },
      "final_test_accuracy": {
        "mean": 0.6098039215686276,
        "std": 0.046772001732849275,
        "max": 0.6862745098039216
      },
      "best_test_accuracy": {
        "mean": 0.6352941176470588,
        "std": 0.06803667283489205,
        "max": 0.7450980392156863
      },
      "final_val_accuracy": {
        "mean": 0.634,
        "std": 0.078,
        "max": 0.82
      },
      "best_val_accuracy": {
        "mean": 0.7,
        "std": 0.0748331477354788,
        "max": 0.86
      },
      "experiment_count": 10
    },
    {
      "parameters": {
        "DROPOUT": 0.5,
        "HIDDEN_CHANNELS": 64,
        "MAX_HOPS": 3,
        "NUM_LAYERS": 1,
        "TEMPERATURE": 0.5
      },
      "final_test_accuracy": {
        "mean": 0.5823529411764705,
        "std": 0.05191451880342638,
        "max": 0.6862745098039216
      },
      "best_test_accuracy": {
        "mean": 0.6196078431372549,
        "std": 0.05490196078431372,
        "max": 0.6666666666666666
      },
      "final_val_accuracy": {
        "mean": 0.622,
        "std": 0.039446165846632054,
        "max": 0.7
      },
      "best_val_accuracy": {
        "mean": 0.7060000000000001,
        "std": 0.03693237062523877,
        "max": 0.8
      },
      "experiment_count": 10
    },
    {
      "parameters": {
        "DROPOUT": 0.5,
        "HIDDEN_CHANNELS": 64,
        "MAX_HOPS": 2,
        "NUM_LAYERS": 1,
        "TEMPERATURE": 0.5
      },
      "final_test_accuracy": {
        "mean": 0.5725490196078431,
        "std": 0.04944909887419017,
        "max": 0.6470588235294118
      },
      "best_test_accuracy": {
        "mean": 0.6078431372549019,
        "std": 0.050373461092804425,
        "max": 0.6862745098039216
      },
      "final_val_accuracy": {
        "mean": 0.6439999999999999,
        "std": 0.05851495535331117,
        "max": 0.74
      },
      "best_val_accuracy": {
        "mean": 0.72,
        "std": 0.05727128425310542,
        "max": 0.8
      },
      "experiment_count": 10
    }
  ],
  "all_combinations": [
    {
      "parameters": {
        "DROPOUT": 0.5,
        "HIDDEN_CHANNELS": 64,
        "MAX_HOPS": 4,
        "NUM_LAYERS": 1,
        "TEMPERATURE": 0.5
      },
      "final_test_accuracy": {
        "mean": 0.6450980392156863,
        "std": 0.06103679378930737,
        "max": 0.7450980392156863
      },
      "best_test_accuracy": {
        "mean": 0.6411764705882353,
        "std": 0.06203643929237793,
        "max": 0.7647058823529411
      },
      "final_val_accuracy": {
        "mean": 0.584,
        "std": 0.0649923072370877,
        "max": 0.68
      },
      "best_val_accuracy": {
        "mean": 0.652,
        "std": 0.043081318457076016,
        "max": 0.72
      },
      "experiment_count": 10
    },
    {
      "parameters": {
        "DROPOUT": 0.5,
        "HIDDEN_CHANNELS": 64,
        "MAX_HOPS": 2,
        "NUM_LAYERS": 2,
        "TEMPERATURE": 0.5
      },
      "final_test_accuracy": {
        "mean": 0.6333333333333333,
        "std": 0.05116858176745055,
        "max": 0.7254901960784313
      },
      "best_test_accuracy": {
        "mean": 0.696078431372549,
        "std": 0.06091068457650616,
        "max": 0.803921568627451
      },
      "final_val_accuracy": {
        "mean": 0.604,
        "std": 0.07031358332498776,
        "max": 0.72
      },
      "best_val_accuracy": {
        "mean": 0.6799999999999999,
        "std": 0.05366563145999495,
        "max": 0.76
      },
      "experiment_count": 10
    },
    {
      "parameters": {
        "DROPOUT": 0.5,
        "HIDDEN_CHANNELS": 64,
        "MAX_HOPS": 3,
        "NUM_LAYERS": 2,
        "TEMPERATURE": 0.5
      },
      "final_test_accuracy": {
        "mean": 0.6196078431372549,
        "std": 0.06087911645592166,
        "max": 0.7450980392156863
      },
      "best_test_accuracy": {
        "mean": 0.6470588235294118,
        "std": 0.07015115223528753,
        "max": 0.7450980392156863
      },