{
  "experiment_info": {
    "timestamp": "2025-07-02 21:12:18",
    "dataset": "Cora",
    "model": "GCN"
  },
  "total_combinations": 9,
  "total_experiments": 90,
  "best_combination_by_val": {
    "parameters": {
      "DROPOUT": 0.5,
      "HIDDEN_CHANNELS": 64,
      "MAX_HOPS": 4,
      "NUM_LAYERS": 3,
      "TEMPERATURE": 0.5
    },
    "final_test_accuracy": {
      "mean": 0.8381215469613259,
      "std": 0.016685733322280953,
      "max": 0.8692449355432781
    },
    "best_test_accuracy": {
      "mean": 0.843830570902394,
      "std": 0.020685261262760903,
      "max": 0.8876611418047882
    },
    "final_val_accuracy": {
      "mean": 0.8414048059149722,
      "std": 0.01064412572930718,
      "max": 0.8650646950092421
    },
    "best_val_accuracy": {
      "mean": 0.8593345656192236,
      "std": 0.012245753844770349,
      "max": 0.878003696857671
    },
    "experiment_count": 10
  },
  "best_combination_by_test": {
    "parameters": {
      "DROPOUT": 0.5,
      "HIDDEN_CHANNELS": 64,
      "MAX_HOPS": 2,
      "NUM_LAYERS": 3,
      "TEMPERATURE": 0.5
    },
    "final_test_accuracy": {
      "mean": 0.8421731123388583,
      "std": 0.017413786593005697,
      "max": 0.860036832412523
    },
    "best_test_accuracy": {
      "mean": 0.843830570902394,
      "std": 0.020052534200834197,
      "max": 0.8692449355432781
    },
    "final_val_accuracy": {
      "mean": 0.8391866913123845,
      "std": 0.010935452464139784,
      "max": 0.8595194085027726
    },
    "best_val_accuracy": {
      "mean": 0.8521256931608132,
      "std": 0.009850582324934744,
      "max": 0.866913123844732
    },
    "experiment_count": 10
  },
  "top_10_combinations": [
    {
      "parameters": {
        "DROPOUT": 0.5,
        "HIDDEN_CHANNELS": 64,
        "MAX_HOPS": 2,
        "NUM_LAYERS": 3,
        "TEMPERATURE": 0.5
      },
      "final_test_accuracy": {
        "mean": 0.8421731123388583,
        "std": 0.017413786593005697,
        "max": 0.860036832412523
      },
      "best_test_accuracy": {
        "mean": 0.843830570902394,
        "std": 0.020052534200834197,
        "max": 0.8692449355432781
      },
      "final_val_accuracy": {
        "mean": 0.8391866913123845,
        "std": 0.010935452464139784,
        "max": 0.8595194085027726
      },
      "best_val_accuracy": {
        "mean": 0.8521256931608132,
        "std": 0.009850582324934744,
        "max": 0.866913123844732
      },
      "experiment_count": 10
    },
    {
      "parameters": {
        "DROPOUT": 0.5,
        "HIDDEN_CHANNELS": 64,
        "MAX_HOPS": 4,
        "NUM_LAYERS": 3,
        "TEMPERATURE": 0.5
      },
      "final_test_accuracy": {
        "mean": 0.8381215469613259,
        "std": 0.016685733322280953,
        "max": 0.8692449355432781
      },
      "best_test_accuracy": {
        "mean": 0.843830570902394,
        "std": 0.020685261262760903,
        "max": 0.8876611418047882
      },
      "final_val_accuracy": {
        "mean": 0.8414048059149722,
        "std": 0.01064412572930718,
        "max": 0.8650646950092421
      },
      "best_val_accuracy": {
        "mean": 0.8593345656192236,
        "std": 0.012245753844770349,
        "max": 0.878003696857671
      },
      "experiment_count": 10
    },
    {
      "parameters": {
        "DROPOUT": 0.5,
        "HIDDEN_CHANNELS": 64,
        "MAX_HOPS": 3,
        "NUM_LAYERS": 3,
        "TEMPERATURE": 0.5
      },
      "final_test_accuracy": {
        "mean": 0.8300184162062616,
        "std": 0.023353753741020188,
        "max": 0.8637200736648251
      },
      "best_test_accuracy": {
        "mean": 0.8390423572744015,
        "std": 0.017668044132908237,
        "max": 0.8637200736648251
      },
      "final_val_accuracy": {
        "mean": 0.8297597042513865,
        "std": 0.021050188054826946,
        "max": 0.8576709796672828
      },
      "best_val_accuracy": {
        "mean": 0.8475046210720887,
        "std": 0.016824764393454494,
        "max": 0.8817005545286506
      },
      "experiment_count": 10
    },
    {
      "parameters": {
        "DROPOUT": 0.5,
        "HIDDEN_CHANNELS": 64,
        "MAX_HOPS": 3,
        "NUM_LAYERS": 1,
        "TEMPERATURE": 0.5
      },
      "final_test_accuracy": {
        "mean": 0.785451197053407,
        "std": 0.013982982889670878,
        "max": 0.8066298342541437
      },
      "best_test_accuracy": {
        "mean": 0.7817679558011049,
        "std": 0.012976566504569282,
        "max": 0.8066298342541437
      },
      "final_val_accuracy": {
        "mean": 0.7731977818853975,
        "std": 0.018577399496121607,
        "max": 0.800369685767098
      },
      "best_val_accuracy": {
        "mean": 0.7791127541589649,
        "std": 0.018636159827089275,
        "max": 0.8059149722735675
      },
      "experiment_count": 10
    },
    {
      "parameters": {
        "DROPOUT": 0.5,
        "HIDDEN_CHANNELS": 64,
        "MAX_HOPS": 2,
        "NUM_LAYERS": 1,
        "TEMPERATURE": 0.5
      },
      "final_test_accuracy": {
        "mean": 0.7828729281767955,
        "std": 0.016726336213126386,
        "max": 0.8029465930018416
      },
      "best_test_accuracy": {
        "mean": 0.7812154696132596,
        "std": 0.01493416937953097,
        "max": 0.7992633517495396
      },
      "final_val_accuracy": {
        "mean": 0.7822550831792976,
        "std": 0.009947226652180206,
        "max": 0.8022181146025879
      },
      "best_val_accuracy": {
        "mean": 0.7914972273567467,
        "std": 0.011145887934699698,
        "max": 0.8133086876155268
      },
      "experiment_count": 10
    },
    {
      "parameters": {
        "DROPOUT": 0.5,
        "HIDDEN_CHANNELS": 64,
        "MAX_HOPS": 2,
        "NUM_LAYERS": 2,
        "TEMPERATURE": 0.5
      },
      "final_test_accuracy": {
        "mean": 0.7823204419889502,
        "std": 0.15864212219581014,
        "max": 0.856353591160221
      },
      "best_test_accuracy": {
        "mean": 0.7808471454880295,
        "std": 0.15800632754902597,
        "max": 0.858195211786372
      },
      "final_val_accuracy": {
        "mean": 0.7818853974121998,
        "std": 0.1701900134669614,
        "max": 0.8632162661737524
      },
      "best_val_accuracy": {
        "mean": 0.7937153419593346,
        "std": 0.16868612073551947,
        "max": 0.878003696857671
      },
      "experiment_count": 10
    },
    {
      "parameters": {
        "DROPOUT": 0.5,
        "HIDDEN_CHANNELS": 64,
        "MAX_HOPS": 4,
        "NUM_LAYERS": 1,
        "TEMPERATURE": 0.5
      },
      "final_test_accuracy": {
        "mean": 0.7799263351749539,
        "std": 0.016783015234805573,
        "max": 0.8121546961325967
      },
      "best_test_accuracy": {
        "mean": 0.7788213627992634,
        "std": 0.018033782593384357,
        "max": 0.8195211786372008
      },
      "final_val_accuracy": {
        "mean": 0.7829944547134935,
        "std": 0.01611846902520637,
        "max": 0.8040665434380776
      },
      "best_val_accuracy": {
        "mean": 0.7883548983364141,
        "std": 0.016620448807884644,
        "max": 0.8133086876155268
      },
      "experiment_count": 10
    },
    {
      "parameters": {
        "DROPOUT": 0.5,
        "HIDDEN_CHANNELS": 64,
        "MAX_HOPS": 4,
        "NUM_LAYERS": 2,
        "TEMPERATURE": 0.5
      },
      "final_test_accuracy": {
        "mean": 0.7725598526703499,
        "std": 0.16018765132191257,
        "max": 0.8453038674033149
      },
      "best_test_accuracy": {
        "mean": 0.7780847145488029,
        "std": 0.16237883513876186,
        "max": 0.856353591160221
      },
      "final_val_accuracy": {
        "mean": 0.7879852125693161,
        "std": 0.15829729140253915,
        "max": 0.866913123844732
      },
      "best_val_accuracy": {
        "mean": 0.8001848428835491,
        "std": 0.1617083681142561,
        "max": 0.8743068391866913
      },