{
  "experiment_info": {
    "timestamp": "2025-07-07 01:54:27",
    "dataset": "Texas",
    "model": "GAT"
  },
  "total_combinations": 6,
  "total_experiments": 60,
  "best_combination_by_val": {
    "parameters": {
      "DROPOUT": 0.5,
      "HIDDEN_CHANNELS": 64,
      "MAX_HOPS": 2,
      "NUM_LAYERS": 1,
      "TEMPERATURE": 0.5
    },
    "final_test_accuracy": {
      "mean": 0.4342105263157895,
      "std": 0.04442616583193192,
      "max": 0.5
    },
    "best_test_accuracy": {
      "mean": 0.5447368421052632,
      "std": 0.04251445900369347,
      "max": 0.6052631578947368
    },
    "final_val_accuracy": {
      "mean": 0.3972222222222222,
      "std": 0.08244901155364351,
      "max": 0.5555555555555556
    },
    "best_val_accuracy": {
      "mean": 0.6222222222222222,
      "std": 0.09797328938082442,
      "max": 0.7777777777777778
    },
    "experiment_count": 10
  },
  "best_combination_by_test": {
    "parameters": {
      "DROPOUT": 0.5,
      "HIDDEN_CHANNELS": 64,
      "MAX_HOPS": 2,
      "NUM_LAYERS": 2,
      "TEMPERATURE": 0.5
    },
    "final_test_accuracy": {
      "mean": 0.47894736842105257,
      "std": 0.07877173445839877,
      "max": 0.631578947368421
    },
    "best_test_accuracy": {
      "mean": 0.5394736842105263,
      "std": 0.05027624519616527,
      "max": 0.631578947368421
    },
    "final_val_accuracy": {
      "mean": 0.4611111111111111,
      "std": 0.0376796110173626,
      "max": 0.5277777777777778
    },
    "best_val_accuracy": {
      "mean": 0.5833333333333334,
      "std": 0.05414885747116089,
      "max": 0.6666666666666666
    },
    "experiment_count": 10
  },
  "top_10_combinations": [
    {
      "parameters": {
        "DROPOUT": 0.5,
        "HIDDEN_CHANNELS": 64,
        "MAX_HOPS": 2,
        "NUM_LAYERS": 2,
        "TEMPERATURE": 0.5
      },
      "final_test_accuracy": {
        "mean": 0.47894736842105257,
        "std": 0.07877173445839877,
        "max": 0.631578947368421
      },
      "best_test_accuracy": {
        "mean": 0.5394736842105263,
        "std": 0.05027624519616527,
        "max": 0.631578947368421
      },
      "final_val_accuracy": {
        "mean": 0.4611111111111111,
        "std": 0.0376796110173626,
        "max": 0.5277777777777778
      },
      "best_val_accuracy": {
        "mean": 0.5833333333333334,
        "std": 0.05414885747116089,
        "max": 0.6666666666666666
      },
      "experiment_count": 10
    },
    {
      "parameters": {
        "DROPOUT": 0.5,
        "HIDDEN_CHANNELS": 64,
        "MAX_HOPS": 4,
        "NUM_LAYERS": 2,
        "TEMPERATURE": 0.5
      },
      "final_test_accuracy": {
        "mean": 0.46578947368421053,
        "std": 0.08571840776264386,
        "max": 0.5789473684210527
      },
      "best_test_accuracy": {
        "mean": 0.568421052631579,
        "std": 0.09860523155365895,
        "max": 0.7631578947368421
      },
      "final_val_accuracy": {
        "mean": 0.43611111111111106,
        "std": 0.10247703747609288,
        "max": 0.5833333333333334
      },
      "best_val_accuracy": {
        "mean": 0.5666666666666667,
        "std": 0.06938886664887108,
        "max": 0.6666666666666666
      },
      "experiment_count": 10
    },
    {
      "parameters": {
        "DROPOUT": 0.5,
        "HIDDEN_CHANNELS": 64,
        "MAX_HOPS": 4,
        "NUM_LAYERS": 1,
        "TEMPERATURE": 0.5
      },
      "final_test_accuracy": {
        "mean": 0.44210526315789467,
        "std": 0.0704162534750508,
        "max": 0.5263157894736842
      },
      "best_test_accuracy": {
        "mean": 0.5394736842105263,
        "std": 0.08089697973126,
        "max": 0.6578947368421053
      },
      "final_val_accuracy": {
        "mean": 0.4305555555555555,
        "std": 0.10412036007772953,
        "max": 0.5833333333333334
      },
      "best_val_accuracy": {
        "mean": 0.5777777777777777,
        "std": 0.08031573497111642,
        "max": 0.6944444444444444
      },
      "experiment_count": 10
    },
    {
      "parameters": {
        "DROPOUT": 0.5,
        "HIDDEN_CHANNELS": 64,
        "MAX_HOPS": 2,
        "NUM_LAYERS": 1,
        "TEMPERATURE": 0.5
      },
      "final_test_accuracy": {
        "mean": 0.4342105263157895,
        "std": 0.04442616583193192,
        "max": 0.5
      },
      "best_test_accuracy": {
        "mean": 0.5447368421052632,
        "std": 0.04251445900369347,
        "max": 0.6052631578947368
      },
      "final_val_accuracy": {
        "mean": 0.3972222222222222,
        "std": 0.08244901155364351,
        "max": 0.5555555555555556
      },
      "best_val_accuracy": {
        "mean": 0.6222222222222222,
        "std": 0.09797328938082442,
        "max": 0.7777777777777778
      },
      "experiment_count": 10
    },
    {
      "parameters": {
        "DROPOUT": 0.5,
        "HIDDEN_CHANNELS": 64,
        "MAX_HOPS": 3,
        "NUM_LAYERS": 2,
        "TEMPERATURE": 0.5
      },
      "final_test_accuracy": {
        "mean": 0.43157894736842106,
        "std": 0.060239595485576836,
        "max": 0.5526315789473685
      },
      "best_test_accuracy": {
        "mean": 0.5184210526315789,
        "std": 0.05771503210384556,
        "max": 0.6052631578947368
      },
      "final_val_accuracy": {
        "mean": 0.43611111111111117,
        "std": 0.08700255424092125,
        "max": 0.5277777777777778
      },
      "best_val_accuracy": {
        "mean": 0.575,
        "std": 0.07248882417055492,
        "max": 0.6944444444444444
      },
      "experiment_count": 10
    },
    {
      "parameters": {
        "DROPOUT": 0.5,
        "HIDDEN_CHANNELS": 64,
        "MAX_HOPS": 3,
        "NUM_LAYERS": 1,
        "TEMPERATURE": 0.5
      },
      "final_test_accuracy": {
        "mean": 0.42631578947368415,
        "std": 0.0704162534750508,
        "max": 0.5526315789473685
      },
      "best_test_accuracy": {
        "mean": 0.5605263157894737,
        "std": 0.06765768490622338,
        "max": 0.6842105263157895
      },
      "final_val_accuracy": {
        "mean": 0.4138888888888889,
        "std": 0.06741478388617554,
        "max": 0.5
      },
      "best_val_accuracy": {
        "mean": 0.5722222222222222,
        "std": 0.07777777777777778,
        "max": 0.6944444444444444
      },
      "experiment_count": 10
    }
  ],
  "all_combinations": [
    {
      "parameters": {
        "DROPOUT": 0.5,
        "HIDDEN_CHANNELS": 64,
        "MAX_HOPS": 2,
        "NUM_LAYERS": 2,
        "TEMPERATURE": 0.5
      },
      "final_test_accuracy": {
        "mean": 0.47894736842105257,
        "std": 0.07877173445839877,
        "max": 0.631578947368421
      },
      "best_test_accuracy": {
        "mean": 0.5394736842105263,
        "std": 0.05027624519616527,
        "max": 0.631578947368421
      },
      "final_val_accuracy": {
        "mean": 0.4611111111111111,
        "std": 0.0376796110173626,
        "max": 0.5277777777777778
      },
      "best_val_accuracy": {
        "mean": 0.5833333333333334,
        "std": 0.05414885747116089,
        "max": 0.6666666666666666
      },
      "experiment_count": 10
    },
    {
      "parameters": {
        "DROPOUT": 0.5,
        "HIDDEN_CHANNELS": 64,
        "MAX_HOPS": 4,
        "NUM_LAYERS": 2,
        "TEMPERATURE": 0.5
      },
      "final_test_accuracy": {
        "mean": 0.46578947368421053,
        "std": 0.08571840776264386,
        "max": 0.5789473684210527
      },
      "best_test_accuracy": {
        "mean": 0.568421052631579,
        "std": 0.09860523155365895,
        "max": 0.7631578947368421
      },
      "final_val_accuracy": {
        "mean": 0.43611111111111106,
        "std": 0.10247703747609288,
        "max": 0.5833333333333334
      },
      "best_val_accuracy": {
        "mean": 0.5666666666666667,
        "std": 0.06938886664887108,
        "max": 0.6666666666666666
      },
      "experiment_count": 10
    },
    {
      "parameters": {
        "DROPOUT": 0.5,