{
  "experiment_info": {
    "timestamp": "2025-07-06 12:49:27",
    "dataset": "Squirrel",
    "model": "GCN"
  },
  "total_combinations": 6,
  "total_experiments": 60,
  "best_combination_by_val": {
    "parameters": {
      "DROPOUT": 0.5,
      "HIDDEN_CHANNELS": 64,
      "MAX_HOPS": 4,
      "NUM_LAYERS": 2,
      "TEMPERATURE": 0.5
    },
    "final_test_accuracy": {
      "mean": 0.48107588856868394,
      "std": 0.010173450370700264,
      "max": 0.49951969260326606
    },
    "best_test_accuracy": {
      "mean": 0.48635926993275697,
      "std": 0.01590709646905137,
      "max": 0.5139289145052833
    },
    "final_val_accuracy": {
      "mean": 0.4905769230769231,
      "std": 0.028562062602661316,
      "max": 0.5230769230769231
    },
    "best_val_accuracy": {
      "mean": 0.5032692307692307,
      "std": 0.02141965861417799,
      "max": 0.5298076923076923
    },
    "experiment_count": 10
  },
  "best_combination_by_test": {
    "parameters": {
      "DROPOUT": 0.5,
      "HIDDEN_CHANNELS": 64,
      "MAX_HOPS": 4,
      "NUM_LAYERS": 2,
      "TEMPERATURE": 0.5
    },
    "final_test_accuracy": {
      "mean": 0.48107588856868394,
      "std": 0.010173450370700264,
      "max": 0.49951969260326606
    },
    "best_test_accuracy": {
      "mean": 0.48635926993275697,
      "std": 0.01590709646905137,
      "max": 0.5139289145052833
    },
    "final_val_accuracy": {
      "mean": 0.4905769230769231,
      "std": 0.028562062602661316,
      "max": 0.5230769230769231
    },
    "best_val_accuracy": {
      "mean": 0.5032692307692307,
      "std": 0.02141965861417799,
      "max": 0.5298076923076923
    },
    "experiment_count": 10
  },
  "top_10_combinations": [
    {
      "parameters": {
        "DROPOUT": 0.5,
        "HIDDEN_CHANNELS": 64,
        "MAX_HOPS": 4,
        "NUM_LAYERS": 2,
        "TEMPERATURE": 0.5
      },
      "final_test_accuracy": {
        "mean": 0.48107588856868394,
        "std": 0.010173450370700264,
        "max": 0.49951969260326606
      },
      "best_test_accuracy": {
        "mean": 0.48635926993275697,
        "std": 0.01590709646905137,
        "max": 0.5139289145052833
      },
      "final_val_accuracy": {
        "mean": 0.4905769230769231,
        "std": 0.028562062602661316,
        "max": 0.5230769230769231
      },
      "best_val_accuracy": {
        "mean": 0.5032692307692307,
        "std": 0.02141965861417799,
        "max": 0.5298076923076923
      },
      "experiment_count": 10
    },
    {
      "parameters": {
        "DROPOUT": 0.5,
        "HIDDEN_CHANNELS": 64,
        "MAX_HOPS": 2,
        "NUM_LAYERS": 2,
        "TEMPERATURE": 0.5
      },
      "final_test_accuracy": {
        "mean": 0.4799231508165226,
        "std": 0.011496917810088124,
        "max": 0.4956772334293948
      },
      "best_test_accuracy": {
        "mean": 0.4905859750240153,
        "std": 0.01188253707616707,
        "max": 0.5062439961575408
      },
      "final_val_accuracy": {
        "mean": 0.4847115384615385,
        "std": 0.006667976325994539,
        "max": 0.49423076923076925
      },
      "best_val_accuracy": {
        "mean": 0.5000961538461539,
        "std": 0.010907847590301868,
        "max": 0.5221153846153846
      },
      "experiment_count": 10
    },
    {
      "parameters": {
        "DROPOUT": 0.5,
        "HIDDEN_CHANNELS": 64,
        "MAX_HOPS": 3,
        "NUM_LAYERS": 2,
        "TEMPERATURE": 0.5
      },
      "final_test_accuracy": {
        "mean": 0.47214217098943323,
        "std": 0.0177557893087098,
        "max": 0.49759846301633043
      },
      "best_test_accuracy": {
        "mean": 0.47790585975024014,
        "std": 0.018553796660311078,
        "max": 0.5062439961575408
      },
      "final_val_accuracy": {
        "mean": 0.47538461538461546,
        "std": 0.014646980018715084,
        "max": 0.49615384615384617
      },
      "best_val_accuracy": {
        "mean": 0.4938461538461539,
        "std": 0.017265975365598207,
        "max": 0.5221153846153846
      },
      "experiment_count": 10
    },
    {
      "parameters": {
        "DROPOUT": 0.5,
        "HIDDEN_CHANNELS": 64,
        "MAX_HOPS": 3,
        "NUM_LAYERS": 1,
        "TEMPERATURE": 0.5
      },
      "final_test_accuracy": {
        "mean": 0.403554274735831,
        "std": 0.021443237525578245,
        "max": 0.4390009606147935
      },
      "best_test_accuracy": {
        "mean": 0.40576368876080693,
        "std": 0.02351525367636179,
        "max": 0.4409221902017291
      },
      "final_val_accuracy": {
        "mean": 0.40567307692307686,
        "std": 0.011429372132242344,
        "max": 0.4201923076923077
      },
      "best_val_accuracy": {
        "mean": 0.4114423076923077,
        "std": 0.012105078033667662,
        "max": 0.4288461538461538
      },
      "experiment_count": 10
    },
    {
      "parameters": {
        "DROPOUT": 0.5,
        "HIDDEN_CHANNELS": 64,
        "MAX_HOPS": 2,
        "NUM_LAYERS": 1,
        "TEMPERATURE": 0.5
      },
      "final_test_accuracy": {
        "mean": 0.4002881844380403,
        "std": 0.024241205197389475,
        "max": 0.43804034582132567
      },
      "best_test_accuracy": {
        "mean": 0.3989433237271854,
        "std": 0.0274878542567815,
        "max": 0.4495677233429395
      },
      "final_val_accuracy": {
        "mean": 0.4090384615384616,
        "std": 0.015337668755069549,
        "max": 0.4355769230769231
      },
      "best_val_accuracy": {
        "mean": 0.41624999999999995,
        "std": 0.014717821684880165,
        "max": 0.4355769230769231
      },
      "experiment_count": 10
    },
    {
      "parameters": {
        "DROPOUT": 0.5,
        "HIDDEN_CHANNELS": 64,
        "MAX_HOPS": 4,
        "NUM_LAYERS": 1,
        "TEMPERATURE": 0.5
      },
      "final_test_accuracy": {
        "mean": 0.4000960614793468,
        "std": 0.02157109661180175,
        "max": 0.44188280499519694
      },
      "best_test_accuracy": {
        "mean": 0.4015369836695485,
        "std": 0.02079015435299717,
        "max": 0.4399615754082613
      },
      "final_val_accuracy": {
        "mean": 0.4075961538461538,
        "std": 0.01684449631817519,
        "max": 0.4355769230769231
      },
      "best_val_accuracy": {
        "mean": 0.41336538461538463,
        "std": 0.016292048465287177,
        "max": 0.43846153846153846
      },
      "experiment_count": 10
    }
  ],
  "all_combinations": [
    {
      "parameters": {
        "DROPOUT": 0.5,
        "HIDDEN_CHANNELS": 64,
        "MAX_HOPS": 4,
        "NUM_LAYERS": 2,
        "TEMPERATURE": 0.5
      },
      "final_test_accuracy": {
        "mean": 0.48107588856868394,
        "std": 0.010173450370700264,
        "max": 0.49951969260326606
      },
      "best_test_accuracy": {
        "mean": 0.48635926993275697,
        "std": 0.01590709646905137,
        "max": 0.5139289145052833
      },
      "final_val_accuracy": {
        "mean": 0.4905769230769231,
        "std": 0.028562062602661316,
        "max": 0.5230769230769231
      },
      "best_val_accuracy": {
        "mean": 0.5032692307692307,
        "std": 0.02141965861417799,
        "max": 0.5298076923076923
      },
      "experiment_count": 10
    },
    {
      "parameters": {
        "DROPOUT": 0.5,
        "HIDDEN_CHANNELS": 64,
        "MAX_HOPS": 2,
        "NUM_LAYERS": 2,
        "TEMPERATURE": 0.5
      },
      "final_test_accuracy": {
        "mean": 0.4799231508165226,
        "std": 0.011496917810088124,
        "max": 0.4956772334293948
      },
      "best_test_accuracy": {
        "mean": 0.4905859750240153,
        "std": 0.01188253707616707,
        "max": 0.5062439961575408
      },
      "final_val_accuracy": {
        "mean": 0.4847115384615385,
        "std": 0.006667976325994539,
        "max": 0.49423076923076925
      },
      "best_val_accuracy": {
        "mean": 0.5000961538461539,
        "std": 0.010907847590301868,
        "max": 0.5221153846153846
      },