{
  "experiment_info": {
    "timestamp": "2025-07-06 21:40:31",
    "dataset": "Citeseer",
    "model": "MLP"
  },
  "total_combinations": 6,
  "total_experiments": 60,
  "best_combination_by_val": {
    "parameters": {
      "DROPOUT": 0.5,
      "HIDDEN_CHANNELS": 64,
      "MAX_HOPS": 3,
      "NUM_LAYERS": 2,
      "TEMPERATURE": 0.5
    },
    "final_test_accuracy": {
      "mean": 0.20435435435435437,
      "std": 0.012113869940858833,
      "max": 0.22372372372372373
    },
    "best_test_accuracy": {
      "mean": 0.2042042042042042,
      "std": 0.01628281286693809,
      "max": 0.23423423423423423
    },
    "final_val_accuracy": {
      "mean": 0.20917293233082707,
      "std": 0.013203144534887724,
      "max": 0.23609022556390977
    },
    "best_val_accuracy": {
      "mean": 0.22105263157894733,
      "std": 0.010717912590198771,
      "max": 0.23609022556390977
    },
    "experiment_count": 10
  },
  "best_combination_by_test": {
    "parameters": {
      "DROPOUT": 0.5,
      "HIDDEN_CHANNELS": 64,
      "MAX_HOPS": 2,
      "NUM_LAYERS": 1,
      "TEMPERATURE": 0.5
    },
    "final_test_accuracy": {
      "mean": 0.20825825825825825,
      "std": 0.014308450607449183,
      "max": 0.22822822822822822
    },
    "best_test_accuracy": {
      "mean": 0.2085585585585586,
      "std": 0.01716512418641887,
      "max": 0.23873873873873874
    },
    "final_val_accuracy": {
      "mean": 0.2007518796992481,
      "std": 0.014798856780900182,
      "max": 0.22255639097744362
    },
    "best_val_accuracy": {
      "mean": 0.21488721804511277,
      "std": 0.006938509470712378,
      "max": 0.22706766917293233
    },
    "experiment_count": 10
  },
  "top_10_combinations": [
    {
      "parameters": {
        "DROPOUT": 0.5,
        "HIDDEN_CHANNELS": 64,
        "MAX_HOPS": 2,
        "NUM_LAYERS": 1,
        "TEMPERATURE": 0.5
      },
      "final_test_accuracy": {
        "mean": 0.20825825825825825,
        "std": 0.014308450607449183,
        "max": 0.22822822822822822
      },
      "best_test_accuracy": {
        "mean": 0.2085585585585586,
        "std": 0.01716512418641887,
        "max": 0.23873873873873874
      },
      "final_val_accuracy": {
        "mean": 0.2007518796992481,
        "std": 0.014798856780900182,
        "max": 0.22255639097744362
      },
      "best_val_accuracy": {
        "mean": 0.21488721804511277,
        "std": 0.006938509470712378,
        "max": 0.22706766917293233
      },
      "experiment_count": 10
    },
    {
      "parameters": {
        "DROPOUT": 0.5,
        "HIDDEN_CHANNELS": 64,
        "MAX_HOPS": 4,
        "NUM_LAYERS": 1,
        "TEMPERATURE": 0.5
      },
      "final_test_accuracy": {
        "mean": 0.20795795795795796,
        "std": 0.016007020121235248,
        "max": 0.23273273273273273
      },
      "best_test_accuracy": {
        "mean": 0.2036036036036036,
        "std": 0.021300162914480884,
        "max": 0.23273273273273273
      },
      "final_val_accuracy": {
        "mean": 0.21383458646616543,
        "std": 0.008788955907490199,
        "max": 0.22406015037593985
      },
      "best_val_accuracy": {
        "mean": 0.22090225563909774,
        "std": 0.009033827546391331,
        "max": 0.23759398496240602
      },
      "experiment_count": 10
    },
    {
      "parameters": {
        "DROPOUT": 0.5,
        "HIDDEN_CHANNELS": 64,
        "MAX_HOPS": 3,
        "NUM_LAYERS": 1,
        "TEMPERATURE": 0.5
      },
      "final_test_accuracy": {
        "mean": 0.20780780780780778,
        "std": 0.014451903201820982,
        "max": 0.23123123123123124
      },
      "best_test_accuracy": {
        "mean": 0.2024024024024024,
        "std": 0.020552478837559965,
        "max": 0.22822822822822822
      },
      "final_val_accuracy": {
        "mean": 0.20736842105263156,
        "std": 0.01224340918456233,
        "max": 0.22857142857142856
      },
      "best_val_accuracy": {
        "mean": 0.21849624060150377,
        "std": 0.005708346735669867,
        "max": 0.22857142857142856
      },
      "experiment_count": 10
    },
    {
      "parameters": {
        "DROPOUT": 0.5,
        "HIDDEN_CHANNELS": 64,
        "MAX_HOPS": 3,
        "NUM_LAYERS": 2,
        "TEMPERATURE": 0.5
      },
      "final_test_accuracy": {
        "mean": 0.20435435435435437,
        "std": 0.012113869940858833,
        "max": 0.22372372372372373
      },
      "best_test_accuracy": {
        "mean": 0.2042042042042042,
        "std": 0.01628281286693809,
        "max": 0.23423423423423423
      },
      "final_val_accuracy": {
        "mean": 0.20917293233082707,
        "std": 0.013203144534887724,
        "max": 0.23609022556390977
      },
      "best_val_accuracy": {
        "mean": 0.22105263157894733,
        "std": 0.010717912590198771,
        "max": 0.23609022556390977
      },
      "experiment_count": 10
    },
    {
      "parameters": {
        "DROPOUT": 0.5,
        "HIDDEN_CHANNELS": 64,
        "MAX_HOPS": 4,
        "NUM_LAYERS": 2,
        "TEMPERATURE": 0.5
      },
      "final_test_accuracy": {
        "mean": 0.20135135135135135,
        "std": 0.011063325537410596,
        "max": 0.22372372372372373
      },
      "best_test_accuracy": {
        "mean": 0.20345345345345348,
        "std": 0.011099945692658389,
        "max": 0.22372372372372373
      },
      "final_val_accuracy": {
        "mean": 0.20947368421052634,
        "std": 0.01425084783542692,
        "max": 0.23308270676691728
      },
      "best_val_accuracy": {
        "mean": 0.21669172932330824,
        "std": 0.013574708536643615,
        "max": 0.23909774436090225
      },
      "experiment_count": 10
    },
    {
      "parameters": {
        "DROPOUT": 0.5,
        "HIDDEN_CHANNELS": 64,
        "MAX_HOPS": 2,
        "NUM_LAYERS": 2,
        "TEMPERATURE": 0.5
      },
      "final_test_accuracy": {
        "mean": 0.20075075075075074,
        "std": 0.011842840262288887,
        "max": 0.21921921921921922
      },
      "best_test_accuracy": {
        "mean": 0.2018018018018018,
        "std": 0.01693704342607036,
        "max": 0.21921921921921922
      },
      "final_val_accuracy": {
        "mean": 0.19338345864661655,
        "std": 0.008773505050114178,
        "max": 0.20902255639097744
      },
      "best_val_accuracy": {
        "mean": 0.20766917293233084,
        "std": 0.009615832949622961,
        "max": 0.22255639097744362
      },
      "experiment_count": 10
    }
  ],
  "all_combinations": [
    {
      "parameters": {
        "DROPOUT": 0.5,
        "HIDDEN_CHANNELS": 64,
        "MAX_HOPS": 2,
        "NUM_LAYERS": 1,
        "TEMPERATURE": 0.5
      },
      "final_test_accuracy": {
        "mean": 0.20825825825825825,
        "std": 0.014308450607449183,
        "max": 0.22822822822822822
      },
      "best_test_accuracy": {
        "mean": 0.2085585585585586,
        "std": 0.01716512418641887,
        "max": 0.23873873873873874
      },
      "final_val_accuracy": {
        "mean": 0.2007518796992481,
        "std": 0.014798856780900182,
        "max": 0.22255639097744362
      },
      "best_val_accuracy": {
        "mean": 0.21488721804511277,
        "std": 0.006938509470712378,
        "max": 0.22706766917293233
      },
      "experiment_count": 10
    },
    {
      "parameters": {
        "DROPOUT": 0.5,
        "HIDDEN_CHANNELS": 64,
        "MAX_HOPS": 4,
        "NUM_LAYERS": 1,
        "TEMPERATURE": 0.5
      },
      "final_test_accuracy": {
        "mean": 0.20795795795795796,
        "std": 0.016007020121235248,
        "max": 0.23273273273273273
      },
      "best_test_accuracy": {
        "mean": 0.2036036036036036,
        "std": 0.021300162914480884,
        "max": 0.23273273273273273
      },
      "final_val_accuracy": {
        "mean": 0.21383458646616543,
        "std": 0.008788955907490199,
        "max": 0.22406015037593985
      },
      "best_val_accuracy": {
        "mean": 0.22090225563909774,