{
  "experiment_info": {
    "timestamp": "2025-07-05 12:28:15",
    "dataset": "Texas",
    "model": "RobustH2GCN"
  },
  "gate_statistics": {
    "gate_mean": {
      "mean": 0.994982373714447,
      "std": 0.0030519524508640416
    },
    "gate_std": {
      "mean": 0.011039006763409513,
      "std": 0.006903099998676261
    },
    "gate_min": {
      "mean": 0.9019545982281367,
      "std": 0.07440275574132978
    },
    "gate_max": {
      "mean": 0.999999996026357,
      "std": 2.139872235907914e-08
    },
    "gate_range": [
      0.6525391340255737,
      1.0
    ],
    "experiment_count": 60
  },
  "best_parameter_gate_stats": {
    "gate_mean": {
      "mean": 0.9949674069881439,
      "std": 0.0032196339421995375
    },
    "gate_std": {
      "mean": 0.011353892250917852,
      "std": 0.006431630293012013
    },
    "gate_min": {
      "mean": 0.8924994051456452,
      "std": 0.071025638236025
    },
    "gate_max": {
      "mean": 0.9999999880790711,
      "std": 3.5762786865234374e-08
    },
    "gate_range": [
      0.7487454414367676,
      1.0
    ],
    "experiment_count": 10,
    "best_parameters": {
      "DROPOUT": 0.5,
      "HIDDEN_CHANNELS": 64,
      "MAX_HOPS": 3,
      "NUM_LAYERS": 1,
      "TEMPERATURE": 0.5
    }
  }
}