{
  "experiment_info": {
    "timestamp": "2025-07-02 19:40:25",
    "dataset": "Cora",
    "model": "RobustH2GCN"
  },
  "gate_statistics": {
    "gate_mean": {
      "mean": 0.7884040802717209,
      "std": 0.13592948482805248
    },
    "gate_std": {
      "mean": 0.22503504475785627,
      "std": 0.08424711162990818
    },
    "gate_min": {
      "mean": 0.17273770953501272,
      "std": 0.23769393035050682
    },
    "gate_max": {
      "mean": 0.9997717956701915,
      "std": 0.0006847383922812426
    },
    "gate_range": [
      5.525860324873122e-10,
      1.0
    ],
    "experiment_count": 90
  },
  "best_parameter_gate_stats": {
    "gate_mean": {
      "mean": 0.956220144033432,
      "std": 0.03709815895426453
    },
    "gate_std": {
      "mean": 0.09786033295094967,
      "std": 0.08807296059786544
    },
    "gate_min": {
      "mean": 0.5257963310927153,
      "std": 0.3574635674458997
    },
    "gate_max": {
      "mean": 1.0,
      "std": 0.0
    },
    "gate_range": [
      0.007240738719701767,
      1.0
    ],
    "experiment_count": 10,
    "best_parameters": {
      "DROPOUT": 0.5,
      "HIDDEN_CHANNELS": 64,
      "MAX_HOPS": 2,
      "NUM_LAYERS": 1,
      "TEMPERATURE": 2.0
    }
  }
}