{
  "experiment_info": {
    "timestamp": "2025-07-02 00:56:34",
    "dataset": "Cora",
    "model": "RobustH2GCN"
  },
  "gate_statistics": {
    "gate_mean": {
      "mean": 0.8142170916001003,
      "std": 0.18254474589678144
    },
    "gate_std": {
      "mean": 0.18429584631230683,
      "std": 0.1049627208766156
    },
    "gate_min": {
      "mean": 0.317666864708534,
      "std": 0.3095928253119393
    },
    "gate_max": {
      "mean": 0.9997627962794569,
      "std": 0.0012545845998882797
    },
    "gate_range": [
      1.0651901452898849e-13,
      1.0
    ],
    "experiment_count": 720
  },
  "best_parameter_gate_stats": {
    "gate_mean": {
      "mean": 0.9524001598358154,
      "std": 0.032940657910904635
    },
    "gate_std": {
      "mean": 0.10072364788502455,
      "std": 0.06386191241197743
    },
    "gate_min": {
      "mean": 0.5246982842683792,
      "std": 0.2194208684913804
    },
    "gate_max": {
      "mean": 1.0,
      "std": 0.0
    },
    "gate_range": [
      0.23355895280838013,
      1.0
    ],
    "experiment_count": 10,
    "best_parameters": {
      "DROPOUT": 0.5,
      "HIDDEN_CHANNELS": 32,
      "MAX_HOPS": 4,
      "NUM_LAYERS": 2,
      "TEMPERATURE": 2.5
    }
  }
}