{
  "experiment_info": {
    "timestamp": "2025-07-06 21:41:03",
    "dataset": "Citeseer",
    "model": "MLP"
  },
  "total_experiments": 60,
  "final_results": {
    "train": {
      "mean": 0.2056195724782899,
      "std": 0.008060420928806687
    },
    "val": {
      "mean": 0.20468671679197994,
      "std": 0.018005578385870233
    },
    "test": {
      "mean": 0.20362862862862866,
      "std": 0.020487090986112438
    }
  },
  "best_results": {
    "val": {
      "mean": 0.22378446115288222,
      "std": 0.020697855046115963
    },
    "test": {
      "mean": 0.2123623623623624,
      "std": 0.027565766506569455
    }
  },
  "early_stopping": {
    "early_stopped_experiments": 60,
    "early_stopping_rate": 1.0,
    "average_stopping_epoch": 57.88333333333333,
    "stopping_epoch_std": 13.597906293086284,
    "stopping_epoch_range": [
      50,
      101
    ]
  },
  "feature_modification": {
    "modifications_applied": 1,
    "modification_types": [
      "noise"
    ]
  }
}