{
  "experiment_info": {
    "timestamp": "2025-07-07 02:02:19",
    "dataset": "Wisconsin",
    "model": "GraphSAGE"
  },
  "total_combinations": 6,
  "total_experiments": 60,
  "best_combination_by_val": {
    "parameters": {
      "DROPOUT": 0.5,
      "HIDDEN_CHANNELS": 64,
      "MAX_HOPS": 2,
      "NUM_LAYERS": 1,
      "TEMPERATURE": 0.5
    },
    "final_test_accuracy": {
      "mean": 0.5862745098039215,
      "std": 0.0786516514514964,
      "max": 0.7843137254901961
    },
    "best_test_accuracy": {
      "mean": 0.5686274509803921,
      "std": 0.09444387904935134,
      "max": 0.7450980392156863
    },
    "final_val_accuracy": {
      "mean": 0.634,
      "std": 0.06069596362197409,
      "max": 0.74
    },
    "best_val_accuracy": {
      "mean": 0.7,
      "std": 0.04098780306383838,
      "max": 0.78
    },
    "experiment_count": 10
  },
  "best_combination_by_test": {
    "parameters": {
      "DROPOUT": 0.5,
      "HIDDEN_CHANNELS": 64,
      "MAX_HOPS": 3,
      "NUM_LAYERS": 1,
      "TEMPERATURE": 0.5
    },
    "final_test_accuracy": {
      "mean": 0.6490196078431373,
      "std": 0.0459426451523921,
      "max": 0.7058823529411765
    },
    "best_test_accuracy": {
      "mean": 0.6,
      "std": 0.08777658543372312,
      "max": 0.7450980392156863
    },
    "final_val_accuracy": {
      "mean": 0.6000000000000001,
      "std": 0.05656854249492379,
      "max": 0.7
    },
    "best_val_accuracy": {
      "mean": 0.644,
      "std": 0.05782732917920385,
      "max": 0.76
    },
    "experiment_count": 10
  },
  "top_10_combinations": [
    {
      "parameters": {
        "DROPOUT": 0.5,
        "HIDDEN_CHANNELS": 64,
        "MAX_HOPS": 3,
        "NUM_LAYERS": 1,
        "TEMPERATURE": 0.5
      },
      "final_test_accuracy": {
        "mean": 0.6490196078431373,
        "std": 0.0459426451523921,
        "max": 0.7058823529411765
      },
      "best_test_accuracy": {
        "mean": 0.6,
        "std": 0.08777658543372312,
        "max": 0.7450980392156863
      },
      "final_val_accuracy": {
        "mean": 0.6000000000000001,
        "std": 0.05656854249492379,
        "max": 0.7
      },
      "best_val_accuracy": {
        "mean": 0.644,
        "std": 0.05782732917920385,
        "max": 0.76
      },
      "experiment_count": 10
    },
    {
      "parameters": {
        "DROPOUT": 0.5,
        "HIDDEN_CHANNELS": 64,
        "MAX_HOPS": 3,
        "NUM_LAYERS": 2,
        "TEMPERATURE": 0.5
      },
      "final_test_accuracy": {
        "mean": 0.6254901960784314,
        "std": 0.043359498799011714,
        "max": 0.6862745098039216
      },
      "best_test_accuracy": {
        "mean": 0.6019607843137254,
        "std": 0.05191451880342637,
        "max": 0.6666666666666666
      },
      "final_val_accuracy": {
        "mean": 0.5559999999999999,
        "std": 0.046303347611160894,
        "max": 0.64
      },
      "best_val_accuracy": {
        "mean": 0.6239999999999999,
        "std": 0.041761226035642196,
        "max": 0.7
      },
      "experiment_count": 10
    },
    {
      "parameters": {
        "DROPOUT": 0.5,
        "HIDDEN_CHANNELS": 64,
        "MAX_HOPS": 4,
        "NUM_LAYERS": 1,
        "TEMPERATURE": 0.5
      },
      "final_test_accuracy": {
        "mean": 0.6098039215686275,
        "std": 0.051468253915320346,
        "max": 0.7058823529411765
      },
      "best_test_accuracy": {
        "mean": 0.5764705882352941,
        "std": 0.08281847875271717,
        "max": 0.7450980392156863
      },
      "final_val_accuracy": {
        "mean": 0.6260000000000001,
        "std": 0.057999999999999975,
        "max": 0.72
      },
      "best_val_accuracy": {
        "mean": 0.6679999999999999,
        "std": 0.05878775382679626,
        "max": 0.74
      },
      "experiment_count": 10
    },
    {
      "parameters": {
        "DROPOUT": 0.5,
        "HIDDEN_CHANNELS": 64,
        "MAX_HOPS": 4,
        "NUM_LAYERS": 2,
        "TEMPERATURE": 0.5
      },
      "final_test_accuracy": {
        "mean": 0.6098039215686274,
        "std": 0.052209909630173905,
        "max": 0.7058823529411765
      },
      "best_test_accuracy": {
        "mean": 0.5921568627450979,
        "std": 0.04623461224530039,
        "max": 0.6470588235294118
      },
      "final_val_accuracy": {
        "mean": 0.5840000000000001,
        "std": 0.06183849933496124,
        "max": 0.66
      },
      "best_val_accuracy": {
        "mean": 0.652,
        "std": 0.06079473661428263,
        "max": 0.74
      },
      "experiment_count": 10
    },
    {
      "parameters": {
        "DROPOUT": 0.5,
        "HIDDEN_CHANNELS": 64,
        "MAX_HOPS": 2,
        "NUM_LAYERS": 2,
        "TEMPERATURE": 0.5
      },
      "final_test_accuracy": {
        "mean": 0.592156862745098,
        "std": 0.07166928189214535,
        "max": 0.6862745098039216
      },
      "best_test_accuracy": {
        "mean": 0.5823529411764705,
        "std": 0.07991248577378367,
        "max": 0.7450980392156863
      },
      "final_val_accuracy": {
        "mean": 0.59,
        "std": 0.08544003745317531,
        "max": 0.74
      },
      "best_val_accuracy": {
        "mean": 0.654,
        "std": 0.07213875518748573,
        "max": 0.76
      },
      "experiment_count": 10
    },
    {
      "parameters": {
        "DROPOUT": 0.5,
        "HIDDEN_CHANNELS": 64,
        "MAX_HOPS": 2,
        "NUM_LAYERS": 1,
        "TEMPERATURE": 0.5
      },
      "final_test_accuracy": {
        "mean": 0.5862745098039215,
        "std": 0.0786516514514964,
        "max": 0.7843137254901961
      },
      "best_test_accuracy": {
        "mean": 0.5686274509803921,
        "std": 0.09444387904935134,
        "max": 0.7450980392156863
      },
      "final_val_accuracy": {
        "mean": 0.634,
        "std": 0.06069596362197409,
        "max": 0.74
      },
      "best_val_accuracy": {
        "mean": 0.7,
        "std": 0.04098780306383838,
        "max": 0.78
      },
      "experiment_count": 10
    }
  ],
  "all_combinations": [
    {
      "parameters": {
        "DROPOUT": 0.5,
        "HIDDEN_CHANNELS": 64,
        "MAX_HOPS": 3,
        "NUM_LAYERS": 1,
        "TEMPERATURE": 0.5
      },
      "final_test_accuracy": {
        "mean": 0.6490196078431373,
        "std": 0.0459426451523921,
        "max": 0.7058823529411765
      },
      "best_test_accuracy": {
        "mean": 0.6,
        "std": 0.08777658543372312,
        "max": 0.7450980392156863
      },
      "final_val_accuracy": {
        "mean": 0.6000000000000001,
        "std": 0.05656854249492379,
        "max": 0.7
      },
      "best_val_accuracy": {
        "mean": 0.644,
        "std": 0.05782732917920385,
        "max": 0.76
      },
      "experiment_count": 10
    },
    {
      "parameters": {
        "DROPOUT": 0.5,
        "HIDDEN_CHANNELS": 64,
        "MAX_HOPS": 3,
        "NUM_LAYERS": 2,
        "TEMPERATURE": 0.5
      },
      "final_test_accuracy": {
        "mean": 0.6254901960784314,
        "std": 0.043359498799011714,
        "max": 0.6862745098039216
      },
      "best_test_accuracy": {
        "mean": 0.6019607843137254,
        "std": 0.05191451880342637,
        "max": 0.6666666666666666
      },
      "final_val_accuracy": {
        "mean": 0.5559999999999999,
        "std": 0.046303347611160894,
        "max": 0.64
      },
      "best_val_accuracy": {
        "mean": 0.6239999999999999,
        "std": 0.041761226035642196,
        "max": 0.7
      },
      "experiment_count": 10
    },
    {
      "parameters": {
        "DROPOUT": 0.5,
        "HIDDEN_CHANNELS": 64,
        "MAX_HOPS": 4,
        "NUM_LAYERS": 1,
        "TEMPERATURE": 0.5
      },
      "final_test_accuracy": {
        "mean": 0.6098039215686275,
        "std": 0.051468253915320346,
        "max": 0.7058823529411765
      },
      "best_test_accuracy": {
        "mean": 0.5764705882352941,
        "std": 0.08281847875271717,
        "max": 0.7450980392156863
      },