{
  "experiment_info": {
    "timestamp": "2025-07-03 16:28:22",
    "dataset": "Texas",
    "model": "H2GCN"
  },
  "total_combinations": 9,
  "total_experiments": 90,
  "best_combination_by_val": {
    "parameters": {
      "DROPOUT": 0.5,
      "HIDDEN_CHANNELS": 64,
      "MAX_HOPS": 4,
      "NUM_LAYERS": 2,
      "TEMPERATURE": 0.5
    },
    "final_test_accuracy": {
      "mean": 0.7473684210526316,
      "std": 0.05668594533825792,
      "max": 0.8421052631578947
    },
    "best_test_accuracy": {
      "mean": 0.7447368421052631,
      "std": 0.06006690637112276,
      "max": 0.8157894736842105
    },
    "final_val_accuracy": {
      "mean": 0.7500000000000001,
      "std": 0.0775791113542719,
      "max": 0.8888888888888888
    },
    "best_val_accuracy": {
      "mean": 0.8194444444444444,
      "std": 0.05450393575096828,
      "max": 0.9166666666666666
    },
    "experiment_count": 10
  },
  "best_combination_by_test": {
    "parameters": {
      "DROPOUT": 0.5,
      "HIDDEN_CHANNELS": 64,
      "MAX_HOPS": 4,
      "NUM_LAYERS": 2,
      "TEMPERATURE": 0.5
    },
    "final_test_accuracy": {
      "mean": 0.7473684210526316,
      "std": 0.05668594533825792,
      "max": 0.8421052631578947
    },
    "best_test_accuracy": {
      "mean": 0.7447368421052631,
      "std": 0.06006690637112276,
      "max": 0.8157894736842105
    },
    "final_val_accuracy": {
      "mean": 0.7500000000000001,
      "std": 0.0775791113542719,
      "max": 0.8888888888888888
    },
    "best_val_accuracy": {
      "mean": 0.8194444444444444,
      "std": 0.05450393575096828,
      "max": 0.9166666666666666
    },
    "experiment_count": 10
  },
  "top_10_combinations": [
    {
      "parameters": {
        "DROPOUT": 0.5,
        "HIDDEN_CHANNELS": 64,
        "MAX_HOPS": 4,
        "NUM_LAYERS": 2,
        "TEMPERATURE": 0.5
      },
      "final_test_accuracy": {
        "mean": 0.7473684210526316,
        "std": 0.05668594533825792,
        "max": 0.8421052631578947
      },
      "best_test_accuracy": {
        "mean": 0.7447368421052631,
        "std": 0.06006690637112276,
        "max": 0.8157894736842105
      },
      "final_val_accuracy": {
        "mean": 0.7500000000000001,
        "std": 0.0775791113542719,
        "max": 0.8888888888888888
      },
      "best_val_accuracy": {
        "mean": 0.8194444444444444,
        "std": 0.05450393575096828,
        "max": 0.9166666666666666
      },
      "experiment_count": 10
    },
    {
      "parameters": {
        "DROPOUT": 0.5,
        "HIDDEN_CHANNELS": 64,
        "MAX_HOPS": 4,
        "NUM_LAYERS": 3,
        "TEMPERATURE": 0.5
      },
      "final_test_accuracy": {
        "mean": 0.7342105263157894,
        "std": 0.05190284979820004,
        "max": 0.8157894736842105
      },
      "best_test_accuracy": {
        "mean": 0.7421052631578948,
        "std": 0.051028209025435055,
        "max": 0.8157894736842105
      },
      "final_val_accuracy": {
        "mean": 0.6777777777777778,
        "std": 0.06111111111111111,
        "max": 0.7777777777777778
      },
      "best_val_accuracy": {
        "mean": 0.7583333333333333,
        "std": 0.027916321169780264,
        "max": 0.8055555555555556
      },
      "experiment_count": 10
    },
    {
      "parameters": {
        "DROPOUT": 0.5,
        "HIDDEN_CHANNELS": 64,
        "MAX_HOPS": 3,
        "NUM_LAYERS": 3,
        "TEMPERATURE": 0.5
      },
      "final_test_accuracy": {
        "mean": 0.7078947368421052,
        "std": 0.07007119450365447,
        "max": 0.8157894736842105
      },
      "best_test_accuracy": {
        "mean": 0.6657894736842106,
        "std": 0.09418700088512254,
        "max": 0.7894736842105263
      },
      "final_val_accuracy": {
        "mean": 0.7027777777777778,
        "std": 0.07248882417055495,
        "max": 0.8333333333333334
      },
      "best_val_accuracy": {
        "mean": 0.7472222222222222,
        "std": 0.0729133597133705,
        "max": 0.8611111111111112
      },
      "experiment_count": 10
    },
    {
      "parameters": {
        "DROPOUT": 0.5,
        "HIDDEN_CHANNELS": 64,
        "MAX_HOPS": 3,
        "NUM_LAYERS": 2,
        "TEMPERATURE": 0.5
      },
      "final_test_accuracy": {
        "mean": 0.7,
        "std": 0.0717799036683466,
        "max": 0.8157894736842105
      },
      "best_test_accuracy": {
        "mean": 0.7078947368421054,
        "std": 0.06599966423149711,
        "max": 0.7894736842105263
      },
      "final_val_accuracy": {
        "mean": 0.663888888888889,
        "std": 0.07900812585182163,
        "max": 0.75
      },
      "best_val_accuracy": {
        "mean": 0.7611111111111111,
        "std": 0.06236095644623236,
        "max": 0.8333333333333334
      },
      "experiment_count": 10
    },
    {
      "parameters": {
        "DROPOUT": 0.5,
        "HIDDEN_CHANNELS": 64,
        "MAX_HOPS": 2,
        "NUM_LAYERS": 3,
        "TEMPERATURE": 0.5
      },
      "final_test_accuracy": {
        "mean": 0.6842105263157896,
        "std": 0.09266745716662637,
        "max": 0.868421052631579
      },
      "best_test_accuracy": {
        "mean": 0.7131578947368421,
        "std": 0.0868421052631579,
        "max": 0.868421052631579
      },
      "final_val_accuracy": {
        "mean": 0.7361111111111112,
        "std": 0.05859728641591385,
        "max": 0.8888888888888888
      },
      "best_val_accuracy": {
        "mean": 0.7833333333333333,
        "std": 0.0538631095268481,
        "max": 0.8888888888888888
      },
      "experiment_count": 10
    },
    {
      "parameters": {
        "DROPOUT": 0.5,
        "HIDDEN_CHANNELS": 64,
        "MAX_HOPS": 2,
        "NUM_LAYERS": 1,
        "TEMPERATURE": 0.5
      },
      "final_test_accuracy": {
        "mean": 0.6763157894736841,
        "std": 0.056502396193641814,
        "max": 0.7631578947368421
      },
      "best_test_accuracy": {
        "mean": 0.6499999999999999,
        "std": 0.08325943168187565,
        "max": 0.7368421052631579
      },
      "final_val_accuracy": {
        "mean": 0.711111111111111,
        "std": 0.07157832625958405,
        "max": 0.8055555555555556
      },
      "best_val_accuracy": {
        "mean": 0.7527777777777777,
        "std": 0.05753420882557775,
        "max": 0.8055555555555556
      },
      "experiment_count": 10
    },
    {
      "parameters": {
        "DROPOUT": 0.5,
        "HIDDEN_CHANNELS": 64,
        "MAX_HOPS": 4,
        "NUM_LAYERS": 1,
        "TEMPERATURE": 0.5
      },
      "final_test_accuracy": {
        "mean": 0.6684210526315788,
        "std": 0.10069013931425785,
        "max": 0.7894736842105263
      },
      "best_test_accuracy": {
        "mean": 0.6736842105263158,
        "std": 0.08583950752789521,
        "max": 0.8157894736842105
      },
      "final_val_accuracy": {
        "mean": 0.711111111111111,
        "std": 0.07777777777777779,
        "max": 0.8333333333333334
      },
      "best_val_accuracy": {
        "mean": 0.7833333333333333,
        "std": 0.05527707983925669,
        "max": 0.8611111111111112
      },
      "experiment_count": 10
    },
    {
      "parameters": {
        "DROPOUT": 0.5,
        "HIDDEN_CHANNELS": 64,
        "MAX_HOPS": 2,
        "NUM_LAYERS": 2,
        "TEMPERATURE": 0.5
      },
      "final_test_accuracy": {
        "mean": 0.6631578947368422,
        "std": 0.0653140718210045,
        "max": 0.8157894736842105
      },
      "best_test_accuracy": {
        "mean": 0.618421052631579,
        "std": 0.08747773757155085,
        "max": 0.7368421052631579
      },
      "final_val_accuracy": {
        "mean": 0.6694444444444445,
        "std": 0.06388888888888888,
        "max": 0.75
      },
      "best_val_accuracy": {
        "mean": 0.7444444444444445,
        "std": 0.071145824860365,
        "max": 0.8888888888888888
      },
      "experiment_count": 10
    },
    {
      "parameters": {
        "DROPOUT": 0.5,
        "HIDDEN_CHANNELS": 64,