{
  "experiment_info": {
    "timestamp": "2025-07-03 17:26:53",
    "dataset": "Wisconsin",
    "model": "MLP"
  },
  "total_combinations": 9,
  "total_experiments": 90,
  "best_combination_by_val": {
    "parameters": {
      "DROPOUT": 0.5,
      "HIDDEN_CHANNELS": 64,
      "MAX_HOPS": 4,
      "NUM_LAYERS": 3,
      "TEMPERATURE": 0.5
    },
    "final_test_accuracy": {
      "mean": 0.4862745098039216,
      "std": 0.046234612245300365,
      "max": 0.5686274509803921
    },
    "best_test_accuracy": {
      "mean": 0.5176470588235295,
      "std": 0.13925710513384082,
      "max": 0.803921568627451
    },
    "final_val_accuracy": {
      "mean": 0.492,
      "std": 0.09599999999999999,
      "max": 0.72
    },
    "best_val_accuracy": {
      "mean": 0.636,
      "std": 0.1061319932913728,
      "max": 0.8
    },
    "experiment_count": 10
  },
  "best_combination_by_test": {
    "parameters": {
      "DROPOUT": 0.5,
      "HIDDEN_CHANNELS": 64,
      "MAX_HOPS": 2,
      "NUM_LAYERS": 2,
      "TEMPERATURE": 0.5
    },
    "final_test_accuracy": {
      "mean": 0.5862745098039215,
      "std": 0.11713942769603015,
      "max": 0.7450980392156863
    },
    "best_test_accuracy": {
      "mean": 0.5843137254901961,
      "std": 0.11188504013872239,
      "max": 0.7058823529411765
    },
    "final_val_accuracy": {
      "mean": 0.5920000000000001,
      "std": 0.07652450587883597,
      "max": 0.72
    },
    "best_val_accuracy": {
      "mean": 0.622,
      "std": 0.09228217596047464,
      "max": 0.78
    },
    "experiment_count": 10
  },
  "top_10_combinations": [
    {
      "parameters": {
        "DROPOUT": 0.5,
        "HIDDEN_CHANNELS": 64,
        "MAX_HOPS": 2,
        "NUM_LAYERS": 2,
        "TEMPERATURE": 0.5
      },
      "final_test_accuracy": {
        "mean": 0.5862745098039215,
        "std": 0.11713942769603015,
        "max": 0.7450980392156863
      },
      "best_test_accuracy": {
        "mean": 0.5843137254901961,
        "std": 0.11188504013872239,
        "max": 0.7058823529411765
      },
      "final_val_accuracy": {
        "mean": 0.5920000000000001,
        "std": 0.07652450587883597,
        "max": 0.72
      },
      "best_val_accuracy": {
        "mean": 0.622,
        "std": 0.09228217596047464,
        "max": 0.78
      },
      "experiment_count": 10
    },
    {
      "parameters": {
        "DROPOUT": 0.5,
        "HIDDEN_CHANNELS": 64,
        "MAX_HOPS": 4,
        "NUM_LAYERS": 2,
        "TEMPERATURE": 0.5
      },
      "final_test_accuracy": {
        "mean": 0.5392156862745099,
        "std": 0.11374239225312295,
        "max": 0.7058823529411765
      },
      "best_test_accuracy": {
        "mean": 0.5450980392156863,
        "std": 0.10588235294117646,
        "max": 0.6666666666666666
      },
      "final_val_accuracy": {
        "mean": 0.536,
        "std": 0.11689311356961968,
        "max": 0.68
      },
      "best_val_accuracy": {
        "mean": 0.6140000000000001,
        "std": 0.07952358140828418,
        "max": 0.7
      },
      "experiment_count": 10
    },
    {
      "parameters": {
        "DROPOUT": 0.5,
        "HIDDEN_CHANNELS": 64,
        "MAX_HOPS": 2,
        "NUM_LAYERS": 1,
        "TEMPERATURE": 0.5
      },
      "final_test_accuracy": {
        "mean": 0.5372549019607844,
        "std": 0.10818128803242136,
        "max": 0.6862745098039216
      },
      "best_test_accuracy": {
        "mean": 0.5529411764705883,
        "std": 0.09476898802819274,
        "max": 0.7058823529411765
      },
      "final_val_accuracy": {
        "mean": 0.508,
        "std": 0.06881860213634101,
        "max": 0.62
      },
      "best_val_accuracy": {
        "mean": 0.584,
        "std": 0.10229369482035539,
        "max": 0.7
      },
      "experiment_count": 10
    },
    {
      "parameters": {
        "DROPOUT": 0.5,
        "HIDDEN_CHANNELS": 64,
        "MAX_HOPS": 3,
        "NUM_LAYERS": 3,
        "TEMPERATURE": 0.5
      },
      "final_test_accuracy": {
        "mean": 0.5352941176470589,
        "std": 0.10265600088398764,
        "max": 0.7254901960784313
      },
      "best_test_accuracy": {
        "mean": 0.5666666666666667,
        "std": 0.07039734537653429,
        "max": 0.6862745098039216
      },
      "final_val_accuracy": {
        "mean": 0.526,
        "std": 0.078,
        "max": 0.7
      },
      "best_val_accuracy": {
        "mean": 0.614,
        "std": 0.08720091742636656,
        "max": 0.74
      },
      "experiment_count": 10
    },
    {
      "parameters": {
        "DROPOUT": 0.5,
        "HIDDEN_CHANNELS": 64,
        "MAX_HOPS": 4,
        "NUM_LAYERS": 1,
        "TEMPERATURE": 0.5
      },
      "final_test_accuracy": {
        "mean": 0.5333333333333333,
        "std": 0.10330933233191758,
        "max": 0.7254901960784313
      },
      "best_test_accuracy": {
        "mean": 0.5549019607843136,
        "std": 0.09647776156974545,
        "max": 0.7058823529411765
      },
      "final_val_accuracy": {
        "mean": 0.542,
        "std": 0.0782048591840686,
        "max": 0.68
      },
      "best_val_accuracy": {
        "mean": 0.592,
        "std": 0.08818163074019439,
        "max": 0.7
      },
      "experiment_count": 10
    },
    {
      "parameters": {
        "DROPOUT": 0.5,
        "HIDDEN_CHANNELS": 64,
        "MAX_HOPS": 2,
        "NUM_LAYERS": 3,
        "TEMPERATURE": 0.5
      },
      "final_test_accuracy": {
        "mean": 0.5098039215686274,
        "std": 0.10522672835293127,
        "max": 0.6666666666666666
      },
      "best_test_accuracy": {
        "mean": 0.5607843137254902,
        "std": 0.07399200887887533,
        "max": 0.7058823529411765
      },
      "final_val_accuracy": {
        "mean": 0.5280000000000001,
        "std": 0.10166612021711068,
        "max": 0.7
      },
      "best_val_accuracy": {
        "mean": 0.6319999999999999,
        "std": 0.08953211714239756,
        "max": 0.72
      },
      "experiment_count": 10
    },
    {
      "parameters": {
        "DROPOUT": 0.5,
        "HIDDEN_CHANNELS": 64,
        "MAX_HOPS": 3,
        "NUM_LAYERS": 2,
        "TEMPERATURE": 0.5
      },
      "final_test_accuracy": {
        "mean": 0.5058823529411764,
        "std": 0.06431850771316364,
        "max": 0.5882352941176471
      },
      "best_test_accuracy": {
        "mean": 0.5215686274509804,
        "std": 0.08510797809494394,
        "max": 0.6470588235294118
      },
      "final_val_accuracy": {
        "mean": 0.48200000000000004,
        "std": 0.09008884503644166,
        "max": 0.7
      },
      "best_val_accuracy": {
        "mean": 0.506,
        "std": 0.11137324633860683,
        "max": 0.74
      },
      "experiment_count": 10
    },
    {
      "parameters": {
        "DROPOUT": 0.5,
        "HIDDEN_CHANNELS": 64,
        "MAX_HOPS": 3,
        "NUM_LAYERS": 1,
        "TEMPERATURE": 0.5
      },
      "final_test_accuracy": {
        "mean": 0.4862745098039216,
        "std": 0.06249951941376168,
        "max": 0.5882352941176471
      },
      "best_test_accuracy": {
        "mean": 0.5235294117647058,
        "std": 0.07596615932474712,
        "max": 0.6274509803921569
      },
      "final_val_accuracy": {
        "mean": 0.5279999999999999,
        "std": 0.072773621594641,
        "max": 0.64
      },
      "best_val_accuracy": {
        "mean": 0.5740000000000001,
        "std": 0.10883014288330232,
        "max": 0.72
      },
      "experiment_count": 10
    },
    {
      "parameters": {
        "DROPOUT": 0.5,
        "HIDDEN_CHANNELS": 64,
        "MAX_HOPS": 4,
        "NUM_LAYERS": 3,
        "TEMPERATURE": 0.5
      },
      "final_test_accuracy": {
        "mean": 0.4862745098039216,
        "std": 0.046234612245300365,
        "max": 0.5686274509803921
      },
      "best_test_accuracy": {
        "mean": 0.5176470588235295,
        "std": 0.13925710513384082,
        "max": 0.803921568627451
      },