{
  "experiment_info": {
    "timestamp": "2025-07-07 01:56:06",
    "dataset": "Texas",
    "model": "RGCN"
  },
  "total_combinations": 6,
  "total_experiments": 60,
  "best_combination_by_val": {
    "parameters": {
      "DROPOUT": 0.5,
      "HIDDEN_CHANNELS": 64,
      "MAX_HOPS": 2,
      "NUM_LAYERS": 1,
      "TEMPERATURE": 0.5
    },
    "final_test_accuracy": {
      "mean": 0.6289473684210527,
      "std": 0.0868421052631579,
      "max": 0.7631578947368421
    },
    "best_test_accuracy": {
      "mean": 0.6552631578947368,
      "std": 0.08191780219091253,
      "max": 0.7894736842105263
    },
    "final_val_accuracy": {
      "mean": 0.6305555555555555,
      "std": 0.09626513028424141,
      "max": 0.8055555555555556
    },
    "best_val_accuracy": {
      "mean": 0.7694444444444445,
      "std": 0.051294959201720544,
      "max": 0.8611111111111112
    },
    "experiment_count": 10
  },
  "best_combination_by_test": {
    "parameters": {
      "DROPOUT": 0.5,
      "HIDDEN_CHANNELS": 64,
      "MAX_HOPS": 4,
      "NUM_LAYERS": 2,
      "TEMPERATURE": 0.5
    },
    "final_test_accuracy": {
      "mean": 0.6684210526315789,
      "std": 0.08743814592545342,
      "max": 0.8157894736842105
    },
    "best_test_accuracy": {
      "mean": 0.6973684210526316,
      "std": 0.0825913411919748,
      "max": 0.8421052631578947
    },
    "final_val_accuracy": {
      "mean": 0.6694444444444445,
      "std": 0.06966631224435806,
      "max": 0.75
    },
    "best_val_accuracy": {
      "mean": 0.75,
      "std": 0.04648111258522644,
      "max": 0.8055555555555556
    },
    "experiment_count": 10
  },
  "top_10_combinations": [
    {
      "parameters": {
        "DROPOUT": 0.5,
        "HIDDEN_CHANNELS": 64,
        "MAX_HOPS": 4,
        "NUM_LAYERS": 2,
        "TEMPERATURE": 0.5
      },
      "final_test_accuracy": {
        "mean": 0.6684210526315789,
        "std": 0.08743814592545342,
        "max": 0.8157894736842105
      },
      "best_test_accuracy": {
        "mean": 0.6973684210526316,
        "std": 0.0825913411919748,
        "max": 0.8421052631578947
      },
      "final_val_accuracy": {
        "mean": 0.6694444444444445,
        "std": 0.06966631224435806,
        "max": 0.75
      },
      "best_val_accuracy": {
        "mean": 0.75,
        "std": 0.04648111258522644,
        "max": 0.8055555555555556
      },
      "experiment_count": 10
    },
    {
      "parameters": {
        "DROPOUT": 0.5,
        "HIDDEN_CHANNELS": 64,
        "MAX_HOPS": 3,
        "NUM_LAYERS": 1,
        "TEMPERATURE": 0.5
      },
      "final_test_accuracy": {
        "mean": 0.6552631578947369,
        "std": 0.07757580512096672,
        "max": 0.7631578947368421
      },
      "best_test_accuracy": {
        "mean": 0.6763157894736842,
        "std": 0.045656188349730197,
        "max": 0.7631578947368421
      },
      "final_val_accuracy": {
        "mean": 0.5888888888888889,
        "std": 0.10304020550550783,
        "max": 0.7222222222222222
      },
      "best_val_accuracy": {
        "mean": 0.7111111111111111,
        "std": 0.07370277311900889,
        "max": 0.8055555555555556
      },
      "experiment_count": 10
    },
    {
      "parameters": {
        "DROPOUT": 0.5,
        "HIDDEN_CHANNELS": 64,
        "MAX_HOPS": 2,
        "NUM_LAYERS": 2,
        "TEMPERATURE": 0.5
      },
      "final_test_accuracy": {
        "mean": 0.6473684210526317,
        "std": 0.07368421052631578,
        "max": 0.7631578947368421
      },
      "best_test_accuracy": {
        "mean": 0.6631578947368422,
        "std": 0.07964603131800818,
        "max": 0.7894736842105263
      },
      "final_val_accuracy": {
        "mean": 0.6527777777777778,
        "std": 0.1003466214899358,
        "max": 0.8055555555555556
      },
      "best_val_accuracy": {
        "mean": 0.7583333333333334,
        "std": 0.08429994947496401,
        "max": 0.8888888888888888
      },
      "experiment_count": 10
    },
    {
      "parameters": {
        "DROPOUT": 0.5,
        "HIDDEN_CHANNELS": 64,
        "MAX_HOPS": 2,
        "NUM_LAYERS": 1,
        "TEMPERATURE": 0.5
      },
      "final_test_accuracy": {
        "mean": 0.6289473684210527,
        "std": 0.0868421052631579,
        "max": 0.7631578947368421
      },
      "best_test_accuracy": {
        "mean": 0.6552631578947368,
        "std": 0.08191780219091253,
        "max": 0.7894736842105263
      },
      "final_val_accuracy": {
        "mean": 0.6305555555555555,
        "std": 0.09626513028424141,
        "max": 0.8055555555555556
      },
      "best_val_accuracy": {
        "mean": 0.7694444444444445,
        "std": 0.051294959201720544,
        "max": 0.8611111111111112
      },
      "experiment_count": 10
    },
    {
      "parameters": {
        "DROPOUT": 0.5,
        "HIDDEN_CHANNELS": 64,
        "MAX_HOPS": 3,
        "NUM_LAYERS": 2,
        "TEMPERATURE": 0.5
      },
      "final_test_accuracy": {
        "mean": 0.6105263157894736,
        "std": 0.06842105263157894,
        "max": 0.7105263157894737
      },
      "best_test_accuracy": {
        "mean": 0.6421052631578947,
        "std": 0.0764517844543892,
        "max": 0.7631578947368421
      },
      "final_val_accuracy": {
        "mean": 0.6833333333333333,
        "std": 0.08258927081843614,
        "max": 0.8333333333333334
      },
      "best_val_accuracy": {
        "mean": 0.7555555555555555,
        "std": 0.07737993487324511,
        "max": 0.8333333333333334
      },
      "experiment_count": 10
    },
    {
      "parameters": {
        "DROPOUT": 0.5,
        "HIDDEN_CHANNELS": 64,
        "MAX_HOPS": 4,
        "NUM_LAYERS": 1,
        "TEMPERATURE": 0.5
      },
      "final_test_accuracy": {
        "mean": 0.5684210526315789,
        "std": 0.06249653730019957,
        "max": 0.6842105263157895
      },
      "best_test_accuracy": {
        "mean": 0.6263157894736843,
        "std": 0.06942582083301535,
        "max": 0.7105263157894737
      },
      "final_val_accuracy": {
        "mean": 0.5666666666666667,
        "std": 0.08351831321318282,
        "max": 0.6388888888888888
      },
      "best_val_accuracy": {
        "mean": 0.6861111111111111,
        "std": 0.0824490115536435,
        "max": 0.8055555555555556
      },
      "experiment_count": 10
    }
  ],
  "all_combinations": [
    {
      "parameters": {
        "DROPOUT": 0.5,
        "HIDDEN_CHANNELS": 64,
        "MAX_HOPS": 4,
        "NUM_LAYERS": 2,
        "TEMPERATURE": 0.5
      },
      "final_test_accuracy": {
        "mean": 0.6684210526315789,
        "std": 0.08743814592545342,
        "max": 0.8157894736842105
      },
      "best_test_accuracy": {
        "mean": 0.6973684210526316,
        "std": 0.0825913411919748,
        "max": 0.8421052631578947
      },
      "final_val_accuracy": {
        "mean": 0.6694444444444445,
        "std": 0.06966631224435806,
        "max": 0.75
      },
      "best_val_accuracy": {
        "mean": 0.75,
        "std": 0.04648111258522644,
        "max": 0.8055555555555556
      },
      "experiment_count": 10
    },
    {
      "parameters": {
        "DROPOUT": 0.5,
        "HIDDEN_CHANNELS": 64,
        "MAX_HOPS": 3,
        "NUM_LAYERS": 1,
        "TEMPERATURE": 0.5
      },
      "final_test_accuracy": {
        "mean": 0.6552631578947369,
        "std": 0.07757580512096672,
        "max": 0.7631578947368421
      },
      "best_test_accuracy": {
        "mean": 0.6763157894736842,
        "std": 0.045656188349730197,
        "max": 0.7631578947368421
      },
      "final_val_accuracy": {
        "mean": 0.5888888888888889,
        "std": 0.10304020550550783,
        "max": 0.7222222222222222
      },
      "best_val_accuracy": {
        "mean": 0.7111111111111111,
        "std": 0.07370277311900889,
        "max": 0.8055555555555556
      },
      "experiment_count": 10
    },
    {
      "parameters": {
        "DROPOUT": 0.5,
        "HIDDEN_CHANNELS": 64,