{
  "experiment_info": {
    "timestamp": "2025-07-03 16:37:39",
    "dataset": "Texas",
    "model": "GAT"
  },
  "total_combinations": 9,
  "total_experiments": 90,
  "best_combination_by_val": {
    "parameters": {
      "DROPOUT": 0.5,
      "HIDDEN_CHANNELS": 64,
      "MAX_HOPS": 3,
      "NUM_LAYERS": 1,
      "TEMPERATURE": 0.5
    },
    "final_test_accuracy": {
      "mean": 0.4552631578947368,
      "std": 0.09418700088512254,
      "max": 0.6052631578947368
    },
    "best_test_accuracy": {
      "mean": 0.5657894736842105,
      "std": 0.07828670937180798,
      "max": 0.631578947368421
    },
    "final_val_accuracy": {
      "mean": 0.4083333333333333,
      "std": 0.11183790077331886,
      "max": 0.6666666666666666
    },
    "best_val_accuracy": {
      "mean": 0.6222222222222221,
      "std": 0.04999999999999998,
      "max": 0.6944444444444444
    },
    "experiment_count": 10
  },
  "best_combination_by_test": {
    "parameters": {
      "DROPOUT": 0.5,
      "HIDDEN_CHANNELS": 64,
      "MAX_HOPS": 4,
      "NUM_LAYERS": 2,
      "TEMPERATURE": 0.5
    },
    "final_test_accuracy": {
      "mean": 0.48684210526315785,
      "std": 0.09651116221522235,
      "max": 0.631578947368421
    },
    "best_test_accuracy": {
      "mean": 0.55,
      "std": 0.06806587977040823,
      "max": 0.6842105263157895
    },
    "final_val_accuracy": {
      "mean": 0.4527777777777778,
      "std": 0.04976798018658033,
      "max": 0.5277777777777778
    },
    "best_val_accuracy": {
      "mean": 0.5611111111111111,
      "std": 0.05665577237325316,
      "max": 0.6666666666666666
    },
    "experiment_count": 10
  },
  "top_10_combinations": [
    {
      "parameters": {
        "DROPOUT": 0.5,
        "HIDDEN_CHANNELS": 64,
        "MAX_HOPS": 4,
        "NUM_LAYERS": 2,
        "TEMPERATURE": 0.5
      },
      "final_test_accuracy": {
        "mean": 0.48684210526315785,
        "std": 0.09651116221522235,
        "max": 0.631578947368421
      },
      "best_test_accuracy": {
        "mean": 0.55,
        "std": 0.06806587977040823,
        "max": 0.6842105263157895
      },
      "final_val_accuracy": {
        "mean": 0.4527777777777778,
        "std": 0.04976798018658033,
        "max": 0.5277777777777778
      },
      "best_val_accuracy": {
        "mean": 0.5611111111111111,
        "std": 0.05665577237325316,
        "max": 0.6666666666666666
      },
      "experiment_count": 10
    },
    {
      "parameters": {
        "DROPOUT": 0.5,
        "HIDDEN_CHANNELS": 64,
        "MAX_HOPS": 3,
        "NUM_LAYERS": 2,
        "TEMPERATURE": 0.5
      },
      "final_test_accuracy": {
        "mean": 0.4842105263157895,
        "std": 0.07645178445438922,
        "max": 0.5789473684210527
      },
      "best_test_accuracy": {
        "mean": 0.55,
        "std": 0.07484980343856787,
        "max": 0.6052631578947368
      },
      "final_val_accuracy": {
        "mean": 0.4611111111111111,
        "std": 0.07973722274670736,
        "max": 0.6388888888888888
      },
      "best_val_accuracy": {
        "mean": 0.5666666666666667,
        "std": 0.08624541497922233,
        "max": 0.6944444444444444
      },
      "experiment_count": 10
    },
    {
      "parameters": {
        "DROPOUT": 0.5,
        "HIDDEN_CHANNELS": 64,
        "MAX_HOPS": 4,
        "NUM_LAYERS": 1,
        "TEMPERATURE": 0.5
      },
      "final_test_accuracy": {
        "mean": 0.4605263157894736,
        "std": 0.09359694338830915,
        "max": 0.6052631578947368
      },
      "best_test_accuracy": {
        "mean": 0.55,
        "std": 0.08106800947762823,
        "max": 0.6578947368421053
      },
      "final_val_accuracy": {
        "mean": 0.4416666666666667,
        "std": 0.07900812585182161,
        "max": 0.5277777777777778
      },
      "best_val_accuracy": {
        "mean": 0.6111111111111112,
        "std": 0.05957669608202003,
        "max": 0.6944444444444444
      },
      "experiment_count": 10
    },
    {
      "parameters": {
        "DROPOUT": 0.5,
        "HIDDEN_CHANNELS": 64,
        "MAX_HOPS": 4,
        "NUM_LAYERS": 3,
        "TEMPERATURE": 0.5
      },
      "final_test_accuracy": {
        "mean": 0.4605263157894736,
        "std": 0.12579387792333813,
        "max": 0.6842105263157895
      },
      "best_test_accuracy": {
        "mean": 0.531578947368421,
        "std": 0.08470251020753201,
        "max": 0.7105263157894737
      },
      "final_val_accuracy": {
        "mean": 0.5055555555555555,
        "std": 0.11967032904743342,
        "max": 0.7222222222222222
      },
      "best_val_accuracy": {
        "mean": 0.6,
        "std": 0.05853140973807076,
        "max": 0.7222222222222222
      },
      "experiment_count": 10
    },
    {
      "parameters": {
        "DROPOUT": 0.5,
        "HIDDEN_CHANNELS": 64,
        "MAX_HOPS": 3,
        "NUM_LAYERS": 1,
        "TEMPERATURE": 0.5
      },
      "final_test_accuracy": {
        "mean": 0.4552631578947368,
        "std": 0.09418700088512254,
        "max": 0.6052631578947368
      },
      "best_test_accuracy": {
        "mean": 0.5657894736842105,
        "std": 0.07828670937180798,
        "max": 0.631578947368421
      },
      "final_val_accuracy": {
        "mean": 0.4083333333333333,
        "std": 0.11183790077331886,
        "max": 0.6666666666666666
      },
      "best_val_accuracy": {
        "mean": 0.6222222222222221,
        "std": 0.04999999999999998,
        "max": 0.6944444444444444
      },
      "experiment_count": 10
    },
    {
      "parameters": {
        "DROPOUT": 0.5,
        "HIDDEN_CHANNELS": 64,
        "MAX_HOPS": 2,
        "NUM_LAYERS": 1,
        "TEMPERATURE": 0.5
      },
      "final_test_accuracy": {
        "mean": 0.4526315789473684,
        "std": 0.08136644649337003,
        "max": 0.5789473684210527
      },
      "best_test_accuracy": {
        "mean": 0.5736842105263158,
        "std": 0.10644078113766675,
        "max": 0.7368421052631579
      },
      "final_val_accuracy": {
        "mean": 0.4,
        "std": 0.07474235581707615,
        "max": 0.5277777777777778
      },
      "best_val_accuracy": {
        "mean": 0.5944444444444444,
        "std": 0.07576767609436585,
        "max": 0.75
      },
      "experiment_count": 10
    },
    {
      "parameters": {
        "DROPOUT": 0.5,
        "HIDDEN_CHANNELS": 64,
        "MAX_HOPS": 3,
        "NUM_LAYERS": 3,
        "TEMPERATURE": 0.5
      },
      "final_test_accuracy": {
        "mean": 0.45,
        "std": 0.1747376347477266,
        "max": 0.631578947368421
      },
      "best_test_accuracy": {
        "mean": 0.5263157894736843,
        "std": 0.06657426652986062,
        "max": 0.6052631578947368
      },
      "final_val_accuracy": {
        "mean": 0.4166666666666667,
        "std": 0.1388888888888889,
        "max": 0.6111111111111112
      },
      "best_val_accuracy": {
        "mean": 0.5472222222222222,
        "std": 0.04819264325804856,
        "max": 0.6111111111111112
      },
      "experiment_count": 10
    },
    {
      "parameters": {
        "DROPOUT": 0.5,
        "HIDDEN_CHANNELS": 64,
        "MAX_HOPS": 2,
        "NUM_LAYERS": 2,
        "TEMPERATURE": 0.5
      },
      "final_test_accuracy": {
        "mean": 0.43684210526315786,
        "std": 0.07645178445438922,
        "max": 0.6052631578947368
      },
      "best_test_accuracy": {
        "mean": 0.5105263157894736,
        "std": 0.08254940600714802,
        "max": 0.6842105263157895
      },
      "final_val_accuracy": {
        "mean": 0.46944444444444444,
        "std": 0.05335936864527374,
        "max": 0.5833333333333334
      },
      "best_val_accuracy": {
        "mean": 0.5944444444444443,
        "std": 0.043390275977259175,
        "max": 0.6944444444444444
      },
      "experiment_count": 10
    },
    {
      "parameters": {
        "DROPOUT": 0.5,
        "HIDDEN_CHANNELS": 64,
        "MAX_HOPS": 2,
        "NUM_LAYERS": 3,