{
  "experiment_info": {
    "timestamp": "2025-07-03 14:56:26",
    "dataset": "Cornell",
    "model": "GAT"
  },
  "total_combinations": 9,
  "total_experiments": 90,
  "best_combination_by_val": {
    "parameters": {
      "DROPOUT": 0.5,
      "HIDDEN_CHANNELS": 64,
      "MAX_HOPS": 3,
      "NUM_LAYERS": 2,
      "TEMPERATURE": 0.5
    },
    "final_test_accuracy": {
      "mean": 0.3026315789473684,
      "std": 0.08982130613618955,
      "max": 0.4473684210526316
    },
    "best_test_accuracy": {
      "mean": 0.4236842105263158,
      "std": 0.07105263157894737,
      "max": 0.5789473684210527
    },
    "final_val_accuracy": {
      "mean": 0.3305555555555556,
      "std": 0.14981985066846445,
      "max": 0.6388888888888888
    },
    "best_val_accuracy": {
      "mean": 0.525,
      "std": 0.06626033578820312,
      "max": 0.6388888888888888
    },
    "experiment_count": 10
  },
  "best_combination_by_test": {
    "parameters": {
      "DROPOUT": 0.5,
      "HIDDEN_CHANNELS": 64,
      "MAX_HOPS": 4,
      "NUM_LAYERS": 2,
      "TEMPERATURE": 0.5
    },
    "final_test_accuracy": {
      "mean": 0.41578947368421043,
      "std": 0.06636589585746575,
      "max": 0.5263157894736842
    },
    "best_test_accuracy": {
      "mean": 0.4052631578947368,
      "std": 0.09281680046604418,
      "max": 0.5263157894736842
    },
    "final_val_accuracy": {
      "mean": 0.39166666666666666,
      "std": 0.10861785997787306,
      "max": 0.5277777777777778
    },
    "best_val_accuracy": {
      "mean": 0.47777777777777775,
      "std": 0.042673031932603384,
      "max": 0.5555555555555556
    },
    "experiment_count": 10
  },
  "top_10_combinations": [
    {
      "parameters": {
        "DROPOUT": 0.5,
        "HIDDEN_CHANNELS": 64,
        "MAX_HOPS": 4,
        "NUM_LAYERS": 2,
        "TEMPERATURE": 0.5
      },
      "final_test_accuracy": {
        "mean": 0.41578947368421043,
        "std": 0.06636589585746575,
        "max": 0.5263157894736842
      },
      "best_test_accuracy": {
        "mean": 0.4052631578947368,
        "std": 0.09281680046604418,
        "max": 0.5263157894736842
      },
      "final_val_accuracy": {
        "mean": 0.39166666666666666,
        "std": 0.10861785997787306,
        "max": 0.5277777777777778
      },
      "best_val_accuracy": {
        "mean": 0.47777777777777775,
        "std": 0.042673031932603384,
        "max": 0.5555555555555556
      },
      "experiment_count": 10
    },
    {
      "parameters": {
        "DROPOUT": 0.5,
        "HIDDEN_CHANNELS": 64,
        "MAX_HOPS": 4,
        "NUM_LAYERS": 1,
        "TEMPERATURE": 0.5
      },
      "final_test_accuracy": {
        "mean": 0.4052631578947368,
        "std": 0.07645178445438922,
        "max": 0.5526315789473685
      },
      "best_test_accuracy": {
        "mean": 0.42894736842105263,
        "std": 0.07986311002891326,
        "max": 0.5263157894736842
      },
      "final_val_accuracy": {
        "mean": 0.3944444444444445,
        "std": 0.07222222222222222,
        "max": 0.4722222222222222
      },
      "best_val_accuracy": {
        "mean": 0.4916666666666667,
        "std": 0.06579288490181674,
        "max": 0.6111111111111112
      },
      "experiment_count": 10
    },
    {
      "parameters": {
        "DROPOUT": 0.5,
        "HIDDEN_CHANNELS": 64,
        "MAX_HOPS": 3,
        "NUM_LAYERS": 1,
        "TEMPERATURE": 0.5
      },
      "final_test_accuracy": {
        "mean": 0.4,
        "std": 0.07517293082676683,
        "max": 0.5263157894736842
      },
      "best_test_accuracy": {
        "mean": 0.41578947368421054,
        "std": 0.049652532273982114,
        "max": 0.5263157894736842
      },
      "final_val_accuracy": {
        "mean": 0.4055555555555556,
        "std": 0.09060836905722273,
        "max": 0.6111111111111112
      },
      "best_val_accuracy": {
        "mean": 0.5222222222222223,
        "std": 0.07432826755699806,
        "max": 0.6666666666666666
      },
      "experiment_count": 10
    },
    {
      "parameters": {
        "DROPOUT": 0.5,
        "HIDDEN_CHANNELS": 64,
        "MAX_HOPS": 2,
        "NUM_LAYERS": 1,
        "TEMPERATURE": 0.5
      },
      "final_test_accuracy": {
        "mean": 0.39473684210526316,
        "std": 0.07254762501100116,
        "max": 0.47368421052631576
      },
      "best_test_accuracy": {
        "mean": 0.4078947368421052,
        "std": 0.0842516347030638,
        "max": 0.5
      },
      "final_val_accuracy": {
        "mean": 0.3277777777777778,
        "std": 0.08031573497111642,
        "max": 0.4444444444444444
      },
      "best_val_accuracy": {
        "mean": 0.4944444444444446,
        "std": 0.06309898162000306,
        "max": 0.6111111111111112
      },
      "experiment_count": 10
    },
    {
      "parameters": {
        "DROPOUT": 0.5,
        "HIDDEN_CHANNELS": 64,
        "MAX_HOPS": 3,
        "NUM_LAYERS": 3,
        "TEMPERATURE": 0.5
      },
      "final_test_accuracy": {
        "mean": 0.3789473684210526,
        "std": 0.1408325069501016,
        "max": 0.5789473684210527
      },
      "best_test_accuracy": {
        "mean": 0.4394736842105263,
        "std": 0.0888912934423923,
        "max": 0.5789473684210527
      },
      "final_val_accuracy": {
        "mean": 0.4,
        "std": 0.1010744744370014,
        "max": 0.5833333333333334
      },
      "best_val_accuracy": {
        "mean": 0.475,
        "std": 0.08093779046851926,
        "max": 0.6111111111111112
      },
      "experiment_count": 10
    },
    {
      "parameters": {
        "DROPOUT": 0.5,
        "HIDDEN_CHANNELS": 64,
        "MAX_HOPS": 2,
        "NUM_LAYERS": 3,
        "TEMPERATURE": 0.5
      },
      "final_test_accuracy": {
        "mean": 0.35,
        "std": 0.14607041143555702,
        "max": 0.5789473684210527
      },
      "best_test_accuracy": {
        "mean": 0.45,
        "std": 0.056990546915020306,
        "max": 0.5789473684210527
      },
      "final_val_accuracy": {
        "mean": 0.32777777777777783,
        "std": 0.1382206144958303,
        "max": 0.5277777777777778
      },
      "best_val_accuracy": {
        "mean": 0.44722222222222224,
        "std": 0.05038432540893627,
        "max": 0.5277777777777778
      },
      "experiment_count": 10
    },
    {
      "parameters": {
        "DROPOUT": 0.5,
        "HIDDEN_CHANNELS": 64,
        "MAX_HOPS": 3,
        "NUM_LAYERS": 2,
        "TEMPERATURE": 0.5
      },
      "final_test_accuracy": {
        "mean": 0.3026315789473684,
        "std": 0.08982130613618955,
        "max": 0.4473684210526316
      },
      "best_test_accuracy": {
        "mean": 0.4236842105263158,
        "std": 0.07105263157894737,
        "max": 0.5789473684210527
      },
      "final_val_accuracy": {
        "mean": 0.3305555555555556,
        "std": 0.14981985066846445,
        "max": 0.6388888888888888
      },
      "best_val_accuracy": {
        "mean": 0.525,
        "std": 0.06626033578820312,
        "max": 0.6388888888888888
      },
      "experiment_count": 10
    },
    {
      "parameters": {
        "DROPOUT": 0.5,
        "HIDDEN_CHANNELS": 64,
        "MAX_HOPS": 2,
        "NUM_LAYERS": 2,
        "TEMPERATURE": 0.5
      },
      "final_test_accuracy": {
        "mean": 0.30263157894736836,
        "std": 0.12187932817799378,
        "max": 0.47368421052631576
      },
      "best_test_accuracy": {
        "mean": 0.43684210526315786,
        "std": 0.10000000000000002,
        "max": 0.6578947368421053
      },
      "final_val_accuracy": {
        "mean": 0.24722222222222218,
        "std": 0.12635072683937956,
        "max": 0.4722222222222222
      },
      "best_val_accuracy": {
        "mean": 0.4444444444444445,
        "std": 0.08146043499230655,
        "max": 0.5555555555555556
      },
      "experiment_count": 10
    },
    {
      "parameters": {
        "DROPOUT": 0.5,
        "HIDDEN_CHANNELS": 64,
        "MAX_HOPS": 4,
        "NUM_LAYERS": 3,