{
  "experiment_info": {
    "timestamp": "2025-07-05 10:48:26",
    "dataset": "Cora",
    "model": "MLP"
  },
  "total_experiments": 60,
  "final_results": {
    "train": {
      "mean": 0.980316091954023,
      "std": 0.0023847536328345594
    },
    "val": {
      "mean": 0.5363216266173754,
      "std": 0.0173523564375698
    },
    "test": {
      "mean": 0.5343155310006139,
      "std": 0.015939921293669713
    }
  },
  "best_results": {
    "val": {
      "mean": 0.5789895255699323,
      "std": 0.017116246965200158
    },
    "test": {
      "mean": 0.5726212400245548,
      "std": 0.01886160797593136
    }
  },
  "early_stopping": {
    "early_stopped_experiments": 60,
    "early_stopping_rate": 1.0,
    "average_stopping_epoch": 68.61666666666666,
    "stopping_epoch_std": 3.7107576345299385,
    "stopping_epoch_range": [
      61,
      82
    ]
  },
  "feature_modification": {
    "modifications_applied": 1,
    "modification_types": [
      "missingness"
    ]
  }
}