{
  "experiment_info": {
    "timestamp": "2025-07-05 10:48:26",
    "dataset": "Cora",
    "model": "MLP"
  },
  "total_combinations": 6,
  "total_experiments": 60,
  "best_combination_by_val": {
    "parameters": {
      "DROPOUT": 0.5,
      "HIDDEN_CHANNELS": 64,
      "MAX_HOPS": 2,
      "NUM_LAYERS": 2,
      "TEMPERATURE": 0.5
    },
    "final_test_accuracy": {
      "mean": 0.5370165745856355,
      "std": 0.025520901954062612,
      "max": 0.583793738489871
    },
    "best_test_accuracy": {
      "mean": 0.5740331491712707,
      "std": 0.0222226461639947,
      "max": 0.6169429097605893
    },
    "final_val_accuracy": {
      "mean": 0.5415896487985212,
      "std": 0.013532721048224124,
      "max": 0.5619223659889094
    },
    "best_val_accuracy": {
      "mean": 0.5853974121996303,
      "std": 0.01837397768276604,
      "max": 0.6210720887245841
    },
    "experiment_count": 10
  },
  "best_combination_by_test": {
    "parameters": {
      "DROPOUT": 0.5,
      "HIDDEN_CHANNELS": 64,
      "MAX_HOPS": 2,
      "NUM_LAYERS": 2,
      "TEMPERATURE": 0.5
    },
    "final_test_accuracy": {
      "mean": 0.5370165745856355,
      "std": 0.025520901954062612,
      "max": 0.583793738489871
    },
    "best_test_accuracy": {
      "mean": 0.5740331491712707,
      "std": 0.0222226461639947,
      "max": 0.6169429097605893
    },
    "final_val_accuracy": {
      "mean": 0.5415896487985212,
      "std": 0.013532721048224124,
      "max": 0.5619223659889094
    },
    "best_val_accuracy": {
      "mean": 0.5853974121996303,
      "std": 0.01837397768276604,
      "max": 0.6210720887245841
    },
    "experiment_count": 10
  },
  "top_10_combinations": [
    {
      "parameters": {
        "DROPOUT": 0.5,
        "HIDDEN_CHANNELS": 64,
        "MAX_HOPS": 2,
        "NUM_LAYERS": 2,
        "TEMPERATURE": 0.5
      },
      "final_test_accuracy": {
        "mean": 0.5370165745856355,
        "std": 0.025520901954062612,
        "max": 0.583793738489871
      },
      "best_test_accuracy": {
        "mean": 0.5740331491712707,
        "std": 0.0222226461639947,
        "max": 0.6169429097605893
      },
      "final_val_accuracy": {
        "mean": 0.5415896487985212,
        "std": 0.013532721048224124,
        "max": 0.5619223659889094
      },
      "best_val_accuracy": {
        "mean": 0.5853974121996303,
        "std": 0.01837397768276604,
        "max": 0.6210720887245841
      },
      "experiment_count": 10
    },
    {
      "parameters": {
        "DROPOUT": 0.5,
        "HIDDEN_CHANNELS": 64,
        "MAX_HOPS": 3,
        "NUM_LAYERS": 1,
        "TEMPERATURE": 0.5
      },
      "final_test_accuracy": {
        "mean": 0.5353591160220995,
        "std": 0.016575608726353296,
        "max": 0.5543278084714549
      },
      "best_test_accuracy": {
        "mean": 0.5683241252302026,
        "std": 0.016059100815168807,
        "max": 0.5893186003683242
      },
      "final_val_accuracy": {
        "mean": 0.5345656192236599,
        "std": 0.019505960751605052,
        "max": 0.5674676524953789
      },
      "best_val_accuracy": {
        "mean": 0.5706099815157117,
        "std": 0.015017844433973849,
        "max": 0.589648798521257
      },
      "experiment_count": 10
    },
    {
      "parameters": {
        "DROPOUT": 0.5,
        "HIDDEN_CHANNELS": 64,
        "MAX_HOPS": 4,
        "NUM_LAYERS": 2,
        "TEMPERATURE": 0.5
      },
      "final_test_accuracy": {
        "mean": 0.534806629834254,
        "std": 0.006547472867267475,
        "max": 0.5488029465930019
      },
      "best_test_accuracy": {
        "mean": 0.5766114180478821,
        "std": 0.021117695970846836,
        "max": 0.6187845303867403
      },
      "final_val_accuracy": {
        "mean": 0.5367837338262477,
        "std": 0.01033137790202004,
        "max": 0.5489833641404805
      },
      "best_val_accuracy": {
        "mean": 0.5829944547134935,
        "std": 0.013436437593631242,
        "max": 0.6025878003696857
      },
      "experiment_count": 10
    },
    {
      "parameters": {
        "DROPOUT": 0.5,
        "HIDDEN_CHANNELS": 64,
        "MAX_HOPS": 4,
        "NUM_LAYERS": 1,
        "TEMPERATURE": 0.5
      },
      "final_test_accuracy": {
        "mean": 0.5338858195211785,
        "std": 0.01052949713364481,
        "max": 0.5488029465930019
      },
      "best_test_accuracy": {
        "mean": 0.5721915285451198,
        "std": 0.016879736497977513,
        "max": 0.5966850828729282
      },
      "final_val_accuracy": {
        "mean": 0.5364140480591497,
        "std": 0.01803142092163727,
        "max": 0.5600739371534196
      },
      "best_val_accuracy": {
        "mean": 0.5811460258780037,
        "std": 0.015579524958007736,
        "max": 0.6136783733826248
      },
      "experiment_count": 10
    },
    {
      "parameters": {
        "DROPOUT": 0.5,
        "HIDDEN_CHANNELS": 64,
        "MAX_HOPS": 2,
        "NUM_LAYERS": 1,
        "TEMPERATURE": 0.5
      },
      "final_test_accuracy": {
        "mean": 0.532596685082873,
        "std": 0.01172868016802257,
        "max": 0.5506445672191529
      },
      "best_test_accuracy": {
        "mean": 0.569244935543278,
        "std": 0.01704767831737422,
        "max": 0.5893186003683242
      },
      "final_val_accuracy": {
        "mean": 0.5279112754158964,
        "std": 0.01761737901285597,
        "max": 0.5582255083179297
      },
      "best_val_accuracy": {
        "mean": 0.5724584103512014,
        "std": 0.011721137791118438,
        "max": 0.5859519408502772
      },
      "experiment_count": 10
    },
    {
      "parameters": {
        "DROPOUT": 0.5,
        "HIDDEN_CHANNELS": 64,
        "MAX_HOPS": 3,
        "NUM_LAYERS": 2,
        "TEMPERATURE": 0.5
      },
      "final_test_accuracy": {
        "mean": 0.5322283609576426,
        "std": 0.017058616835225644,
        "max": 0.5598526703499079
      },
      "best_test_accuracy": {
        "mean": 0.5753222836095764,
        "std": 0.01749442664756967,
        "max": 0.6040515653775322
      },
      "final_val_accuracy": {
        "mean": 0.5406654343807764,
        "std": 0.01949632450067374,
        "max": 0.5878003696857671
      },
      "best_val_accuracy": {
        "mean": 0.5813308687615526,
        "std": 0.021305096922773423,
        "max": 0.6210720887245841
      },
      "experiment_count": 10
    }
  ],
  "all_combinations": [
    {
      "parameters": {
        "DROPOUT": 0.5,
        "HIDDEN_CHANNELS": 64,
        "MAX_HOPS": 2,
        "NUM_LAYERS": 2,
        "TEMPERATURE": 0.5
      },
      "final_test_accuracy": {
        "mean": 0.5370165745856355,
        "std": 0.025520901954062612,
        "max": 0.583793738489871
      },
      "best_test_accuracy": {
        "mean": 0.5740331491712707,
        "std": 0.0222226461639947,
        "max": 0.6169429097605893
      },
      "final_val_accuracy": {
        "mean": 0.5415896487985212,
        "std": 0.013532721048224124,
        "max": 0.5619223659889094
      },
      "best_val_accuracy": {
        "mean": 0.5853974121996303,
        "std": 0.01837397768276604,
        "max": 0.6210720887245841
      },
      "experiment_count": 10
    },
    {
      "parameters": {
        "DROPOUT": 0.5,
        "HIDDEN_CHANNELS": 64,
        "MAX_HOPS": 3,
        "NUM_LAYERS": 1,
        "TEMPERATURE": 0.5
      },
      "final_test_accuracy": {
        "mean": 0.5353591160220995,
        "std": 0.016575608726353296,
        "max": 0.5543278084714549
      },
      "best_test_accuracy": {
        "mean": 0.5683241252302026,
        "std": 0.016059100815168807,
        "max": 0.5893186003683242
      },
      "final_val_accuracy": {
        "mean": 0.5345656192236599,
        "std": 0.019505960751605052,
        "max": 0.5674676524953789
      },
      "best_val_accuracy": {
        "mean": 0.5706099815157117,
        "std": 0.015017844433973849,
        "max": 0.589648798521257
      },