{
  "experiment_info": {
    "timestamp": "2025-07-05 12:29:20",
    "dataset": "Wisconsin",
    "model": "RobustH2GCN"
  },
  "total_experiments": 60,
  "final_results": {
    "train": {
      "mean": 1.0,
      "std": 0.0
    },
    "val": {
      "mean": 0.6956666666666665,
      "std": 0.05538852669000042
    },
    "test": {
      "mean": 0.6983660130718954,
      "std": 0.06621256983601337
    }
  },
  "best_results": {
    "val": {
      "mean": 0.7443333333333334,
      "std": 0.0533031164400565
    },
    "test": {
      "mean": 0.6950980392156864,
      "std": 0.06497517738945373
    }
  },
  "early_stopping": {
    "early_stopped_experiments": 60,
    "early_stopping_rate": 1.0,
    "average_stopping_epoch": 67.78333333333333,
    "stopping_epoch_std": 17.10954087311781,
    "stopping_epoch_range": [
      52,
      131
    ]
  },
  "feature_modification": {
    "modifications_applied": 1,
    "modification_types": [
      "missingness"
    ]
  }
}