{
  "experiment_info": {
    "timestamp": "2025-07-05 21:03:39",
    "dataset": "Chameleon",
    "model": "RGCN"
  },
  "total_experiments": 60,
  "final_results": {
    "train": {
      "mean": 0.2388116154221572,
      "std": 0.013581121399160385
    },
    "val": {
      "mean": 0.23897435897435895,
      "std": 0.018764592107079807
    },
    "test": {
      "mean": 0.2345394736842105,
      "std": 0.019860016069440746
    }
  },
  "best_results": {
    "val": {
      "mean": 0.25688644688644685,
      "std": 0.01930270863134623
    },
    "test": {
      "mean": 0.23366228070175438,
      "std": 0.02384013340692018
    }
  },
  "early_stopping": {
    "early_stopped_experiments": 60,
    "early_stopping_rate": 1.0,
    "average_stopping_epoch": 80.9,
    "stopping_epoch_std": 38.36174309560677,
    "stopping_epoch_range": [
      51,
      201
    ]
  },
  "feature_modification": {
    "modifications_applied": 1,
    "modification_types": [
      "missingness"
    ]
  }
}