{
  "experiment_info": {
    "timestamp": "2025-07-05 12:16:15",
    "dataset": "Texas",
    "model": "H2GCN"
  },
  "total_experiments": 60,
  "final_results": {
    "train": {
      "mean": 0.5460244648318043,
      "std": 0.027033967784128855
    },
    "val": {
      "mean": 0.5717592592592594,
      "std": 0.0733690405959477
    },
    "test": {
      "mean": 0.55,
      "std": 0.05878502079918074
    }
  },
  "best_results": {
    "val": {
      "mean": 0.5717592592592594,
      "std": 0.0733690405959477
    },
    "test": {
      "mean": 0.55,
      "std": 0.05878502079918074
    }
  },
  "early_stopping": {
    "early_stopped_experiments": 60,
    "early_stopping_rate": 1.0,
    "average_stopping_epoch": 52.38333333333333,
    "stopping_epoch_std": 2.5890259858787736,
    "stopping_epoch_range": [
      50,
      62
    ]
  },
  "feature_modification": {
    "modifications_applied": 1,
    "modification_types": [
      "missingness"
    ]
  }
}