{
  "experiment_info": {
    "timestamp": "2025-07-07 01:46:52",
    "dataset": "Cornell",
    "model": "GAT"
  },
  "total_combinations": 6,
  "total_experiments": 60,
  "best_combination_by_val": {
    "parameters": {
      "DROPOUT": 0.5,
      "HIDDEN_CHANNELS": 64,
      "MAX_HOPS": 3,
      "NUM_LAYERS": 1,
      "TEMPERATURE": 0.5
    },
    "final_test_accuracy": {
      "mean": 0.3578947368421052,
      "std": 0.07554052681267014,
      "max": 0.47368421052631576
    },
    "best_test_accuracy": {
      "mean": 0.4184210526315789,
      "std": 0.10086193629861473,
      "max": 0.6052631578947368
    },
    "final_val_accuracy": {
      "mean": 0.4166666666666667,
      "std": 0.06573421981221797,
      "max": 0.5277777777777778
    },
    "best_val_accuracy": {
      "mean": 0.5111111111111112,
      "std": 0.05983516452371672,
      "max": 0.6388888888888888
    },
    "experiment_count": 10
  },
  "best_combination_by_test": {
    "parameters": {
      "DROPOUT": 0.5,
      "HIDDEN_CHANNELS": 64,
      "MAX_HOPS": 4,
      "NUM_LAYERS": 2,
      "TEMPERATURE": 0.5
    },
    "final_test_accuracy": {
      "mean": 0.39736842105263154,
      "std": 0.06599966423149711,
      "max": 0.5
    },
    "best_test_accuracy": {
      "mean": 0.4421052631578948,
      "std": 0.054948981625845,
      "max": 0.5263157894736842
    },
    "final_val_accuracy": {
      "mean": 0.39722222222222225,
      "std": 0.08150778195067339,
      "max": 0.5277777777777778
    },
    "best_val_accuracy": {
      "mean": 0.5083333333333333,
      "std": 0.0373711779085381,
      "max": 0.5555555555555556
    },
    "experiment_count": 10
  },
  "top_10_combinations": [
    {
      "parameters": {
        "DROPOUT": 0.5,
        "HIDDEN_CHANNELS": 64,
        "MAX_HOPS": 4,
        "NUM_LAYERS": 2,
        "TEMPERATURE": 0.5
      },
      "final_test_accuracy": {
        "mean": 0.39736842105263154,
        "std": 0.06599966423149711,
        "max": 0.5
      },
      "best_test_accuracy": {
        "mean": 0.4421052631578948,
        "std": 0.054948981625845,
        "max": 0.5263157894736842
      },
      "final_val_accuracy": {
        "mean": 0.39722222222222225,
        "std": 0.08150778195067339,
        "max": 0.5277777777777778
      },
      "best_val_accuracy": {
        "mean": 0.5083333333333333,
        "std": 0.0373711779085381,
        "max": 0.5555555555555556
      },
      "experiment_count": 10
    },
    {
      "parameters": {
        "DROPOUT": 0.5,
        "HIDDEN_CHANNELS": 64,
        "MAX_HOPS": 2,
        "NUM_LAYERS": 2,
        "TEMPERATURE": 0.5
      },
      "final_test_accuracy": {
        "mean": 0.3763157894736842,
        "std": 0.0888912934423923,
        "max": 0.5526315789473685
      },
      "best_test_accuracy": {
        "mean": 0.45,
        "std": 0.07007119450365447,
        "max": 0.5526315789473685
      },
      "final_val_accuracy": {
        "mean": 0.3694444444444444,
        "std": 0.07762882562490067,
        "max": 0.5277777777777778
      },
      "best_val_accuracy": {
        "mean": 0.47222222222222215,
        "std": 0.052704627669473,
        "max": 0.6111111111111112
      },
      "experiment_count": 10
    },
    {
      "parameters": {
        "DROPOUT": 0.5,
        "HIDDEN_CHANNELS": 64,
        "MAX_HOPS": 2,
        "NUM_LAYERS": 1,
        "TEMPERATURE": 0.5
      },
      "final_test_accuracy": {
        "mean": 0.3657894736842105,
        "std": 0.08020921396909564,
        "max": 0.5
      },
      "best_test_accuracy": {
        "mean": 0.4052631578947369,
        "std": 0.057894736842105256,
        "max": 0.47368421052631576
      },
      "final_val_accuracy": {
        "mean": 0.3861111111111112,
        "std": 0.06966631224435808,
        "max": 0.5555555555555556
      },
      "best_val_accuracy": {
        "mean": 0.4805555555555555,
        "std": 0.05562495665139108,
        "max": 0.5833333333333334
      },
      "experiment_count": 10
    },
    {
      "parameters": {
        "DROPOUT": 0.5,
        "HIDDEN_CHANNELS": 64,
        "MAX_HOPS": 4,
        "NUM_LAYERS": 1,
        "TEMPERATURE": 0.5
      },
      "final_test_accuracy": {
        "mean": 0.3605263157894737,
        "std": 0.09344884686613,
        "max": 0.5263157894736842
      },
      "best_test_accuracy": {
        "mean": 0.386842105263158,
        "std": 0.08490666213106146,
        "max": 0.5
      },
      "final_val_accuracy": {
        "mean": 0.38055555555555554,
        "std": 0.043122707489611174,
        "max": 0.4444444444444444
      },
      "best_val_accuracy": {
        "mean": 0.48611111111111116,
        "std": 0.04689428615592815,
        "max": 0.5277777777777778
      },
      "experiment_count": 10
    },
    {
      "parameters": {
        "DROPOUT": 0.5,
        "HIDDEN_CHANNELS": 64,
        "MAX_HOPS": 3,
        "NUM_LAYERS": 2,
        "TEMPERATURE": 0.5
      },
      "final_test_accuracy": {
        "mean": 0.35789473684210527,
        "std": 0.062496537300199564,
        "max": 0.4473684210526316
      },
      "best_test_accuracy": {
        "mean": 0.39736842105263154,
        "std": 0.049161951821761585,
        "max": 0.47368421052631576
      },
      "final_val_accuracy": {
        "mean": 0.35000000000000003,
        "std": 0.0787635937708768,
        "max": 0.5
      },
      "best_val_accuracy": {
        "mean": 0.44722222222222224,
        "std": 0.05617707893376857,
        "max": 0.5277777777777778
      },
      "experiment_count": 10
    },
    {
      "parameters": {
        "DROPOUT": 0.5,
        "HIDDEN_CHANNELS": 64,
        "MAX_HOPS": 3,
        "NUM_LAYERS": 1,
        "TEMPERATURE": 0.5
      },
      "final_test_accuracy": {
        "mean": 0.3578947368421052,
        "std": 0.07554052681267014,
        "max": 0.47368421052631576
      },
      "best_test_accuracy": {
        "mean": 0.4184210526315789,
        "std": 0.10086193629861473,
        "max": 0.6052631578947368
      },
      "final_val_accuracy": {
        "mean": 0.4166666666666667,
        "std": 0.06573421981221797,
        "max": 0.5277777777777778
      },
      "best_val_accuracy": {
        "mean": 0.5111111111111112,
        "std": 0.05983516452371672,
        "max": 0.6388888888888888
      },
      "experiment_count": 10
    }
  ],
  "all_combinations": [
    {
      "parameters": {
        "DROPOUT": 0.5,
        "HIDDEN_CHANNELS": 64,
        "MAX_HOPS": 4,
        "NUM_LAYERS": 2,
        "TEMPERATURE": 0.5
      },
      "final_test_accuracy": {
        "mean": 0.39736842105263154,
        "std": 0.06599966423149711,
        "max": 0.5
      },
      "best_test_accuracy": {
        "mean": 0.4421052631578948,
        "std": 0.054948981625845,
        "max": 0.5263157894736842
      },
      "final_val_accuracy": {
        "mean": 0.39722222222222225,
        "std": 0.08150778195067339,
        "max": 0.5277777777777778
      },
      "best_val_accuracy": {
        "mean": 0.5083333333333333,
        "std": 0.0373711779085381,
        "max": 0.5555555555555556
      },
      "experiment_count": 10
    },
    {
      "parameters": {
        "DROPOUT": 0.5,
        "HIDDEN_CHANNELS": 64,
        "MAX_HOPS": 2,
        "NUM_LAYERS": 2,
        "TEMPERATURE": 0.5
      },
      "final_test_accuracy": {
        "mean": 0.3763157894736842,
        "std": 0.0888912934423923,
        "max": 0.5526315789473685
      },
      "best_test_accuracy": {
        "mean": 0.45,
        "std": 0.07007119450365447,
        "max": 0.5526315789473685
      },
      "final_val_accuracy": {
        "mean": 0.3694444444444444,
        "std": 0.07762882562490067,
        "max": 0.5277777777777778
      },
      "best_val_accuracy": {
        "mean": 0.47222222222222215,
        "std": 0.052704627669473,
        "max": 0.6111111111111112
      },
      "experiment_count": 10
    },
    {
      "parameters": {
        "DROPOUT": 0.5,
        "HIDDEN_CHANNELS": 64,
        "MAX_HOPS": 2,