{
  "experiment_info": {
    "timestamp": "2025-07-07 01:23:16",
    "dataset": "Texas",
    "model": "GAT"
  },
  "total_combinations": 6,
  "total_experiments": 60,
  "best_combination_by_val": {
    "parameters": {
      "DROPOUT": 0.5,
      "HIDDEN_CHANNELS": 64,
      "MAX_HOPS": 2,
      "NUM_LAYERS": 1,
      "TEMPERATURE": 0.5
    },
    "final_test_accuracy": {
      "mean": 0.5842105263157895,
      "std": 0.07517293082676685,
      "max": 0.7368421052631579
    },
    "best_test_accuracy": {
      "mean": 0.6263157894736842,
      "std": 0.05860804592452653,
      "max": 0.7368421052631579
    },
    "final_val_accuracy": {
      "mean": 0.6083333333333334,
      "std": 0.05886005583449191,
      "max": 0.75
    },
    "best_val_accuracy": {
      "mean": 0.7083333333333334,
      "std": 0.06484787516627084,
      "max": 0.8055555555555556
    },
    "experiment_count": 10
  },
  "best_combination_by_test": {
    "parameters": {
      "DROPOUT": 0.5,
      "HIDDEN_CHANNELS": 64,
      "MAX_HOPS": 3,
      "NUM_LAYERS": 1,
      "TEMPERATURE": 0.5
    },
    "final_test_accuracy": {
      "mean": 0.6078947368421053,
      "std": 0.051902849798200035,
      "max": 0.7368421052631579
    },
    "best_test_accuracy": {
      "mean": 0.5868421052631578,
      "std": 0.047148612808339256,
      "max": 0.6578947368421053
    },
    "final_val_accuracy": {
      "mean": 0.611111111111111,
      "std": 0.05555555555555553,
      "max": 0.7222222222222222
    },
    "best_val_accuracy": {
      "mean": 0.7,
      "std": 0.05386310952684809,
      "max": 0.8055555555555556
    },
    "experiment_count": 10
  },
  "top_10_combinations": [
    {
      "parameters": {
        "DROPOUT": 0.5,
        "HIDDEN_CHANNELS": 64,
        "MAX_HOPS": 3,
        "NUM_LAYERS": 1,
        "TEMPERATURE": 0.5
      },
      "final_test_accuracy": {
        "mean": 0.6078947368421053,
        "std": 0.051902849798200035,
        "max": 0.7368421052631579
      },
      "best_test_accuracy": {
        "mean": 0.5868421052631578,
        "std": 0.047148612808339256,
        "max": 0.6578947368421053
      },
      "final_val_accuracy": {
        "mean": 0.611111111111111,
        "std": 0.05555555555555553,
        "max": 0.7222222222222222
      },
      "best_val_accuracy": {
        "mean": 0.7,
        "std": 0.05386310952684809,
        "max": 0.8055555555555556
      },
      "experiment_count": 10
    },
    {
      "parameters": {
        "DROPOUT": 0.5,
        "HIDDEN_CHANNELS": 64,
        "MAX_HOPS": 2,
        "NUM_LAYERS": 1,
        "TEMPERATURE": 0.5
      },
      "final_test_accuracy": {
        "mean": 0.5842105263157895,
        "std": 0.07517293082676685,
        "max": 0.7368421052631579
      },
      "best_test_accuracy": {
        "mean": 0.6263157894736842,
        "std": 0.05860804592452653,
        "max": 0.7368421052631579
      },
      "final_val_accuracy": {
        "mean": 0.6083333333333334,
        "std": 0.05886005583449191,
        "max": 0.75
      },
      "best_val_accuracy": {
        "mean": 0.7083333333333334,
        "std": 0.06484787516627084,
        "max": 0.8055555555555556
      },
      "experiment_count": 10
    },
    {
      "parameters": {
        "DROPOUT": 0.5,
        "HIDDEN_CHANNELS": 64,
        "MAX_HOPS": 4,
        "NUM_LAYERS": 1,
        "TEMPERATURE": 0.5
      },
      "final_test_accuracy": {
        "mean": 0.5657894736842105,
        "std": 0.10343812635280815,
        "max": 0.7894736842105263
      },
      "best_test_accuracy": {
        "mean": 0.581578947368421,
        "std": 0.07846342903092408,
        "max": 0.7105263157894737
      },
      "final_val_accuracy": {
        "mean": 0.5944444444444444,
        "std": 0.08888888888888888,
        "max": 0.7222222222222222
      },
      "best_val_accuracy": {
        "mean": 0.663888888888889,
        "std": 0.06854979266251703,
        "max": 0.75
      },
      "experiment_count": 10
    },
    {
      "parameters": {
        "DROPOUT": 0.5,
        "HIDDEN_CHANNELS": 64,
        "MAX_HOPS": 2,
        "NUM_LAYERS": 2,
        "TEMPERATURE": 0.5
      },
      "final_test_accuracy": {
        "mean": 0.5552631578947369,
        "std": 0.07007119450365448,
        "max": 0.6842105263157895
      },
      "best_test_accuracy": {
        "mean": 0.5631578947368422,
        "std": 0.07461814146714646,
        "max": 0.6842105263157895
      },
      "final_val_accuracy": {
        "mean": 0.5611111111111112,
        "std": 0.09111788592698178,
        "max": 0.6944444444444444
      },
      "best_val_accuracy": {
        "mean": 0.5833333333333333,
        "std": 0.07757911135427187,
        "max": 0.6944444444444444
      },
      "experiment_count": 10
    },
    {
      "parameters": {
        "DROPOUT": 0.5,
        "HIDDEN_CHANNELS": 64,
        "MAX_HOPS": 4,
        "NUM_LAYERS": 2,
        "TEMPERATURE": 0.5
      },
      "final_test_accuracy": {
        "mean": 0.4236842105263158,
        "std": 0.20902424676116413,
        "max": 0.6578947368421053
      },
      "best_test_accuracy": {
        "mean": 0.5684210526315789,
        "std": 0.10989796325168999,
        "max": 0.7368421052631579
      },
      "final_val_accuracy": {
        "mean": 0.4222222222222222,
        "std": 0.20890661863292406,
        "max": 0.6111111111111112
      },
      "best_val_accuracy": {
        "mean": 0.5916666666666666,
        "std": 0.06922186552431729,
        "max": 0.75
      },
      "experiment_count": 10
    },
    {
      "parameters": {
        "DROPOUT": 0.5,
        "HIDDEN_CHANNELS": 64,
        "MAX_HOPS": 3,
        "NUM_LAYERS": 2,
        "TEMPERATURE": 0.5
      },
      "final_test_accuracy": {
        "mean": 0.3631578947368421,
        "std": 0.20069132594671177,
        "max": 0.6052631578947368
      },
      "best_test_accuracy": {
        "mean": 0.5605263157894737,
        "std": 0.06343142522733658,
        "max": 0.6842105263157895
      },
      "final_val_accuracy": {
        "mean": 0.42222222222222217,
        "std": 0.21794494717703367,
        "max": 0.6666666666666666
      },
      "best_val_accuracy": {
        "mean": 0.625,
        "std": 0.07581857813308987,
        "max": 0.7222222222222222
      },
      "experiment_count": 10
    }
  ],
  "all_combinations": [
    {
      "parameters": {
        "DROPOUT": 0.5,
        "HIDDEN_CHANNELS": 64,
        "MAX_HOPS": 3,
        "NUM_LAYERS": 1,
        "TEMPERATURE": 0.5
      },
      "final_test_accuracy": {
        "mean": 0.6078947368421053,
        "std": 0.051902849798200035,
        "max": 0.7368421052631579
      },
      "best_test_accuracy": {
        "mean": 0.5868421052631578,
        "std": 0.047148612808339256,
        "max": 0.6578947368421053
      },
      "final_val_accuracy": {
        "mean": 0.611111111111111,
        "std": 0.05555555555555553,
        "max": 0.7222222222222222
      },
      "best_val_accuracy": {
        "mean": 0.7,
        "std": 0.05386310952684809,
        "max": 0.8055555555555556
      },
      "experiment_count": 10
    },
    {
      "parameters": {
        "DROPOUT": 0.5,
        "HIDDEN_CHANNELS": 64,
        "MAX_HOPS": 2,
        "NUM_LAYERS": 1,
        "TEMPERATURE": 0.5
      },
      "final_test_accuracy": {
        "mean": 0.5842105263157895,
        "std": 0.07517293082676685,
        "max": 0.7368421052631579
      },
      "best_test_accuracy": {
        "mean": 0.6263157894736842,
        "std": 0.05860804592452653,
        "max": 0.7368421052631579
      },
      "final_val_accuracy": {
        "mean": 0.6083333333333334,
        "std": 0.05886005583449191,
        "max": 0.75
      },
      "best_val_accuracy": {
        "mean": 0.7083333333333334,
        "std": 0.06484787516627084,
        "max": 0.8055555555555556
      },
      "experiment_count": 10
    },
    {
      "parameters": {
        "DROPOUT": 0.5,
        "HIDDEN_CHANNELS": 64,
        "MAX_HOPS": 4,
        "NUM_LAYERS": 1,