{
  "experiment_info": {
    "timestamp": "2025-07-03 15:09:26",
    "dataset": "Cornell",
    "model": "RGCN"
  },
  "total_combinations": 9,
  "total_experiments": 90,
  "best_combination_by_val": {
    "parameters": {
      "DROPOUT": 0.5,
      "HIDDEN_CHANNELS": 64,
      "MAX_HOPS": 2,
      "NUM_LAYERS": 2,
      "TEMPERATURE": 0.5
    },
    "final_test_accuracy": {
      "mean": 0.4657894736842104,
      "std": 0.0881087844357011,
      "max": 0.6052631578947368
    },
    "best_test_accuracy": {
      "mean": 0.5184210526315789,
      "std": 0.07066169253735555,
      "max": 0.631578947368421
    },
    "final_val_accuracy": {
      "mean": 0.475,
      "std": 0.12263188919246731,
      "max": 0.6388888888888888
    },
    "best_val_accuracy": {
      "mean": 0.6055555555555555,
      "std": 0.08766518798921942,
      "max": 0.75
    },
    "experiment_count": 10
  },
  "best_combination_by_test": {
    "parameters": {
      "DROPOUT": 0.5,
      "HIDDEN_CHANNELS": 64,
      "MAX_HOPS": 3,
      "NUM_LAYERS": 2,
      "TEMPERATURE": 0.5
    },
    "final_test_accuracy": {
      "mean": 0.4947368421052632,
      "std": 0.06636589585746577,
      "max": 0.5789473684210527
    },
    "best_test_accuracy": {
      "mean": 0.46052631578947373,
      "std": 0.060297048617840014,
      "max": 0.5526315789473685
    },
    "final_val_accuracy": {
      "mean": 0.4638888888888889,
      "std": 0.04976798018658033,
      "max": 0.5555555555555556
    },
    "best_val_accuracy": {
      "mean": 0.5666666666666667,
      "std": 0.0396746023807936,
      "max": 0.6666666666666666
    },
    "experiment_count": 10
  },
  "top_10_combinations": [
    {
      "parameters": {
        "DROPOUT": 0.5,
        "HIDDEN_CHANNELS": 64,
        "MAX_HOPS": 3,
        "NUM_LAYERS": 2,
        "TEMPERATURE": 0.5
      },
      "final_test_accuracy": {
        "mean": 0.4947368421052632,
        "std": 0.06636589585746577,
        "max": 0.5789473684210527
      },
      "best_test_accuracy": {
        "mean": 0.46052631578947373,
        "std": 0.060297048617840014,
        "max": 0.5526315789473685
      },
      "final_val_accuracy": {
        "mean": 0.4638888888888889,
        "std": 0.04976798018658033,
        "max": 0.5555555555555556
      },
      "best_val_accuracy": {
        "mean": 0.5666666666666667,
        "std": 0.0396746023807936,
        "max": 0.6666666666666666
      },
      "experiment_count": 10
    },
    {
      "parameters": {
        "DROPOUT": 0.5,
        "HIDDEN_CHANNELS": 64,
        "MAX_HOPS": 4,
        "NUM_LAYERS": 2,
        "TEMPERATURE": 0.5
      },
      "final_test_accuracy": {
        "mean": 0.47105263157894744,
        "std": 0.11736370063672505,
        "max": 0.6842105263157895
      },
      "best_test_accuracy": {
        "mean": 0.5105263157894736,
        "std": 0.07080854761617744,
        "max": 0.6578947368421053
      },
      "final_val_accuracy": {
        "mean": 0.4638888888888889,
        "std": 0.07458734212276419,
        "max": 0.6111111111111112
      },
      "best_val_accuracy": {
        "mean": 0.5916666666666667,
        "std": 0.060921422776281396,
        "max": 0.6666666666666666
      },
      "experiment_count": 10
    },
    {
      "parameters": {
        "DROPOUT": 0.5,
        "HIDDEN_CHANNELS": 64,
        "MAX_HOPS": 2,
        "NUM_LAYERS": 2,
        "TEMPERATURE": 0.5
      },
      "final_test_accuracy": {
        "mean": 0.4657894736842104,
        "std": 0.0881087844357011,
        "max": 0.6052631578947368
      },
      "best_test_accuracy": {
        "mean": 0.5184210526315789,
        "std": 0.07066169253735555,
        "max": 0.631578947368421
      },
      "final_val_accuracy": {
        "mean": 0.475,
        "std": 0.12263188919246731,
        "max": 0.6388888888888888
      },
      "best_val_accuracy": {
        "mean": 0.6055555555555555,
        "std": 0.08766518798921942,
        "max": 0.75
      },
      "experiment_count": 10
    },
    {
      "parameters": {
        "DROPOUT": 0.5,
        "HIDDEN_CHANNELS": 64,
        "MAX_HOPS": 3,
        "NUM_LAYERS": 1,
        "TEMPERATURE": 0.5
      },
      "final_test_accuracy": {
        "mean": 0.4394736842105263,
        "std": 0.06343142522733658,
        "max": 0.6052631578947368
      },
      "best_test_accuracy": {
        "mean": 0.39210526315789473,
        "std": 0.10490069172628814,
        "max": 0.631578947368421
      },
      "final_val_accuracy": {
        "mean": 0.4111111111111111,
        "std": 0.07637626158259733,
        "max": 0.5
      },
      "best_val_accuracy": {
        "mean": 0.4611111111111111,
        "std": 0.06236095644623236,
        "max": 0.5555555555555556
      },
      "experiment_count": 10
    },
    {
      "parameters": {
        "DROPOUT": 0.5,
        "HIDDEN_CHANNELS": 64,
        "MAX_HOPS": 4,
        "NUM_LAYERS": 1,
        "TEMPERATURE": 0.5
      },
      "final_test_accuracy": {
        "mean": 0.42105263157894746,
        "std": 0.08404589169827006,
        "max": 0.5789473684210527
      },
      "best_test_accuracy": {
        "mean": 0.4,
        "std": 0.11275939624015026,
        "max": 0.631578947368421
      },
      "final_val_accuracy": {
        "mean": 0.39722222222222225,
        "std": 0.06460946305340559,
        "max": 0.5
      },
      "best_val_accuracy": {
        "mean": 0.4416666666666667,
        "std": 0.05038432540893626,
        "max": 0.5277777777777778
      },
      "experiment_count": 10
    },
    {
      "parameters": {
        "DROPOUT": 0.5,
        "HIDDEN_CHANNELS": 64,
        "MAX_HOPS": 2,
        "NUM_LAYERS": 1,
        "TEMPERATURE": 0.5
      },
      "final_test_accuracy": {
        "mean": 0.41578947368421054,
        "std": 0.0704162534750508,
        "max": 0.5789473684210527
      },
      "best_test_accuracy": {
        "mean": 0.3921052631578947,
        "std": 0.07846342903092408,
        "max": 0.5789473684210527
      },
      "final_val_accuracy": {
        "mean": 0.41944444444444445,
        "std": 0.06854979266251704,
        "max": 0.5277777777777778
      },
      "best_val_accuracy": {
        "mean": 0.48611111111111105,
        "std": 0.0334488738299786,
        "max": 0.5277777777777778
      },
      "experiment_count": 10
    },
    {
      "parameters": {
        "DROPOUT": 0.5,
        "HIDDEN_CHANNELS": 64,
        "MAX_HOPS": 2,
        "NUM_LAYERS": 3,
        "TEMPERATURE": 0.5
      },
      "final_test_accuracy": {
        "mean": 0.41578947368421054,
        "std": 0.10708942078618844,
        "max": 0.5526315789473685
      },
      "best_test_accuracy": {
        "mean": 0.4605263157894736,
        "std": 0.10866222537927672,
        "max": 0.5789473684210527
      },
      "final_val_accuracy": {
        "mean": 0.4305555555555555,
        "std": 0.11402430973207661,
        "max": 0.5833333333333334
      },
      "best_val_accuracy": {
        "mean": 0.5055555555555555,
        "std": 0.07432826755699809,
        "max": 0.6111111111111112
      },
      "experiment_count": 10
    },
    {
      "parameters": {
        "DROPOUT": 0.5,
        "HIDDEN_CHANNELS": 64,
        "MAX_HOPS": 4,
        "NUM_LAYERS": 3,
        "TEMPERATURE": 0.5
      },
      "final_test_accuracy": {
        "mean": 0.4131578947368421,
        "std": 0.09779423250558972,
        "max": 0.5263157894736842
      },
      "best_test_accuracy": {
        "mean": 0.47105263157894733,
        "std": 0.05937112722462358,
        "max": 0.5789473684210527
      },
      "final_val_accuracy": {
        "mean": 0.38055555555555554,
        "std": 0.13382432744939896,
        "max": 0.6111111111111112
      },
      "best_val_accuracy": {
        "mean": 0.5166666666666667,
        "std": 0.06826780959691396,
        "max": 0.6111111111111112
      },
      "experiment_count": 10
    },
    {
      "parameters": {
        "DROPOUT": 0.5,
        "HIDDEN_CHANNELS": 64,
        "MAX_HOPS": 3,
        "NUM_LAYERS": 3,