{
  "experiment_info": {
    "timestamp": "2025-07-05 13:27:35",
    "dataset": "Chameleon",
    "model": "GCN"
  },
  "total_combinations": 6,
  "total_experiments": 60,
  "best_combination_by_val": {
    "parameters": {
      "DROPOUT": 0.5,
      "HIDDEN_CHANNELS": 64,
      "MAX_HOPS": 3,
      "NUM_LAYERS": 2,
      "TEMPERATURE": 0.5
    },
    "final_test_accuracy": {
      "mean": 0.6423245614035087,
      "std": 0.014361942394765743,
      "max": 0.6644736842105263
    },
    "best_test_accuracy": {
      "mean": 0.6445175438596491,
      "std": 0.019625661510377524,
      "max": 0.6798245614035088
    },
    "final_val_accuracy": {
      "mean": 0.6503296703296704,
      "std": 0.02079102292972707,
      "max": 0.6901098901098901
    },
    "best_val_accuracy": {
      "mean": 0.6723076923076924,
      "std": 0.01966879483237835,
      "max": 0.6967032967032967
    },
    "experiment_count": 10
  },
  "best_combination_by_test": {
    "parameters": {
      "DROPOUT": 0.5,
      "HIDDEN_CHANNELS": 64,
      "MAX_HOPS": 2,
      "NUM_LAYERS": 2,
      "TEMPERATURE": 0.5
    },
    "final_test_accuracy": {
      "mean": 0.6460526315789474,
      "std": 0.021846332290196953,
      "max": 0.6907894736842105
    },
    "best_test_accuracy": {
      "mean": 0.6489035087719299,
      "std": 0.02911715887947656,
      "max": 0.706140350877193
    },
    "final_val_accuracy": {
      "mean": 0.6391208791208791,
      "std": 0.02123581947987896,
      "max": 0.6879120879120879
    },
    "best_val_accuracy": {
      "mean": 0.6615384615384616,
      "std": 0.020523283569105513,
      "max": 0.7076923076923077
    },
    "experiment_count": 10
  },
  "top_10_combinations": [
    {
      "parameters": {
        "DROPOUT": 0.5,
        "HIDDEN_CHANNELS": 64,
        "MAX_HOPS": 2,
        "NUM_LAYERS": 2,
        "TEMPERATURE": 0.5
      },
      "final_test_accuracy": {
        "mean": 0.6460526315789474,
        "std": 0.021846332290196953,
        "max": 0.6907894736842105
      },
      "best_test_accuracy": {
        "mean": 0.6489035087719299,
        "std": 0.02911715887947656,
        "max": 0.706140350877193
      },
      "final_val_accuracy": {
        "mean": 0.6391208791208791,
        "std": 0.02123581947987896,
        "max": 0.6879120879120879
      },
      "best_val_accuracy": {
        "mean": 0.6615384615384616,
        "std": 0.020523283569105513,
        "max": 0.7076923076923077
      },
      "experiment_count": 10
    },
    {
      "parameters": {
        "DROPOUT": 0.5,
        "HIDDEN_CHANNELS": 64,
        "MAX_HOPS": 3,
        "NUM_LAYERS": 2,
        "TEMPERATURE": 0.5
      },
      "final_test_accuracy": {
        "mean": 0.6423245614035087,
        "std": 0.014361942394765743,
        "max": 0.6644736842105263
      },
      "best_test_accuracy": {
        "mean": 0.6445175438596491,
        "std": 0.019625661510377524,
        "max": 0.6798245614035088
      },
      "final_val_accuracy": {
        "mean": 0.6503296703296704,
        "std": 0.02079102292972707,
        "max": 0.6901098901098901
      },
      "best_val_accuracy": {
        "mean": 0.6723076923076924,
        "std": 0.01966879483237835,
        "max": 0.6967032967032967
      },
      "experiment_count": 10
    },
    {
      "parameters": {
        "DROPOUT": 0.5,
        "HIDDEN_CHANNELS": 64,
        "MAX_HOPS": 4,
        "NUM_LAYERS": 2,
        "TEMPERATURE": 0.5
      },
      "final_test_accuracy": {
        "mean": 0.6416666666666667,
        "std": 0.021356541796385707,
        "max": 0.6732456140350878
      },
      "best_test_accuracy": {
        "mean": 0.6482456140350876,
        "std": 0.03163068374053124,
        "max": 0.6776315789473685
      },
      "final_val_accuracy": {
        "mean": 0.6483516483516484,
        "std": 0.01497088911290234,
        "max": 0.6791208791208792
      },
      "best_val_accuracy": {
        "mean": 0.6681318681318682,
        "std": 0.017691966415382954,
        "max": 0.7054945054945055
      },
      "experiment_count": 10
    },
    {
      "parameters": {
        "DROPOUT": 0.5,
        "HIDDEN_CHANNELS": 64,
        "MAX_HOPS": 4,
        "NUM_LAYERS": 1,
        "TEMPERATURE": 0.5
      },
      "final_test_accuracy": {
        "mean": 0.5515350877192984,
        "std": 0.0143887058792318,
        "max": 0.5745614035087719
      },
      "best_test_accuracy": {
        "mean": 0.5462719298245614,
        "std": 0.023750111370039042,
        "max": 0.5789473684210527
      },
      "final_val_accuracy": {
        "mean": 0.5443956043956044,
        "std": 0.030327281320149106,
        "max": 0.5824175824175825
      },
      "best_val_accuracy": {
        "mean": 0.5624175824175823,
        "std": 0.02483516483516483,
        "max": 0.5912087912087912
      },
      "experiment_count": 10
    },
    {
      "parameters": {
        "DROPOUT": 0.5,
        "HIDDEN_CHANNELS": 64,
        "MAX_HOPS": 3,
        "NUM_LAYERS": 1,
        "TEMPERATURE": 0.5
      },
      "final_test_accuracy": {
        "mean": 0.549780701754386,
        "std": 0.021532586412781062,
        "max": 0.581140350877193
      },
      "best_test_accuracy": {
        "mean": 0.5464912280701755,
        "std": 0.015654884471556794,
        "max": 0.5745614035087719
      },
      "final_val_accuracy": {
        "mean": 0.5487912087912088,
        "std": 0.018753577125267533,
        "max": 0.5736263736263736
      },
      "best_val_accuracy": {
        "mean": 0.5608791208791208,
        "std": 0.020891841122314105,
        "max": 0.5846153846153846
      },
      "experiment_count": 10
    },
    {
      "parameters": {
        "DROPOUT": 0.5,
        "HIDDEN_CHANNELS": 64,
        "MAX_HOPS": 2,
        "NUM_LAYERS": 1,
        "TEMPERATURE": 0.5
      },
      "final_test_accuracy": {
        "mean": 0.5445175438596491,
        "std": 0.019119235542874646,
        "max": 0.5745614035087719
      },
      "best_test_accuracy": {
        "mean": 0.5504385964912281,
        "std": 0.01781587369437712,
        "max": 0.5701754385964912
      },
      "final_val_accuracy": {
        "mean": 0.5382417582417582,
        "std": 0.018582804240815792,
        "max": 0.5758241758241758
      },
      "best_val_accuracy": {
        "mean": 0.5507692307692308,
        "std": 0.012785089733845253,
        "max": 0.578021978021978
      },
      "experiment_count": 10
    }
  ],
  "all_combinations": [
    {
      "parameters": {
        "DROPOUT": 0.5,
        "HIDDEN_CHANNELS": 64,
        "MAX_HOPS": 2,
        "NUM_LAYERS": 2,
        "TEMPERATURE": 0.5
      },
      "final_test_accuracy": {
        "mean": 0.6460526315789474,
        "std": 0.021846332290196953,
        "max": 0.6907894736842105
      },
      "best_test_accuracy": {
        "mean": 0.6489035087719299,
        "std": 0.02911715887947656,
        "max": 0.706140350877193
      },
      "final_val_accuracy": {
        "mean": 0.6391208791208791,
        "std": 0.02123581947987896,
        "max": 0.6879120879120879
      },
      "best_val_accuracy": {
        "mean": 0.6615384615384616,
        "std": 0.020523283569105513,
        "max": 0.7076923076923077
      },
      "experiment_count": 10
    },
    {
      "parameters": {
        "DROPOUT": 0.5,
        "HIDDEN_CHANNELS": 64,
        "MAX_HOPS": 3,
        "NUM_LAYERS": 2,
        "TEMPERATURE": 0.5
      },
      "final_test_accuracy": {
        "mean": 0.6423245614035087,
        "std": 0.014361942394765743,
        "max": 0.6644736842105263
      },
      "best_test_accuracy": {
        "mean": 0.6445175438596491,
        "std": 0.019625661510377524,
        "max": 0.6798245614035088
      },
      "final_val_accuracy": {
        "mean": 0.6503296703296704,
        "std": 0.02079102292972707,
        "max": 0.6901098901098901
      },
      "best_val_accuracy": {
        "mean": 0.6723076923076924,
        "std": 0.01966879483237835,
        "max": 0.6967032967032967
      },