{
  "experiment_info": {
    "timestamp": "2025-07-05 12:05:33",
    "dataset": "Cornell",
    "model": "GCN"
  },
  "total_experiments": 60,
  "final_results": {
    "train": {
      "mean": 0.9842507645259938,
      "std": 0.013719780555611703
    },
    "val": {
      "mean": 0.4555555555555556,
      "std": 0.07576767609436585
    },
    "test": {
      "mean": 0.4688596491228071,
      "std": 0.0796013362329477
    }
  },
  "best_results": {
    "val": {
      "mean": 0.4953703703703704,
      "std": 0.07439168021390573
    },
    "test": {
      "mean": 0.43026315789473685,
      "std": 0.08934782169139453
    }
  },
  "early_stopping": {
    "early_stopped_experiments": 60,
    "early_stopping_rate": 1.0,
    "average_stopping_epoch": 70.33333333333333,
    "stopping_epoch_std": 27.207637816531513,
    "stopping_epoch_range": [
      50,
      222
    ]
  },
  "feature_modification": {
    "modifications_applied": 1,
    "modification_types": [
      "missingness"
    ]
  }
}