{
  "experiment_info": {
    "timestamp": "2025-07-07 23:02:14",
    "dataset": "Cora",
    "model": "RobustH2GCN"
  },
  "total_combinations": 6,
  "total_experiments": 60,
  "best_combination_by_val": {
    "parameters": {
      "DROPOUT": 0.5,
      "HIDDEN_CHANNELS": 64,
      "MAX_HOPS": 2,
      "NUM_LAYERS": 1,
      "TEMPERATURE": 0.5
    },
    "final_test_accuracy": {
      "mean": 0.8197053406998158,
      "std": 0.024340763283879206,
      "max": 0.852670349907919
    },
    "best_test_accuracy": {
      "mean": 0.843462246777164,
      "std": 0.01567001649074229,
      "max": 0.8692449355432781
    },
    "final_val_accuracy": {
      "mean": 0.8255083179297596,
      "std": 0.012650601576538764,
      "max": 0.8539741219963032
    },
    "best_val_accuracy": {
      "mean": 0.8534195933456562,
      "std": 0.010490546117310704,
      "max": 0.866913123844732
    },
    "experiment_count": 10
  },
  "best_combination_by_test": {
    "parameters": {
      "DROPOUT": 0.5,
      "HIDDEN_CHANNELS": 64,
      "MAX_HOPS": 4,
      "NUM_LAYERS": 1,
      "TEMPERATURE": 0.5
    },
    "final_test_accuracy": {
      "mean": 0.8318600368324125,
      "std": 0.008639929359661047,
      "max": 0.8416206261510129
    },
    "best_test_accuracy": {
      "mean": 0.8593001841620627,
      "std": 0.010776234871696358,
      "max": 0.8710865561694291
    },
    "final_val_accuracy": {
      "mean": 0.8153419593345657,
      "std": 0.013263684436902233,
      "max": 0.8354898336414048
    },
    "best_val_accuracy": {
      "mean": 0.8491682070240296,
      "std": 0.01371329906912488,
      "max": 0.8743068391866913
    },
    "experiment_count": 10
  },
  "top_10_combinations": [
    {
      "parameters": {
        "DROPOUT": 0.5,
        "HIDDEN_CHANNELS": 64,
        "MAX_HOPS": 4,
        "NUM_LAYERS": 1,
        "TEMPERATURE": 0.5
      },
      "final_test_accuracy": {
        "mean": 0.8318600368324125,
        "std": 0.008639929359661047,
        "max": 0.8416206261510129
      },
      "best_test_accuracy": {
        "mean": 0.8593001841620627,
        "std": 0.010776234871696358,
        "max": 0.8710865561694291
      },
      "final_val_accuracy": {
        "mean": 0.8153419593345657,
        "std": 0.013263684436902233,
        "max": 0.8354898336414048
      },
      "best_val_accuracy": {
        "mean": 0.8491682070240296,
        "std": 0.01371329906912488,
        "max": 0.8743068391866913
      },
      "experiment_count": 10
    },
    {
      "parameters": {
        "DROPOUT": 0.5,
        "HIDDEN_CHANNELS": 64,
        "MAX_HOPS": 3,
        "NUM_LAYERS": 1,
        "TEMPERATURE": 2.0
      },
      "final_test_accuracy": {
        "mean": 0.8292817679558011,
        "std": 0.011793563643893425,
        "max": 0.8453038674033149
      },
      "best_test_accuracy": {
        "mean": 0.8335174953959484,
        "std": 0.014737568341615132,
        "max": 0.85451197053407
      },
      "final_val_accuracy": {
        "mean": 0.8316081330868762,
        "std": 0.01235685391006156,
        "max": 0.8539741219963032
      },
      "best_val_accuracy": {
        "mean": 0.8391866913123845,
        "std": 0.013832374812472977,
        "max": 0.8595194085027726
      },
      "experiment_count": 10
    },
    {
      "parameters": {
        "DROPOUT": 0.5,
        "HIDDEN_CHANNELS": 64,
        "MAX_HOPS": 2,
        "NUM_LAYERS": 1,
        "TEMPERATURE": 2.0
      },
      "final_test_accuracy": {
        "mean": 0.8228360957642726,
        "std": 0.020153759145936576,
        "max": 0.8471454880294659
      },
      "best_test_accuracy": {
        "mean": 0.8228360957642726,
        "std": 0.019642418601802412,
        "max": 0.852670349907919
      },
      "final_val_accuracy": {
        "mean": 0.8273567467652496,
        "std": 0.011460258780036951,
        "max": 0.8465804066543438
      },
      "best_val_accuracy": {
        "mean": 0.8367837338262477,
        "std": 0.012510736605558374,
        "max": 0.8558225508317929
      },
      "experiment_count": 10
    },
    {
      "parameters": {
        "DROPOUT": 0.5,
        "HIDDEN_CHANNELS": 64,
        "MAX_HOPS": 4,
        "NUM_LAYERS": 1,
        "TEMPERATURE": 2.0
      },
      "final_test_accuracy": {
        "mean": 0.8220994475138121,
        "std": 0.016080206226845712,
        "max": 0.8416206261510129
      },
      "best_test_accuracy": {
        "mean": 0.825230202578269,
        "std": 0.01977406648416936,
        "max": 0.852670349907919
      },
      "final_val_accuracy": {
        "mean": 0.8238447319778188,
        "std": 0.022120218230953923,
        "max": 0.8632162661737524
      },
      "best_val_accuracy": {
        "mean": 0.8382624768946396,
        "std": 0.01998099417773913,
        "max": 0.8687615526802218
      },
      "experiment_count": 10
    },
    {
      "parameters": {
        "DROPOUT": 0.5,
        "HIDDEN_CHANNELS": 64,
        "MAX_HOPS": 3,
        "NUM_LAYERS": 1,
        "TEMPERATURE": 0.5
      },
      "final_test_accuracy": {
        "mean": 0.8209944751381217,
        "std": 0.013825653317954685,
        "max": 0.848987108655617
      },
      "best_test_accuracy": {
        "mean": 0.8416206261510129,
        "std": 0.012020013902085241,
        "max": 0.858195211786372
      },
      "final_val_accuracy": {
        "mean": 0.8192236598890943,
        "std": 0.018462093884190435,
        "max": 0.844731977818854
      },
      "best_val_accuracy": {
        "mean": 0.8502772643253234,
        "std": 0.01669736013402767,
        "max": 0.8761552680221811
      },
      "experiment_count": 10
    },
    {
      "parameters": {
        "DROPOUT": 0.5,
        "HIDDEN_CHANNELS": 64,
        "MAX_HOPS": 2,
        "NUM_LAYERS": 1,
        "TEMPERATURE": 0.5
      },
      "final_test_accuracy": {
        "mean": 0.8197053406998158,
        "std": 0.024340763283879206,
        "max": 0.852670349907919
      },
      "best_test_accuracy": {
        "mean": 0.843462246777164,
        "std": 0.01567001649074229,
        "max": 0.8692449355432781
      },
      "final_val_accuracy": {
        "mean": 0.8255083179297596,
        "std": 0.012650601576538764,
        "max": 0.8539741219963032
      },
      "best_val_accuracy": {
        "mean": 0.8534195933456562,
        "std": 0.010490546117310704,
        "max": 0.866913123844732
      },
      "experiment_count": 10
    }
  ],
  "all_combinations": [
    {
      "parameters": {
        "DROPOUT": 0.5,
        "HIDDEN_CHANNELS": 64,
        "MAX_HOPS": 4,
        "NUM_LAYERS": 1,
        "TEMPERATURE": 0.5
      },
      "final_test_accuracy": {
        "mean": 0.8318600368324125,
        "std": 0.008639929359661047,
        "max": 0.8416206261510129
      },
      "best_test_accuracy": {
        "mean": 0.8593001841620627,
        "std": 0.010776234871696358,
        "max": 0.8710865561694291
      },
      "final_val_accuracy": {
        "mean": 0.8153419593345657,
        "std": 0.013263684436902233,
        "max": 0.8354898336414048
      },
      "best_val_accuracy": {
        "mean": 0.8491682070240296,
        "std": 0.01371329906912488,
        "max": 0.8743068391866913
      },
      "experiment_count": 10
    },
    {
      "parameters": {
        "DROPOUT": 0.5,
        "HIDDEN_CHANNELS": 64,
        "MAX_HOPS": 3,
        "NUM_LAYERS": 1,
        "TEMPERATURE": 2.0
      },
      "final_test_accuracy": {
        "mean": 0.8292817679558011,
        "std": 0.011793563643893425,
        "max": 0.8453038674033149
      },
      "best_test_accuracy": {
        "mean": 0.8335174953959484,
        "std": 0.014737568341615132,
        "max": 0.85451197053407
      },
      "final_val_accuracy": {
        "mean": 0.8316081330868762,
        "std": 0.01235685391006156,
        "max": 0.8539741219963032
      },
      "best_val_accuracy": {
        "mean": 0.8391866913123845,
        "std": 0.013832374812472977,
        "max": 0.8595194085027726
      },