{
  "experiment_info": {
    "timestamp": "2025-07-05 12:18:44",
    "dataset": "Wisconsin",
    "model": "MLP"
  },
  "total_experiments": 60,
  "final_results": {
    "train": {
      "mean": 1.0,
      "std": 0.0
    },
    "val": {
      "mean": 0.8013333333333333,
      "std": 0.049647647365095644
    },
    "test": {
      "mean": 0.8245098039215687,
      "std": 0.05339013219273875
    }
  },
  "best_results": {
    "val": {
      "mean": 0.8480000000000001,
      "std": 0.04763752022653292
    },
    "test": {
      "mean": 0.830392156862745,
      "std": 0.05913046284741939
    }
  },
  "early_stopping": {
    "early_stopped_experiments": 60,
    "early_stopping_rate": 1.0,
    "average_stopping_epoch": 67.16666666666667,
    "stopping_epoch_std": 18.766252215672214,
    "stopping_epoch_range": [
      53,
      169
    ]
  },
  "feature_modification": {
    "modifications_applied": 1,
    "modification_types": [
      "missingness"
    ]
  }
}