{
  "experiment_info": {
    "timestamp": "2025-07-05 21:26:02",
    "dataset": "Citeseer",
    "model": "GCN"
  },
  "total_experiments": 60,
  "final_results": {
    "train": {
      "mean": 0.9371158984635939,
      "std": 0.018678371483467397
    },
    "val": {
      "mean": 0.7220802005012531,
      "std": 0.016416690568528305
    },
    "test": {
      "mean": 0.7238488488488489,
      "std": 0.015204736493595255
    }
  },
  "best_results": {
    "val": {
      "mean": 0.7436591478696744,
      "std": 0.017770395638172475
    },
    "test": {
      "mean": 0.7419419419419419,
      "std": 0.016267729201943398
    }
  },
  "early_stopping": {
    "early_stopped_experiments": 60,
    "early_stopping_rate": 1.0,
    "average_stopping_epoch": 81.71666666666667,
    "stopping_epoch_std": 28.061296992279043,
    "stopping_epoch_range": [
      54,
      183
    ]
  },
  "feature_modification": {
    "modifications_applied": 1,
    "modification_types": [
      "missingness"
    ]
  }
}