{
  "experiment_info": {
    "timestamp": "2025-07-05 18:42:03",
    "dataset": "Chameleon",
    "model": "GAT"
  },
  "total_combinations": 6,
  "total_experiments": 60,
  "best_combination_by_val": {
    "parameters": {
      "DROPOUT": 0.5,
      "HIDDEN_CHANNELS": 64,
      "MAX_HOPS": 3,
      "NUM_LAYERS": 2,
      "TEMPERATURE": 0.5
    },
    "final_test_accuracy": {
      "mean": 0.6548245614035089,
      "std": 0.017928888978920785,
      "max": 0.6951754385964912
    },
    "best_test_accuracy": {
      "mean": 0.6526315789473685,
      "std": 0.01233540448282915,
      "max": 0.6732456140350878
    },
    "final_val_accuracy": {
      "mean": 0.6582417582417582,
      "std": 0.018655444266295403,
      "max": 0.6945054945054945
    },
    "best_val_accuracy": {
      "mean": 0.6830769230769231,
      "std": 0.020353119829081716,
      "max": 0.7164835164835165
    },
    "experiment_count": 10
  },
  "best_combination_by_test": {
    "parameters": {
      "DROPOUT": 0.5,
      "HIDDEN_CHANNELS": 64,
      "MAX_HOPS": 4,
      "NUM_LAYERS": 2,
      "TEMPERATURE": 0.5
    },
    "final_test_accuracy": {
      "mean": 0.6581140350877194,
      "std": 0.0266688667721222,
      "max": 0.6929824561403509
    },
    "best_test_accuracy": {
      "mean": 0.6576754385964912,
      "std": 0.032872068212617,
      "max": 0.6951754385964912
    },
    "final_val_accuracy": {
      "mean": 0.6505494505494506,
      "std": 0.01581806963995304,
      "max": 0.6835164835164835
    },
    "best_val_accuracy": {
      "mean": 0.6804395604395606,
      "std": 0.015515923160195845,
      "max": 0.701098901098901
    },
    "experiment_count": 10
  },
  "top_10_combinations": [
    {
      "parameters": {
        "DROPOUT": 0.5,
        "HIDDEN_CHANNELS": 64,
        "MAX_HOPS": 4,
        "NUM_LAYERS": 2,
        "TEMPERATURE": 0.5
      },
      "final_test_accuracy": {
        "mean": 0.6581140350877194,
        "std": 0.0266688667721222,
        "max": 0.6929824561403509
      },
      "best_test_accuracy": {
        "mean": 0.6576754385964912,
        "std": 0.032872068212617,
        "max": 0.6951754385964912
      },
      "final_val_accuracy": {
        "mean": 0.6505494505494506,
        "std": 0.01581806963995304,
        "max": 0.6835164835164835
      },
      "best_val_accuracy": {
        "mean": 0.6804395604395606,
        "std": 0.015515923160195845,
        "max": 0.701098901098901
      },
      "experiment_count": 10
    },
    {
      "parameters": {
        "DROPOUT": 0.5,
        "HIDDEN_CHANNELS": 64,
        "MAX_HOPS": 3,
        "NUM_LAYERS": 2,
        "TEMPERATURE": 0.5
      },
      "final_test_accuracy": {
        "mean": 0.6548245614035089,
        "std": 0.017928888978920785,
        "max": 0.6951754385964912
      },
      "best_test_accuracy": {
        "mean": 0.6526315789473685,
        "std": 0.01233540448282915,
        "max": 0.6732456140350878
      },
      "final_val_accuracy": {
        "mean": 0.6582417582417582,
        "std": 0.018655444266295403,
        "max": 0.6945054945054945
      },
      "best_val_accuracy": {
        "mean": 0.6830769230769231,
        "std": 0.020353119829081716,
        "max": 0.7164835164835165
      },
      "experiment_count": 10
    },
    {
      "parameters": {
        "DROPOUT": 0.5,
        "HIDDEN_CHANNELS": 64,
        "MAX_HOPS": 2,
        "NUM_LAYERS": 2,
        "TEMPERATURE": 0.5
      },
      "final_test_accuracy": {
        "mean": 0.6510964912280702,
        "std": 0.01662766674321697,
        "max": 0.6776315789473685
      },
      "best_test_accuracy": {
        "mean": 0.643640350877193,
        "std": 0.016592923191251704,
        "max": 0.6710526315789473
      },
      "final_val_accuracy": {
        "mean": 0.6518681318681319,
        "std": 0.019038600288094697,
        "max": 0.6857142857142857
      },
      "best_val_accuracy": {
        "mean": 0.6758241758241759,
        "std": 0.019737438473078652,
        "max": 0.7076923076923077
      },
      "experiment_count": 10
    },
    {
      "parameters": {
        "DROPOUT": 0.5,
        "HIDDEN_CHANNELS": 64,
        "MAX_HOPS": 2,
        "NUM_LAYERS": 1,
        "TEMPERATURE": 0.5
      },
      "final_test_accuracy": {
        "mean": 0.5228070175438596,
        "std": 0.0264288506933032,
        "max": 0.5570175438596491
      },
      "best_test_accuracy": {
        "mean": 0.5267543859649122,
        "std": 0.02671121048874581,
        "max": 0.5679824561403509
      },
      "final_val_accuracy": {
        "mean": 0.5312087912087912,
        "std": 0.01946141125913219,
        "max": 0.5758241758241758
      },
      "best_val_accuracy": {
        "mean": 0.5545054945054945,
        "std": 0.020072324247590215,
        "max": 0.5912087912087912
      },
      "experiment_count": 10
    },
    {
      "parameters": {
        "DROPOUT": 0.5,
        "HIDDEN_CHANNELS": 64,
        "MAX_HOPS": 4,
        "NUM_LAYERS": 1,
        "TEMPERATURE": 0.5
      },
      "final_test_accuracy": {
        "mean": 0.5195175438596492,
        "std": 0.02069901297638051,
        "max": 0.5482456140350878
      },
      "best_test_accuracy": {
        "mean": 0.5252192982456141,
        "std": 0.03914642607785709,
        "max": 0.5745614035087719
      },
      "final_val_accuracy": {
        "mean": 0.5254945054945055,
        "std": 0.02214115282618336,
        "max": 0.5560439560439561
      },
      "best_val_accuracy": {
        "mean": 0.5450549450549451,
        "std": 0.02807686931458693,
        "max": 0.5868131868131868
      },
      "experiment_count": 10
    },
    {
      "parameters": {
        "DROPOUT": 0.5,
        "HIDDEN_CHANNELS": 64,
        "MAX_HOPS": 3,
        "NUM_LAYERS": 1,
        "TEMPERATURE": 0.5
      },
      "final_test_accuracy": {
        "mean": 0.5067982456140351,
        "std": 0.04199375310796045,
        "max": 0.5679824561403509
      },
      "best_test_accuracy": {
        "mean": 0.5184210526315789,
        "std": 0.03822589222719461,
        "max": 0.5855263157894737
      },
      "final_val_accuracy": {
        "mean": 0.5213186813186812,
        "std": 0.04264869001001203,
        "max": 0.5758241758241758
      },
      "best_val_accuracy": {
        "mean": 0.5406593406593407,
        "std": 0.044426058535181584,
        "max": 0.6021978021978022
      },
      "experiment_count": 10
    }
  ],
  "all_combinations": [
    {
      "parameters": {
        "DROPOUT": 0.5,
        "HIDDEN_CHANNELS": 64,
        "MAX_HOPS": 4,
        "NUM_LAYERS": 2,
        "TEMPERATURE": 0.5
      },
      "final_test_accuracy": {
        "mean": 0.6581140350877194,
        "std": 0.0266688667721222,
        "max": 0.6929824561403509
      },
      "best_test_accuracy": {
        "mean": 0.6576754385964912,
        "std": 0.032872068212617,
        "max": 0.6951754385964912
      },
      "final_val_accuracy": {
        "mean": 0.6505494505494506,
        "std": 0.01581806963995304,
        "max": 0.6835164835164835
      },
      "best_val_accuracy": {
        "mean": 0.6804395604395606,
        "std": 0.015515923160195845,
        "max": 0.701098901098901
      },
      "experiment_count": 10
    },
    {
      "parameters": {
        "DROPOUT": 0.5,
        "HIDDEN_CHANNELS": 64,
        "MAX_HOPS": 3,
        "NUM_LAYERS": 2,
        "TEMPERATURE": 0.5
      },
      "final_test_accuracy": {
        "mean": 0.6548245614035089,
        "std": 0.017928888978920785,
        "max": 0.6951754385964912
      },
      "best_test_accuracy": {
        "mean": 0.6526315789473685,
        "std": 0.01233540448282915,
        "max": 0.6732456140350878
      },
      "final_val_accuracy": {
        "mean": 0.6582417582417582,
        "std": 0.018655444266295403,
        "max": 0.6945054945054945
      },
      "best_val_accuracy": {
        "mean": 0.6830769230769231,
        "std": 0.020353119829081716,
        "max": 0.7164835164835165
      },