{
  "experiment_info": {
    "timestamp": "2025-07-07 02:29:02",
    "dataset": "Cora",
    "model": "GCN"
  },
  "total_combinations": 6,
  "total_experiments": 60,
  "best_combination_by_val": {
    "parameters": {
      "DROPOUT": 0.5,
      "HIDDEN_CHANNELS": 64,
      "MAX_HOPS": 3,
      "NUM_LAYERS": 2,
      "TEMPERATURE": 0.5
    },
    "final_test_accuracy": {
      "mean": 0.8534069981583794,
      "std": 0.013462738034988635,
      "max": 0.8784530386740331
    },
    "best_test_accuracy": {
      "mean": 0.856721915285451,
      "std": 0.014307863425086588,
      "max": 0.8784530386740331
    },
    "final_val_accuracy": {
      "mean": 0.8591497227356747,
      "std": 0.012960109532686215,
      "max": 0.8853974121996303
    },
    "best_val_accuracy": {
      "mean": 0.8719038817005546,
      "std": 0.010457926181009712,
      "max": 0.8946395563770795
    },
    "experiment_count": 10
  },
  "best_combination_by_test": {
    "parameters": {
      "DROPOUT": 0.5,
      "HIDDEN_CHANNELS": 64,
      "MAX_HOPS": 2,
      "NUM_LAYERS": 2,
      "TEMPERATURE": 0.5
    },
    "final_test_accuracy": {
      "mean": 0.8545119705340699,
      "std": 0.010482688376248783,
      "max": 0.8729281767955801
    },
    "best_test_accuracy": {
      "mean": 0.8556169429097606,
      "std": 0.012221480679953633,
      "max": 0.8876611418047882
    },
    "final_val_accuracy": {
      "mean": 0.8504621072088725,
      "std": 0.009761734511283485,
      "max": 0.8724584103512015
    },
    "best_val_accuracy": {
      "mean": 0.8624768946395565,
      "std": 0.008872458410351202,
      "max": 0.8853974121996303
    },
    "experiment_count": 10
  },
  "top_10_combinations": [
    {
      "parameters": {
        "DROPOUT": 0.5,
        "HIDDEN_CHANNELS": 64,
        "MAX_HOPS": 2,
        "NUM_LAYERS": 2,
        "TEMPERATURE": 0.5
      },
      "final_test_accuracy": {
        "mean": 0.8545119705340699,
        "std": 0.010482688376248783,
        "max": 0.8729281767955801
      },
      "best_test_accuracy": {
        "mean": 0.8556169429097606,
        "std": 0.012221480679953633,
        "max": 0.8876611418047882
      },
      "final_val_accuracy": {
        "mean": 0.8504621072088725,
        "std": 0.009761734511283485,
        "max": 0.8724584103512015
      },
      "best_val_accuracy": {
        "mean": 0.8624768946395565,
        "std": 0.008872458410351202,
        "max": 0.8853974121996303
      },
      "experiment_count": 10
    },
    {
      "parameters": {
        "DROPOUT": 0.5,
        "HIDDEN_CHANNELS": 64,
        "MAX_HOPS": 3,
        "NUM_LAYERS": 2,
        "TEMPERATURE": 0.5
      },
      "final_test_accuracy": {
        "mean": 0.8534069981583794,
        "std": 0.013462738034988635,
        "max": 0.8784530386740331
      },
      "best_test_accuracy": {
        "mean": 0.856721915285451,
        "std": 0.014307863425086588,
        "max": 0.8784530386740331
      },
      "final_val_accuracy": {
        "mean": 0.8591497227356747,
        "std": 0.012960109532686215,
        "max": 0.8853974121996303
      },
      "best_val_accuracy": {
        "mean": 0.8719038817005546,
        "std": 0.010457926181009712,
        "max": 0.8946395563770795
      },
      "experiment_count": 10
    },
    {
      "parameters": {
        "DROPOUT": 0.5,
        "HIDDEN_CHANNELS": 64,
        "MAX_HOPS": 4,
        "NUM_LAYERS": 2,
        "TEMPERATURE": 0.5
      },
      "final_test_accuracy": {
        "mean": 0.8465930018416206,
        "std": 0.011051258334200752,
        "max": 0.8674033149171271
      },
      "best_test_accuracy": {
        "mean": 0.847329650092081,
        "std": 0.014084485307549832,
        "max": 0.8802946593001841
      },
      "final_val_accuracy": {
        "mean": 0.8508317929759703,
        "std": 0.014672613399235599,
        "max": 0.8724584103512015
      },
      "best_val_accuracy": {
        "mean": 0.8621072088724585,
        "std": 0.01626617375231054,
        "max": 0.8927911275415896
      },
      "experiment_count": 10
    },
    {
      "parameters": {
        "DROPOUT": 0.5,
        "HIDDEN_CHANNELS": 64,
        "MAX_HOPS": 4,
        "NUM_LAYERS": 1,
        "TEMPERATURE": 0.5
      },
      "final_test_accuracy": {
        "mean": 0.805340699815838,
        "std": 0.02091760019985736,
        "max": 0.8342541436464088
      },
      "best_test_accuracy": {
        "mean": 0.8036832412523021,
        "std": 0.01876646659721105,
        "max": 0.8232044198895028
      },
      "final_val_accuracy": {
        "mean": 0.8096118299445472,
        "std": 0.016429194856405906,
        "max": 0.8262476894639557
      },
      "best_val_accuracy": {
        "mean": 0.8181146025878003,
        "std": 0.015380882855981319,
        "max": 0.8410351201478743
      },
      "experiment_count": 10
    },
    {
      "parameters": {
        "DROPOUT": 0.5,
        "HIDDEN_CHANNELS": 64,
        "MAX_HOPS": 3,
        "NUM_LAYERS": 1,
        "TEMPERATURE": 0.5
      },
      "final_test_accuracy": {
        "mean": 0.8051565377532228,
        "std": 0.013899051391611949,
        "max": 0.8342541436464088
      },
      "best_test_accuracy": {
        "mean": 0.8062615101289135,
        "std": 0.012403284155051746,
        "max": 0.8379373848987108
      },
      "final_val_accuracy": {
        "mean": 0.7987060998151571,
        "std": 0.019038817005545286,
        "max": 0.8299445471349353
      },
      "best_val_accuracy": {
        "mean": 0.8059149722735673,
        "std": 0.018668216152240433,
        "max": 0.8317929759704251
      },
      "experiment_count": 10
    },
    {
      "parameters": {
        "DROPOUT": 0.5,
        "HIDDEN_CHANNELS": 64,
        "MAX_HOPS": 2,
        "NUM_LAYERS": 1,
        "TEMPERATURE": 0.5
      },
      "final_test_accuracy": {
        "mean": 0.7983425414364641,
        "std": 0.013589363399170003,
        "max": 0.8195211786372008
      },
      "best_test_accuracy": {
        "mean": 0.7966850828729282,
        "std": 0.011055860788068984,
        "max": 0.8176795580110497
      },
      "final_val_accuracy": {
        "mean": 0.7964879852125692,
        "std": 0.019288423538959248,
        "max": 0.8354898336414048
      },
      "best_val_accuracy": {
        "mean": 0.8029574861367837,
        "std": 0.018653568667715857,
        "max": 0.8410351201478743
      },
      "experiment_count": 10
    }
  ],
  "all_combinations": [
    {
      "parameters": {
        "DROPOUT": 0.5,
        "HIDDEN_CHANNELS": 64,
        "MAX_HOPS": 2,
        "NUM_LAYERS": 2,
        "TEMPERATURE": 0.5
      },
      "final_test_accuracy": {
        "mean": 0.8545119705340699,
        "std": 0.010482688376248783,
        "max": 0.8729281767955801
      },
      "best_test_accuracy": {
        "mean": 0.8556169429097606,
        "std": 0.012221480679953633,
        "max": 0.8876611418047882
      },
      "final_val_accuracy": {
        "mean": 0.8504621072088725,
        "std": 0.009761734511283485,
        "max": 0.8724584103512015
      },
      "best_val_accuracy": {
        "mean": 0.8624768946395565,
        "std": 0.008872458410351202,
        "max": 0.8853974121996303
      },
      "experiment_count": 10
    },
    {
      "parameters": {
        "DROPOUT": 0.5,
        "HIDDEN_CHANNELS": 64,
        "MAX_HOPS": 3,
        "NUM_LAYERS": 2,
        "TEMPERATURE": 0.5
      },
      "final_test_accuracy": {
        "mean": 0.8534069981583794,
        "std": 0.013462738034988635,
        "max": 0.8784530386740331
      },
      "best_test_accuracy": {
        "mean": 0.856721915285451,
        "std": 0.014307863425086588,
        "max": 0.8784530386740331
      },
      "final_val_accuracy": {
        "mean": 0.8591497227356747,
        "std": 0.012960109532686215,
        "max": 0.8853974121996303
      },
      "best_val_accuracy": {
        "mean": 0.8719038817005546,
        "std": 0.010457926181009712,
        "max": 0.8946395563770795
      },