{
  "experiment_info": {
    "timestamp": "2025-07-05 12:26:36",
    "dataset": "Cornell",
    "model": "RobustH2GCN"
  },
  "total_combinations": 6,
  "total_experiments": 60,
  "best_combination_by_val": {
    "parameters": {
      "DROPOUT": 0.5,
      "HIDDEN_CHANNELS": 64,
      "MAX_HOPS": 2,
      "NUM_LAYERS": 1,
      "TEMPERATURE": 0.5
    },
    "final_test_accuracy": {
      "mean": 0.6473684210526316,
      "std": 0.0799930744924772,
      "max": 0.7894736842105263
    },
    "best_test_accuracy": {
      "mean": 0.65,
      "std": 0.06557860944409008,
      "max": 0.7631578947368421
    },
    "final_val_accuracy": {
      "mean": 0.7111111111111111,
      "std": 0.07474235581707617,
      "max": 0.7777777777777778
    },
    "best_val_accuracy": {
      "mean": 0.7638888888888888,
      "std": 0.07375510026306531,
      "max": 0.8333333333333334
    },
    "experiment_count": 10
  },
  "best_combination_by_test": {
    "parameters": {
      "DROPOUT": 0.5,
      "HIDDEN_CHANNELS": 64,
      "MAX_HOPS": 2,
      "NUM_LAYERS": 1,
      "TEMPERATURE": 2.0
    },
    "final_test_accuracy": {
      "mean": 0.6894736842105263,
      "std": 0.07877173445839877,
      "max": 0.7894736842105263
    },
    "best_test_accuracy": {
      "mean": 0.6789473684210526,
      "std": 0.07964603131800818,
      "max": 0.7894736842105263
    },
    "final_val_accuracy": {
      "mean": 0.6722222222222223,
      "std": 0.06894263136661587,
      "max": 0.8055555555555556
    },
    "best_val_accuracy": {
      "mean": 0.7277777777777777,
      "std": 0.05665577237325319,
      "max": 0.8333333333333334
    },
    "experiment_count": 10
  },
  "top_10_combinations": [
    {
      "parameters": {
        "DROPOUT": 0.5,
        "HIDDEN_CHANNELS": 64,
        "MAX_HOPS": 2,
        "NUM_LAYERS": 1,
        "TEMPERATURE": 2.0
      },
      "final_test_accuracy": {
        "mean": 0.6894736842105263,
        "std": 0.07877173445839877,
        "max": 0.7894736842105263
      },
      "best_test_accuracy": {
        "mean": 0.6789473684210526,
        "std": 0.07964603131800818,
        "max": 0.7894736842105263
      },
      "final_val_accuracy": {
        "mean": 0.6722222222222223,
        "std": 0.06894263136661587,
        "max": 0.8055555555555556
      },
      "best_val_accuracy": {
        "mean": 0.7277777777777777,
        "std": 0.05665577237325319,
        "max": 0.8333333333333334
      },
      "experiment_count": 10
    },
    {
      "parameters": {
        "DROPOUT": 0.5,
        "HIDDEN_CHANNELS": 64,
        "MAX_HOPS": 3,
        "NUM_LAYERS": 1,
        "TEMPERATURE": 2.0
      },
      "final_test_accuracy": {
        "mean": 0.6763157894736842,
        "std": 0.06343142522733658,
        "max": 0.7894736842105263
      },
      "best_test_accuracy": {
        "mean": 0.6684210526315789,
        "std": 0.07554052681267012,
        "max": 0.7894736842105263
      },
      "final_val_accuracy": {
        "mean": 0.6777777777777778,
        "std": 0.06236095644623234,
        "max": 0.7777777777777778
      },
      "best_val_accuracy": {
        "mean": 0.7027777777777778,
        "std": 0.048192643258048534,
        "max": 0.7777777777777778
      },
      "experiment_count": 10
    },
    {
      "parameters": {
        "DROPOUT": 0.5,
        "HIDDEN_CHANNELS": 64,
        "MAX_HOPS": 4,
        "NUM_LAYERS": 1,
        "TEMPERATURE": 0.5
      },
      "final_test_accuracy": {
        "mean": 0.6736842105263158,
        "std": 0.06882472016116853,
        "max": 0.7631578947368421
      },
      "best_test_accuracy": {
        "mean": 0.6684210526315789,
        "std": 0.054187527057826326,
        "max": 0.7631578947368421
      },
      "final_val_accuracy": {
        "mean": 0.65,
        "std": 0.05983516452371669,
        "max": 0.75
      },
      "best_val_accuracy": {
        "mean": 0.7166666666666666,
        "std": 0.058001702827280836,
        "max": 0.8055555555555556
      },
      "experiment_count": 10
    },
    {
      "parameters": {
        "DROPOUT": 0.5,
        "HIDDEN_CHANNELS": 64,
        "MAX_HOPS": 4,
        "NUM_LAYERS": 1,
        "TEMPERATURE": 2.0
      },
      "final_test_accuracy": {
        "mean": 0.6710526315789473,
        "std": 0.04744146415084195,
        "max": 0.7368421052631579
      },
      "best_test_accuracy": {
        "mean": 0.65,
        "std": 0.09779423250558973,
        "max": 0.7631578947368421
      },
      "final_val_accuracy": {
        "mean": 0.6722222222222222,
        "std": 0.09525793444156803,
        "max": 0.8055555555555556
      },
      "best_val_accuracy": {
        "mean": 0.7333333333333333,
        "std": 0.08258927081843616,
        "max": 0.8611111111111112
      },
      "experiment_count": 10
    },
    {
      "parameters": {
        "DROPOUT": 0.5,
        "HIDDEN_CHANNELS": 64,
        "MAX_HOPS": 3,
        "NUM_LAYERS": 1,
        "TEMPERATURE": 0.5
      },
      "final_test_accuracy": {
        "mean": 0.6605263157894736,
        "std": 0.08106800947762821,
        "max": 0.7631578947368421
      },
      "best_test_accuracy": {
        "mean": 0.6447368421052632,
        "std": 0.09506522035888654,
        "max": 0.7894736842105263
      },
      "final_val_accuracy": {
        "mean": 0.7,
        "std": 0.07328281087929402,
        "max": 0.8611111111111112
      },
      "best_val_accuracy": {
        "mean": 0.7555555555555555,
        "std": 0.07005289007176943,
        "max": 0.8611111111111112
      },
      "experiment_count": 10
    },
    {
      "parameters": {
        "DROPOUT": 0.5,
        "HIDDEN_CHANNELS": 64,
        "MAX_HOPS": 2,
        "NUM_LAYERS": 1,
        "TEMPERATURE": 0.5
      },
      "final_test_accuracy": {
        "mean": 0.6473684210526316,
        "std": 0.0799930744924772,
        "max": 0.7894736842105263
      },
      "best_test_accuracy": {
        "mean": 0.65,
        "std": 0.06557860944409008,
        "max": 0.7631578947368421
      },
      "final_val_accuracy": {
        "mean": 0.7111111111111111,
        "std": 0.07474235581707617,
        "max": 0.7777777777777778
      },
      "best_val_accuracy": {
        "mean": 0.7638888888888888,
        "std": 0.07375510026306531,
        "max": 0.8333333333333334
      },
      "experiment_count": 10
    }
  ],
  "all_combinations": [
    {
      "parameters": {
        "DROPOUT": 0.5,
        "HIDDEN_CHANNELS": 64,
        "MAX_HOPS": 2,
        "NUM_LAYERS": 1,
        "TEMPERATURE": 2.0
      },
      "final_test_accuracy": {
        "mean": 0.6894736842105263,
        "std": 0.07877173445839877,
        "max": 0.7894736842105263
      },
      "best_test_accuracy": {
        "mean": 0.6789473684210526,
        "std": 0.07964603131800818,
        "max": 0.7894736842105263
      },
      "final_val_accuracy": {
        "mean": 0.6722222222222223,
        "std": 0.06894263136661587,
        "max": 0.8055555555555556
      },
      "best_val_accuracy": {
        "mean": 0.7277777777777777,
        "std": 0.05665577237325319,
        "max": 0.8333333333333334
      },
      "experiment_count": 10
    },
    {
      "parameters": {
        "DROPOUT": 0.5,
        "HIDDEN_CHANNELS": 64,
        "MAX_HOPS": 3,
        "NUM_LAYERS": 1,
        "TEMPERATURE": 2.0
      },
      "final_test_accuracy": {
        "mean": 0.6763157894736842,
        "std": 0.06343142522733658,
        "max": 0.7894736842105263
      },
      "best_test_accuracy": {
        "mean": 0.6684210526315789,
        "std": 0.07554052681267012,
        "max": 0.7894736842105263
      },
      "final_val_accuracy": {
        "mean": 0.6777777777777778,
        "std": 0.06236095644623234,
        "max": 0.7777777777777778
      },
      "best_val_accuracy": {
        "mean": 0.7027777777777778,
        "std": 0.048192643258048534,
        "max": 0.7777777777777778
      },
      "experiment_count": 10
    },
    {
      "parameters": {
        "DROPOUT": 0.5,
        "HIDDEN_CHANNELS": 64,