{
  "experiment_info": {
    "timestamp": "2025-07-05 12:26:36",
    "dataset": "Cornell",
    "model": "RobustH2GCN"
  },
  "gate_statistics": {
    "gate_mean": {
      "mean": 0.994865745306015,
      "std": 0.0025973785462799696
    },
    "gate_std": {
      "mean": 0.01112512583155573,
      "std": 0.006447569615893604
    },
    "gate_min": {
      "mean": 0.9029921303192775,
      "std": 0.08121095825777501
    },
    "gate_max": {
      "mean": 1.0,
      "std": 0.0
    },
    "gate_range": [
      0.492040753364563,
      1.0
    ],
    "experiment_count": 60
  },
  "best_parameter_gate_stats": {
    "gate_mean": {
      "mean": 0.9924167633056641,
      "std": 0.002114030603213745
    },
    "gate_std": {
      "mean": 0.015837097773328424,
      "std": 0.0102916995960507
    },
    "gate_min": {
      "mean": 0.857178944349289,
      "std": 0.12835077895133667
    },
    "gate_max": {
      "mean": 1.0,
      "std": 0.0
    },
    "gate_range": [
      0.492040753364563,
      1.0
    ],
    "experiment_count": 10,
    "best_parameters": {
      "DROPOUT": 0.5,
      "HIDDEN_CHANNELS": 64,
      "MAX_HOPS": 2,
      "NUM_LAYERS": 1,
      "TEMPERATURE": 0.5
    }
  }
}