{
  "experiment_info": {
    "timestamp": "2025-07-05 10:50:25",
    "dataset": "Cora",
    "model": "GCN"
  },
  "total_combinations": 6,
  "total_experiments": 60,
  "best_combination_by_val": {
    "parameters": {
      "DROPOUT": 0.5,
      "HIDDEN_CHANNELS": 64,
      "MAX_HOPS": 3,
      "NUM_LAYERS": 2,
      "TEMPERATURE": 0.5
    },
    "final_test_accuracy": {
      "mean": 0.8482504604051565,
      "std": 0.018748385403498213,
      "max": 0.8839779005524862
    },
    "best_test_accuracy": {
      "mean": 0.8508287292817679,
      "std": 0.014663741611340252,
      "max": 0.8784530386740331
    },
    "final_val_accuracy": {
      "mean": 0.8587800369685767,
      "std": 0.009682662368731087,
      "max": 0.8743068391866913
    },
    "best_val_accuracy": {
      "mean": 0.8696857670979666,
      "std": 0.012543465861237373,
      "max": 0.8946395563770795
    },
    "experiment_count": 10
  },
  "best_combination_by_test": {
    "parameters": {
      "DROPOUT": 0.5,
      "HIDDEN_CHANNELS": 64,
      "MAX_HOPS": 2,
      "NUM_LAYERS": 2,
      "TEMPERATURE": 0.5
    },
    "final_test_accuracy": {
      "mean": 0.8489871086556169,
      "std": 0.01691887156958505,
      "max": 0.8766114180478821
    },
    "best_test_accuracy": {
      "mean": 0.8506445672191528,
      "std": 0.012981792669301745,
      "max": 0.8729281767955801
    },
    "final_val_accuracy": {
      "mean": 0.845286506469501,
      "std": 0.017261791958898376,
      "max": 0.8743068391866913
    },
    "best_val_accuracy": {
      "mean": 0.8589648798521257,
      "std": 0.01704267424674233,
      "max": 0.8909426987060998
    },
    "experiment_count": 10
  },
  "top_10_combinations": [
    {
      "parameters": {
        "DROPOUT": 0.5,
        "HIDDEN_CHANNELS": 64,
        "MAX_HOPS": 2,
        "NUM_LAYERS": 2,
        "TEMPERATURE": 0.5
      },
      "final_test_accuracy": {
        "mean": 0.8489871086556169,
        "std": 0.01691887156958505,
        "max": 0.8766114180478821
      },
      "best_test_accuracy": {
        "mean": 0.8506445672191528,
        "std": 0.012981792669301745,
        "max": 0.8729281767955801
      },
      "final_val_accuracy": {
        "mean": 0.845286506469501,
        "std": 0.017261791958898376,
        "max": 0.8743068391866913
      },
      "best_val_accuracy": {
        "mean": 0.8589648798521257,
        "std": 0.01704267424674233,
        "max": 0.8909426987060998
      },
      "experiment_count": 10
    },
    {
      "parameters": {
        "DROPOUT": 0.5,
        "HIDDEN_CHANNELS": 64,
        "MAX_HOPS": 3,
        "NUM_LAYERS": 2,
        "TEMPERATURE": 0.5
      },
      "final_test_accuracy": {
        "mean": 0.8482504604051565,
        "std": 0.018748385403498213,
        "max": 0.8839779005524862
      },
      "best_test_accuracy": {
        "mean": 0.8508287292817679,
        "std": 0.014663741611340252,
        "max": 0.8784530386740331
      },
      "final_val_accuracy": {
        "mean": 0.8587800369685767,
        "std": 0.009682662368731087,
        "max": 0.8743068391866913
      },
      "best_val_accuracy": {
        "mean": 0.8696857670979666,
        "std": 0.012543465861237373,
        "max": 0.8946395563770795
      },
      "experiment_count": 10
    },
    {
      "parameters": {
        "DROPOUT": 0.5,
        "HIDDEN_CHANNELS": 64,
        "MAX_HOPS": 4,
        "NUM_LAYERS": 2,
        "TEMPERATURE": 0.5
      },
      "final_test_accuracy": {
        "mean": 0.8449355432780846,
        "std": 0.011376386896118251,
        "max": 0.8655616942909761
      },
      "best_test_accuracy": {
        "mean": 0.8467771639042356,
        "std": 0.01021394079105862,
        "max": 0.8637200736648251
      },
      "final_val_accuracy": {
        "mean": 0.8473197781885398,
        "std": 0.009323120305300187,
        "max": 0.8613678373382625
      },
      "best_val_accuracy": {
        "mean": 0.8569316081330868,
        "std": 0.00871706182813428,
        "max": 0.8724584103512015
      },
      "experiment_count": 10
    },
    {
      "parameters": {
        "DROPOUT": 0.5,
        "HIDDEN_CHANNELS": 64,
        "MAX_HOPS": 2,
        "NUM_LAYERS": 1,
        "TEMPERATURE": 0.5
      },
      "final_test_accuracy": {
        "mean": 0.7661141804788214,
        "std": 0.016938905764371147,
        "max": 0.7955801104972375
      },
      "best_test_accuracy": {
        "mean": 0.7637200736648251,
        "std": 0.012161669967660459,
        "max": 0.7771639042357275
      },
      "final_val_accuracy": {
        "mean": 0.7622920517560073,
        "std": 0.015224591705710914,
        "max": 0.7929759704251387
      },
      "best_val_accuracy": {
        "mean": 0.7691312384473198,
        "std": 0.01599611987897962,
        "max": 0.8022181146025879
      },
      "experiment_count": 10
    },
    {
      "parameters": {
        "DROPOUT": 0.5,
        "HIDDEN_CHANNELS": 64,
        "MAX_HOPS": 4,
        "NUM_LAYERS": 1,
        "TEMPERATURE": 0.5
      },
      "final_test_accuracy": {
        "mean": 0.7615101289134438,
        "std": 0.020872151802435214,
        "max": 0.7974217311233885
      },
      "best_test_accuracy": {
        "mean": 0.7574585635359116,
        "std": 0.02354179022028576,
        "max": 0.7900552486187845
      },
      "final_val_accuracy": {
        "mean": 0.7678373382624768,
        "std": 0.014745782384605645,
        "max": 0.7985212569316081
      },
      "best_val_accuracy": {
        "mean": 0.7752310536044362,
        "std": 0.013359934195632266,
        "max": 0.8040665434380776
      },
      "experiment_count": 10
    },
    {
      "parameters": {
        "DROPOUT": 0.5,
        "HIDDEN_CHANNELS": 64,
        "MAX_HOPS": 3,
        "NUM_LAYERS": 1,
        "TEMPERATURE": 0.5
      },
      "final_test_accuracy": {
        "mean": 0.7598526703499079,
        "std": 0.014806446587286776,
        "max": 0.7826887661141805
      },
      "best_test_accuracy": {
        "mean": 0.751197053406998,
        "std": 0.014880704915665392,
        "max": 0.7716390423572744
      },
      "final_val_accuracy": {
        "mean": 0.7532347504621073,
        "std": 0.019196091422266463,
        "max": 0.7781885397412199
      },
      "best_val_accuracy": {
        "mean": 0.7621072088724585,
        "std": 0.017082722884380064,
        "max": 0.7837338262476895
      },
      "experiment_count": 10
    }
  ],
  "all_combinations": [
    {
      "parameters": {
        "DROPOUT": 0.5,
        "HIDDEN_CHANNELS": 64,
        "MAX_HOPS": 2,
        "NUM_LAYERS": 2,
        "TEMPERATURE": 0.5
      },
      "final_test_accuracy": {
        "mean": 0.8489871086556169,
        "std": 0.01691887156958505,
        "max": 0.8766114180478821
      },
      "best_test_accuracy": {
        "mean": 0.8506445672191528,
        "std": 0.012981792669301745,
        "max": 0.8729281767955801
      },
      "final_val_accuracy": {
        "mean": 0.845286506469501,
        "std": 0.017261791958898376,
        "max": 0.8743068391866913
      },
      "best_val_accuracy": {
        "mean": 0.8589648798521257,
        "std": 0.01704267424674233,
        "max": 0.8909426987060998
      },
      "experiment_count": 10
    },
    {
      "parameters": {
        "DROPOUT": 0.5,
        "HIDDEN_CHANNELS": 64,
        "MAX_HOPS": 3,
        "NUM_LAYERS": 2,
        "TEMPERATURE": 0.5
      },
      "final_test_accuracy": {
        "mean": 0.8482504604051565,
        "std": 0.018748385403498213,
        "max": 0.8839779005524862
      },
      "best_test_accuracy": {
        "mean": 0.8508287292817679,
        "std": 0.014663741611340252,
        "max": 0.8784530386740331
      },
      "final_val_accuracy": {
        "mean": 0.8587800369685767,
        "std": 0.009682662368731087,
        "max": 0.8743068391866913
      },
      "best_val_accuracy": {
        "mean": 0.8696857670979666,
        "std": 0.012543465861237373,
        "max": 0.8946395563770795
      },