{
  "experiment_info": {
    "timestamp": "2025-07-05 22:29:39",
    "dataset": "Citeseer",
    "model": "H2GCN"
  },
  "total_experiments": 60,
  "final_results": {
    "train": {
      "mean": 1.0,
      "std": 0.0
    },
    "val": {
      "mean": 0.7041854636591479,
      "std": 0.01630288730629541
    },
    "test": {
      "mean": 0.7037537537537538,
      "std": 0.017594496954441083
    }
  },
  "best_results": {
    "val": {
      "mean": 0.745639097744361,
      "std": 0.012514750939860497
    },
    "test": {
      "mean": 0.736836836836837,
      "std": 0.01626634326616102
    }
  },
  "early_stopping": {
    "early_stopped_experiments": 60,
    "early_stopping_rate": 1.0,
    "average_stopping_epoch": 59.6,
    "stopping_epoch_std": 2.381876011326646,
    "stopping_epoch_range": [
      55,
      67
    ]
  },
  "feature_modification": {
    "modifications_applied": 1,
    "modification_types": [
      "missingness"
    ]
  }
}