{
  "experiment_info": {
    "timestamp": "2025-07-07 00:44:13",
    "dataset": "Citeseer",
    "model": "RobustH2GCN"
  },
  "total_experiments": 60,
  "final_results": {
    "train": {
      "mean": 0.8765865063460254,
      "std": 0.0231237738931775
    },
    "val": {
      "mean": 0.6746365914786968,
      "std": 0.0231043984950138
    },
    "test": {
      "mean": 0.6781281281281282,
      "std": 0.024084893275372592
    }
  },
  "best_results": {
    "val": {
      "mean": 0.6960651629072679,
      "std": 0.018774104695478536
    },
    "test": {
      "mean": 0.6903903903903904,
      "std": 0.016956111935056827
    }
  },
  "early_stopping": {
    "early_stopped_experiments": 60,
    "early_stopping_rate": 1.0,
    "average_stopping_epoch": 135.91666666666666,
    "stopping_epoch_std": 52.20864924086386,
    "stopping_epoch_range": [
      55,
      273
    ]
  },
  "feature_modification": {
    "modifications_applied": 1,
    "modification_types": [
      "noise"
    ]
  }
}