{
  "experiment_info": {
    "timestamp": "2025-07-05 12:16:52",
    "dataset": "Texas",
    "model": "RGCN"
  },
  "total_experiments": 60,
  "final_results": {
    "train": {
      "mean": 0.9882262996941897,
      "std": 0.014514722812185642
    },
    "val": {
      "mean": 0.6328703703703703,
      "std": 0.1000375015415601
    },
    "test": {
      "mean": 0.6337719298245614,
      "std": 0.07463231921704146
    }
  },
  "best_results": {
    "val": {
      "mean": 0.712037037037037,
      "std": 0.0884198659936327
    },
    "test": {
      "mean": 0.6583333333333332,
      "std": 0.07435342510723349
    }
  },
  "early_stopping": {
    "early_stopped_experiments": 60,
    "early_stopping_rate": 1.0,
    "average_stopping_epoch": 65.23333333333333,
    "stopping_epoch_std": 17.17689015961724,
    "stopping_epoch_range": [
      50,
      141
    ]
  },
  "feature_modification": {
    "modifications_applied": 1,
    "modification_types": [
      "missingness"
    ]
  }
}