{
  "experiment_info": {
    "timestamp": "2025-07-05 12:16:52",
    "dataset": "Texas",
    "model": "RGCN"
  },
  "total_combinations": 6,
  "total_experiments": 60,
  "best_combination_by_val": {
    "parameters": {
      "DROPOUT": 0.5,
      "HIDDEN_CHANNELS": 64,
      "MAX_HOPS": 3,
      "NUM_LAYERS": 2,
      "TEMPERATURE": 0.5
    },
    "final_test_accuracy": {
      "mean": 0.631578947368421,
      "std": 0.04707511531578504,
      "max": 0.7105263157894737
    },
    "best_test_accuracy": {
      "mean": 0.6473684210526316,
      "std": 0.05789473684210526,
      "max": 0.7631578947368421
    },
    "final_val_accuracy": {
      "mean": 0.7333333333333334,
      "std": 0.06826780959691395,
      "max": 0.8333333333333334
    },
    "best_val_accuracy": {
      "mean": 0.8027777777777777,
      "std": 0.056177078933768575,
      "max": 0.8888888888888888
    },
    "experiment_count": 10
  },
  "best_combination_by_test": {
    "parameters": {
      "DROPOUT": 0.5,
      "HIDDEN_CHANNELS": 64,
      "MAX_HOPS": 4,
      "NUM_LAYERS": 2,
      "TEMPERATURE": 0.5
    },
    "final_test_accuracy": {
      "mean": 0.6868421052631579,
      "std": 0.07297591907295814,
      "max": 0.7894736842105263
    },
    "best_test_accuracy": {
      "mean": 0.681578947368421,
      "std": 0.08763592529129849,
      "max": 0.8421052631578947
    },
    "final_val_accuracy": {
      "mean": 0.663888888888889,
      "std": 0.09166666666666666,
      "max": 0.8055555555555556
    },
    "best_val_accuracy": {
      "mean": 0.7222222222222221,
      "std": 0.07856742013183861,
      "max": 0.8333333333333334
    },
    "experiment_count": 10
  },
  "top_10_combinations": [
    {
      "parameters": {
        "DROPOUT": 0.5,
        "HIDDEN_CHANNELS": 64,
        "MAX_HOPS": 4,
        "NUM_LAYERS": 2,
        "TEMPERATURE": 0.5
      },
      "final_test_accuracy": {
        "mean": 0.6868421052631579,
        "std": 0.07297591907295814,
        "max": 0.7894736842105263
      },
      "best_test_accuracy": {
        "mean": 0.681578947368421,
        "std": 0.08763592529129849,
        "max": 0.8421052631578947
      },
      "final_val_accuracy": {
        "mean": 0.663888888888889,
        "std": 0.09166666666666666,
        "max": 0.8055555555555556
      },
      "best_val_accuracy": {
        "mean": 0.7222222222222221,
        "std": 0.07856742013183861,
        "max": 0.8333333333333334
      },
      "experiment_count": 10
    },
    {
      "parameters": {
        "DROPOUT": 0.5,
        "HIDDEN_CHANNELS": 64,
        "MAX_HOPS": 2,
        "NUM_LAYERS": 2,
        "TEMPERATURE": 0.5
      },
      "final_test_accuracy": {
        "mean": 0.6657894736842105,
        "std": 0.07899121589370334,
        "max": 0.7631578947368421
      },
      "best_test_accuracy": {
        "mean": 0.7105263157894737,
        "std": 0.05263157894736843,
        "max": 0.7894736842105263
      },
      "final_val_accuracy": {
        "mean": 0.6666666666666666,
        "std": 0.05121969142940494,
        "max": 0.8055555555555556
      },
      "best_val_accuracy": {
        "mean": 0.7361111111111112,
        "std": 0.054503935750968305,
        "max": 0.8333333333333334
      },
      "experiment_count": 10
    },
    {
      "parameters": {
        "DROPOUT": 0.5,
        "HIDDEN_CHANNELS": 64,
        "MAX_HOPS": 3,
        "NUM_LAYERS": 2,
        "TEMPERATURE": 0.5
      },
      "final_test_accuracy": {
        "mean": 0.631578947368421,
        "std": 0.04707511531578504,
        "max": 0.7105263157894737
      },
      "best_test_accuracy": {
        "mean": 0.6473684210526316,
        "std": 0.05789473684210526,
        "max": 0.7631578947368421
      },
      "final_val_accuracy": {
        "mean": 0.7333333333333334,
        "std": 0.06826780959691395,
        "max": 0.8333333333333334
      },
      "best_val_accuracy": {
        "mean": 0.8027777777777777,
        "std": 0.056177078933768575,
        "max": 0.8888888888888888
      },
      "experiment_count": 10
    },
    {
      "parameters": {
        "DROPOUT": 0.5,
        "HIDDEN_CHANNELS": 64,
        "MAX_HOPS": 4,
        "NUM_LAYERS": 1,
        "TEMPERATURE": 0.5
      },
      "final_test_accuracy": {
        "mean": 0.618421052631579,
        "std": 0.04744146415084196,
        "max": 0.7105263157894737
      },
      "best_test_accuracy": {
        "mean": 0.6578947368421053,
        "std": 0.058843894144731304,
        "max": 0.7631578947368421
      },
      "final_val_accuracy": {
        "mean": 0.5611111111111111,
        "std": 0.07114582486036497,
        "max": 0.6666666666666666
      },
      "best_val_accuracy": {
        "mean": 0.6527777777777778,
        "std": 0.08356449420272957,
        "max": 0.7777777777777778
      },
      "experiment_count": 10
    },
    {
      "parameters": {
        "DROPOUT": 0.5,
        "HIDDEN_CHANNELS": 64,
        "MAX_HOPS": 3,
        "NUM_LAYERS": 1,
        "TEMPERATURE": 0.5
      },
      "final_test_accuracy": {
        "mean": 0.6157894736842106,
        "std": 0.06467476698655004,
        "max": 0.6842105263157895
      },
      "best_test_accuracy": {
        "mean": 0.6473684210526316,
        "std": 0.0515682051112248,
        "max": 0.7368421052631579
      },
      "final_val_accuracy": {
        "mean": 0.6027777777777779,
        "std": 0.06579288490181671,
        "max": 0.6944444444444444
      },
      "best_val_accuracy": {
        "mean": 0.6833333333333333,
        "std": 0.04843221048378526,
        "max": 0.75
      },
      "experiment_count": 10
    },
    {
      "parameters": {
        "DROPOUT": 0.5,
        "HIDDEN_CHANNELS": 64,
        "MAX_HOPS": 2,
        "NUM_LAYERS": 1,
        "TEMPERATURE": 0.5
      },
      "final_test_accuracy": {
        "mean": 0.5842105263157895,
        "std": 0.0796460313180082,
        "max": 0.7105263157894737
      },
      "best_test_accuracy": {
        "mean": 0.6052631578947368,
        "std": 0.08321783316232577,
        "max": 0.7631578947368421
      },
      "final_val_accuracy": {
        "mean": 0.5694444444444444,
        "std": 0.11266277661485137,
        "max": 0.7222222222222222
      },
      "best_val_accuracy": {
        "mean": 0.6749999999999999,
        "std": 0.10322724542256692,
        "max": 0.8055555555555556
      },
      "experiment_count": 10
    }
  ],
  "all_combinations": [
    {
      "parameters": {
        "DROPOUT": 0.5,
        "HIDDEN_CHANNELS": 64,
        "MAX_HOPS": 4,
        "NUM_LAYERS": 2,
        "TEMPERATURE": 0.5
      },
      "final_test_accuracy": {
        "mean": 0.6868421052631579,
        "std": 0.07297591907295814,
        "max": 0.7894736842105263
      },
      "best_test_accuracy": {
        "mean": 0.681578947368421,
        "std": 0.08763592529129849,
        "max": 0.8421052631578947
      },
      "final_val_accuracy": {
        "mean": 0.663888888888889,
        "std": 0.09166666666666666,
        "max": 0.8055555555555556
      },
      "best_val_accuracy": {
        "mean": 0.7222222222222221,
        "std": 0.07856742013183861,
        "max": 0.8333333333333334
      },
      "experiment_count": 10
    },
    {
      "parameters": {
        "DROPOUT": 0.5,
        "HIDDEN_CHANNELS": 64,
        "MAX_HOPS": 2,
        "NUM_LAYERS": 2,
        "TEMPERATURE": 0.5
      },
      "final_test_accuracy": {
        "mean": 0.6657894736842105,
        "std": 0.07899121589370334,
        "max": 0.7631578947368421
      },
      "best_test_accuracy": {
        "mean": 0.7105263157894737,
        "std": 0.05263157894736843,
        "max": 0.7894736842105263
      },
      "final_val_accuracy": {
        "mean": 0.6666666666666666,
        "std": 0.05121969142940494,
        "max": 0.8055555555555556
      },
      "best_val_accuracy": {
        "mean": 0.7361111111111112,
        "std": 0.054503935750968305,
        "max": 0.8333333333333334
      },