{
  "experiment_info": {
    "timestamp": "2025-07-03 16:30:52",
    "dataset": "Texas",
    "model": "MLP"
  },
  "total_combinations": 9,
  "total_experiments": 90,
  "best_combination_by_val": {
    "parameters": {
      "DROPOUT": 0.5,
      "HIDDEN_CHANNELS": 64,
      "MAX_HOPS": 4,
      "NUM_LAYERS": 3,
      "TEMPERATURE": 0.5
    },
    "final_test_accuracy": {
      "mean": 0.5210526315789472,
      "std": 0.09690501389222092,
      "max": 0.6842105263157895
    },
    "best_test_accuracy": {
      "mean": 0.5394736842105262,
      "std": 0.09722606948374299,
      "max": 0.6842105263157895
    },
    "final_val_accuracy": {
      "mean": 0.5611111111111111,
      "std": 0.08940820521906155,
      "max": 0.75
    },
    "best_val_accuracy": {
      "mean": 0.5944444444444444,
      "std": 0.10183501544346311,
      "max": 0.75
    },
    "experiment_count": 10
  },
  "best_combination_by_test": {
    "parameters": {
      "DROPOUT": 0.5,
      "HIDDEN_CHANNELS": 64,
      "MAX_HOPS": 4,
      "NUM_LAYERS": 1,
      "TEMPERATURE": 0.5
    },
    "final_test_accuracy": {
      "mean": 0.5710526315789474,
      "std": 0.058902708646314195,
      "max": 0.6578947368421053
    },
    "best_test_accuracy": {
      "mean": 0.5736842105263158,
      "std": 0.06636589585746575,
      "max": 0.7105263157894737
    },
    "final_val_accuracy": {
      "mean": 0.5166666666666666,
      "std": 0.057197945227705556,
      "max": 0.6388888888888888
    },
    "best_val_accuracy": {
      "mean": 0.5277777777777778,
      "std": 0.060858061945018464,
      "max": 0.6388888888888888
    },
    "experiment_count": 10
  },
  "top_10_combinations": [
    {
      "parameters": {
        "DROPOUT": 0.5,
        "HIDDEN_CHANNELS": 64,
        "MAX_HOPS": 4,
        "NUM_LAYERS": 1,
        "TEMPERATURE": 0.5
      },
      "final_test_accuracy": {
        "mean": 0.5710526315789474,
        "std": 0.058902708646314195,
        "max": 0.6578947368421053
      },
      "best_test_accuracy": {
        "mean": 0.5736842105263158,
        "std": 0.06636589585746575,
        "max": 0.7105263157894737
      },
      "final_val_accuracy": {
        "mean": 0.5166666666666666,
        "std": 0.057197945227705556,
        "max": 0.6388888888888888
      },
      "best_val_accuracy": {
        "mean": 0.5277777777777778,
        "std": 0.060858061945018464,
        "max": 0.6388888888888888
      },
      "experiment_count": 10
    },
    {
      "parameters": {
        "DROPOUT": 0.5,
        "HIDDEN_CHANNELS": 64,
        "MAX_HOPS": 4,
        "NUM_LAYERS": 2,
        "TEMPERATURE": 0.5
      },
      "final_test_accuracy": {
        "mean": 0.5526315789473685,
        "std": 0.03721614637823935,
        "max": 0.6052631578947368
      },
      "best_test_accuracy": {
        "mean": 0.5447368421052632,
        "std": 0.04251445900369345,
        "max": 0.6052631578947368
      },
      "final_val_accuracy": {
        "mean": 0.5416666666666666,
        "std": 0.05159493228057421,
        "max": 0.6111111111111112
      },
      "best_val_accuracy": {
        "mean": 0.5555555555555556,
        "std": 0.05555555555555556,
        "max": 0.6388888888888888
      },
      "experiment_count": 10
    },
    {
      "parameters": {
        "DROPOUT": 0.5,
        "HIDDEN_CHANNELS": 64,
        "MAX_HOPS": 3,
        "NUM_LAYERS": 2,
        "TEMPERATURE": 0.5
      },
      "final_test_accuracy": {
        "mean": 0.5473684210526315,
        "std": 0.06205171643448208,
        "max": 0.631578947368421
      },
      "best_test_accuracy": {
        "mean": 0.5447368421052631,
        "std": 0.062330101485931634,
        "max": 0.631578947368421
      },
      "final_val_accuracy": {
        "mean": 0.5666666666666668,
        "std": 0.059835164523716705,
        "max": 0.6388888888888888
      },
      "best_val_accuracy": {
        "mean": 0.5722222222222223,
        "std": 0.06358623967921997,
        "max": 0.6666666666666666
      },
      "experiment_count": 10
    },
    {
      "parameters": {
        "DROPOUT": 0.5,
        "HIDDEN_CHANNELS": 64,
        "MAX_HOPS": 2,
        "NUM_LAYERS": 1,
        "TEMPERATURE": 0.5
      },
      "final_test_accuracy": {
        "mean": 0.5421052631578949,
        "std": 0.06781104593013225,
        "max": 0.6842105263157895
      },
      "best_test_accuracy": {
        "mean": 0.5447368421052632,
        "std": 0.07066169253735555,
        "max": 0.6842105263157895
      },
      "final_val_accuracy": {
        "mean": 0.5416666666666667,
        "std": 0.06117420984873678,
        "max": 0.6388888888888888
      },
      "best_val_accuracy": {
        "mean": 0.5416666666666667,
        "std": 0.06117420984873678,
        "max": 0.6388888888888888
      },
      "experiment_count": 10
    },
    {
      "parameters": {
        "DROPOUT": 0.5,
        "HIDDEN_CHANNELS": 64,
        "MAX_HOPS": 2,
        "NUM_LAYERS": 2,
        "TEMPERATURE": 0.5
      },
      "final_test_accuracy": {
        "mean": 0.536842105263158,
        "std": 0.04880851839734582,
        "max": 0.6052631578947368
      },
      "best_test_accuracy": {
        "mean": 0.536842105263158,
        "std": 0.04880851839734582,
        "max": 0.6052631578947368
      },
      "final_val_accuracy": {
        "mean": 0.5361111111111111,
        "std": 0.07248882417055492,
        "max": 0.6666666666666666
      },
      "best_val_accuracy": {
        "mean": 0.5416666666666667,
        "std": 0.07581857813308988,
        "max": 0.6666666666666666
      },
      "experiment_count": 10
    },
    {
      "parameters": {
        "DROPOUT": 0.5,
        "HIDDEN_CHANNELS": 64,
        "MAX_HOPS": 3,
        "NUM_LAYERS": 1,
        "TEMPERATURE": 0.5
      },
      "final_test_accuracy": {
        "mean": 0.5368421052631579,
        "std": 0.06781104593013225,
        "max": 0.631578947368421
      },
      "best_test_accuracy": {
        "mean": 0.5342105263157895,
        "std": 0.08652253801459789,
        "max": 0.6578947368421053
      },
      "final_val_accuracy": {
        "mean": 0.5694444444444444,
        "std": 0.07270140182390222,
        "max": 0.6666666666666666
      },
      "best_val_accuracy": {
        "mean": 0.575,
        "std": 0.07762882562490066,
        "max": 0.6666666666666666
      },
      "experiment_count": 10
    },
    {
      "parameters": {
        "DROPOUT": 0.5,
        "HIDDEN_CHANNELS": 64,
        "MAX_HOPS": 3,
        "NUM_LAYERS": 3,
        "TEMPERATURE": 0.5
      },
      "final_test_accuracy": {
        "mean": 0.5342105263157895,
        "std": 0.07899121589370334,
        "max": 0.631578947368421
      },
      "best_test_accuracy": {
        "mean": 0.531578947368421,
        "std": 0.08051083442514922,
        "max": 0.631578947368421
      },
      "final_val_accuracy": {
        "mean": 0.5611111111111111,
        "std": 0.07934920476158722,
        "max": 0.6666666666666666
      },
      "best_val_accuracy": {
        "mean": 0.5694444444444444,
        "std": 0.08169689538807079,
        "max": 0.6944444444444444
      },
      "experiment_count": 10
    },
    {
      "parameters": {
        "DROPOUT": 0.5,
        "HIDDEN_CHANNELS": 64,
        "MAX_HOPS": 2,
        "NUM_LAYERS": 3,
        "TEMPERATURE": 0.5
      },
      "final_test_accuracy": {
        "mean": 0.5210526315789473,
        "std": 0.08388093395004857,
        "max": 0.6052631578947368
      },
      "best_test_accuracy": {
        "mean": 0.5236842105263156,
        "std": 0.0775758051209667,
        "max": 0.6052631578947368
      },
      "final_val_accuracy": {
        "mean": 0.5805555555555556,
        "std": 0.043832593994609724,
        "max": 0.6388888888888888
      },
      "best_val_accuracy": {
        "mean": 0.5916666666666666,
        "std": 0.041294635409218065,
        "max": 0.6388888888888888
      },
      "experiment_count": 10
    },
    {
      "parameters": {
        "DROPOUT": 0.5,