{
  "experiment_info": {
    "timestamp": "2025-07-03 10:37:39",
    "dataset": "Cornell",
    "model": "RobustH2GCN"
  },
  "total_experiments": 90,
  "final_results": {
    "train": {
      "mean": 0.7629969418960245,
      "std": 0.07639447331653695
    },
    "val": {
      "mean": 0.5262345679012346,
      "std": 0.07446207538491979
    },
    "test": {
      "mean": 0.5277777777777778,
      "std": 0.07559766085490353
    }
  },
  "best_results": {
    "val": {
      "mean": 0.582716049382716,
      "std": 0.07487733198570828
    },
    "test": {
      "mean": 0.5163742690058479,
      "std": 0.0822485046960895
    }
  },
  "early_stopping": {
    "early_stopped_experiments": 90,
    "early_stopping_rate": 1.0,
    "average_stopping_epoch": 74.47777777777777,
    "stopping_epoch_std": 24.115567944461738,
    "stopping_epoch_range": [
      50,
      172
    ]
  },
  "feature_modification": {
    "modifications_applied": 1,
    "modification_types": [
      "noise"
    ]
  }
}