{
  "experiment_info": {
    "timestamp": "2025-07-05 22:42:26",
    "dataset": "Citeseer",
    "model": "GAT"
  },
  "total_combinations": 6,
  "total_experiments": 60,
  "best_combination_by_val": {
    "parameters": {
      "DROPOUT": 0.5,
      "HIDDEN_CHANNELS": 64,
      "MAX_HOPS": 3,
      "NUM_LAYERS": 2,
      "TEMPERATURE": 0.5
    },
    "final_test_accuracy": {
      "mean": 0.7117117117117117,
      "std": 0.024257499131236492,
      "max": 0.7582582582582582
    },
    "best_test_accuracy": {
      "mean": 0.7193693693693695,
      "std": 0.02284503818433048,
      "max": 0.7702702702702703
    },
    "final_val_accuracy": {
      "mean": 0.7144360902255639,
      "std": 0.01599154618657944,
      "max": 0.7488721804511278
    },
    "best_val_accuracy": {
      "mean": 0.7345864661654136,
      "std": 0.013403718719241715,
      "max": 0.762406015037594
    },
    "experiment_count": 10
  },
  "best_combination_by_test": {
    "parameters": {
      "DROPOUT": 0.5,
      "HIDDEN_CHANNELS": 64,
      "MAX_HOPS": 4,
      "NUM_LAYERS": 2,
      "TEMPERATURE": 0.5
    },
    "final_test_accuracy": {
      "mean": 0.715015015015015,
      "std": 0.015027022226062243,
      "max": 0.7342342342342343
    },
    "best_test_accuracy": {
      "mean": 0.7163663663663664,
      "std": 0.012624226027543489,
      "max": 0.7372372372372372
    },
    "final_val_accuracy": {
      "mean": 0.7120300751879699,
      "std": 0.014567851078175462,
      "max": 0.7323308270676692
    },
    "best_val_accuracy": {
      "mean": 0.7323308270676692,
      "std": 0.01629342564881988,
      "max": 0.7654135338345864
    },
    "experiment_count": 10
  },
  "top_10_combinations": [
    {
      "parameters": {
        "DROPOUT": 0.5,
        "HIDDEN_CHANNELS": 64,
        "MAX_HOPS": 4,
        "NUM_LAYERS": 2,
        "TEMPERATURE": 0.5
      },
      "final_test_accuracy": {
        "mean": 0.715015015015015,
        "std": 0.015027022226062243,
        "max": 0.7342342342342343
      },
      "best_test_accuracy": {
        "mean": 0.7163663663663664,
        "std": 0.012624226027543489,
        "max": 0.7372372372372372
      },
      "final_val_accuracy": {
        "mean": 0.7120300751879699,
        "std": 0.014567851078175462,
        "max": 0.7323308270676692
      },
      "best_val_accuracy": {
        "mean": 0.7323308270676692,
        "std": 0.01629342564881988,
        "max": 0.7654135338345864
      },
      "experiment_count": 10
    },
    {
      "parameters": {
        "DROPOUT": 0.5,
        "HIDDEN_CHANNELS": 64,
        "MAX_HOPS": 2,
        "NUM_LAYERS": 2,
        "TEMPERATURE": 0.5
      },
      "final_test_accuracy": {
        "mean": 0.7135135135135136,
        "std": 0.01588756044013368,
        "max": 0.7357357357357357
      },
      "best_test_accuracy": {
        "mean": 0.7208708708708709,
        "std": 0.013234524173825998,
        "max": 0.7357357357357357
      },
      "final_val_accuracy": {
        "mean": 0.7124812030075188,
        "std": 0.009337849441359425,
        "max": 0.7278195488721805
      },
      "best_val_accuracy": {
        "mean": 0.7311278195488723,
        "std": 0.009764019898194249,
        "max": 0.7473684210526316
      },
      "experiment_count": 10
    },
    {
      "parameters": {
        "DROPOUT": 0.5,
        "HIDDEN_CHANNELS": 64,
        "MAX_HOPS": 3,
        "NUM_LAYERS": 2,
        "TEMPERATURE": 0.5
      },
      "final_test_accuracy": {
        "mean": 0.7117117117117117,
        "std": 0.024257499131236492,
        "max": 0.7582582582582582
      },
      "best_test_accuracy": {
        "mean": 0.7193693693693695,
        "std": 0.02284503818433048,
        "max": 0.7702702702702703
      },
      "final_val_accuracy": {
        "mean": 0.7144360902255639,
        "std": 0.01599154618657944,
        "max": 0.7488721804511278
      },
      "best_val_accuracy": {
        "mean": 0.7345864661654136,
        "std": 0.013403718719241715,
        "max": 0.762406015037594
      },
      "experiment_count": 10
    },
    {
      "parameters": {
        "DROPOUT": 0.5,
        "HIDDEN_CHANNELS": 64,
        "MAX_HOPS": 4,
        "NUM_LAYERS": 1,
        "TEMPERATURE": 0.5
      },
      "final_test_accuracy": {
        "mean": 0.6917417417417419,
        "std": 0.0175495916860914,
        "max": 0.7252252252252253
      },
      "best_test_accuracy": {
        "mean": 0.6915915915915916,
        "std": 0.019728609856644853,
        "max": 0.7252252252252253
      },
      "final_val_accuracy": {
        "mean": 0.697593984962406,
        "std": 0.018459527106390802,
        "max": 0.7398496240601504
      },
      "best_val_accuracy": {
        "mean": 0.7072180451127819,
        "std": 0.01682665779231636,
        "max": 0.7458646616541353
      },
      "experiment_count": 10
    },
    {
      "parameters": {
        "DROPOUT": 0.5,
        "HIDDEN_CHANNELS": 64,
        "MAX_HOPS": 2,
        "NUM_LAYERS": 1,
        "TEMPERATURE": 0.5
      },
      "final_test_accuracy": {
        "mean": 0.6813813813813814,
        "std": 0.02734052415404237,
        "max": 0.7177177177177178
      },
      "best_test_accuracy": {
        "mean": 0.6773273273273273,
        "std": 0.03586954784075397,
        "max": 0.7282282282282282
      },
      "final_val_accuracy": {
        "mean": 0.6809022556390978,
        "std": 0.01779017915328752,
        "max": 0.6992481203007519
      },
      "best_val_accuracy": {
        "mean": 0.6882706766917293,
        "std": 0.017355885200364945,
        "max": 0.7037593984962406
      },
      "experiment_count": 10
    },
    {
      "parameters": {
        "DROPOUT": 0.5,
        "HIDDEN_CHANNELS": 64,
        "MAX_HOPS": 3,
        "NUM_LAYERS": 1,
        "TEMPERATURE": 0.5
      },
      "final_test_accuracy": {
        "mean": 0.6732732732732732,
        "std": 0.018635563344264527,
        "max": 0.7027027027027027
      },
      "best_test_accuracy": {
        "mean": 0.6663663663663664,
        "std": 0.030051043698839337,
        "max": 0.6951951951951952
      },
      "final_val_accuracy": {
        "mean": 0.6742857142857144,
        "std": 0.029461406066185764,
        "max": 0.7218045112781954
      },
      "best_val_accuracy": {
        "mean": 0.6863157894736842,
        "std": 0.029369156368682616,
        "max": 0.7398496240601504
      },
      "experiment_count": 10
    }
  ],
  "all_combinations": [
    {
      "parameters": {
        "DROPOUT": 0.5,
        "HIDDEN_CHANNELS": 64,
        "MAX_HOPS": 4,
        "NUM_LAYERS": 2,
        "TEMPERATURE": 0.5
      },
      "final_test_accuracy": {
        "mean": 0.715015015015015,
        "std": 0.015027022226062243,
        "max": 0.7342342342342343
      },
      "best_test_accuracy": {
        "mean": 0.7163663663663664,
        "std": 0.012624226027543489,
        "max": 0.7372372372372372
      },
      "final_val_accuracy": {
        "mean": 0.7120300751879699,
        "std": 0.014567851078175462,
        "max": 0.7323308270676692
      },
      "best_val_accuracy": {
        "mean": 0.7323308270676692,
        "std": 0.01629342564881988,
        "max": 0.7654135338345864
      },
      "experiment_count": 10
    },
    {
      "parameters": {
        "DROPOUT": 0.5,
        "HIDDEN_CHANNELS": 64,
        "MAX_HOPS": 2,
        "NUM_LAYERS": 2,
        "TEMPERATURE": 0.5
      },
      "final_test_accuracy": {
        "mean": 0.7135135135135136,
        "std": 0.01588756044013368,
        "max": 0.7357357357357357
      },
      "best_test_accuracy": {
        "mean": 0.7208708708708709,
        "std": 0.013234524173825998,
        "max": 0.7357357357357357
      },
      "final_val_accuracy": {
        "mean": 0.7124812030075188,
        "std": 0.009337849441359425,
        "max": 0.7278195488721805
      },
      "best_val_accuracy": {
        "mean": 0.7311278195488723,
        "std": 0.009764019898194249,
        "max": 0.7473684210526316
      },