{
  "experiment_info": {
    "timestamp": "2025-07-03 16:47:57",
    "dataset": "Texas",
    "model": "MixHop"
  },
  "total_combinations": 9,
  "total_experiments": 90,
  "best_combination_by_val": {
    "parameters": {
      "DROPOUT": 0.5,
      "HIDDEN_CHANNELS": 64,
      "MAX_HOPS": 2,
      "NUM_LAYERS": 3,
      "TEMPERATURE": 0.5
    },
    "final_test_accuracy": {
      "mean": 0.8421052631578949,
      "std": 0.064460256389031,
      "max": 0.9473684210526315
    },
    "best_test_accuracy": {
      "mean": 0.8631578947368421,
      "std": 0.05102820902543503,
      "max": 0.9473684210526315
    },
    "final_val_accuracy": {
      "mean": 0.8611111111111113,
      "std": 0.07349309197401639,
      "max": 0.9444444444444444
    },
    "best_val_accuracy": {
      "mean": 0.9111111111111111,
      "std": 0.055277079839256664,
      "max": 0.9722222222222222
    },
    "experiment_count": 10
  },
  "best_combination_by_test": {
    "parameters": {
      "DROPOUT": 0.5,
      "HIDDEN_CHANNELS": 64,
      "MAX_HOPS": 2,
      "NUM_LAYERS": 2,
      "TEMPERATURE": 0.5
    },
    "final_test_accuracy": {
      "mean": 0.85,
      "std": 0.051366371831429294,
      "max": 0.9473684210526315
    },
    "best_test_accuracy": {
      "mean": 0.8394736842105261,
      "std": 0.055762158158992346,
      "max": 0.9210526315789473
    },
    "final_val_accuracy": {
      "mean": 0.825,
      "std": 0.054220059155397585,
      "max": 0.9444444444444444
    },
    "best_val_accuracy": {
      "mean": 0.8555555555555555,
      "std": 0.05386310952684808,
      "max": 0.9444444444444444
    },
    "experiment_count": 10
  },
  "top_10_combinations": [
    {
      "parameters": {
        "DROPOUT": 0.5,
        "HIDDEN_CHANNELS": 64,
        "MAX_HOPS": 2,
        "NUM_LAYERS": 2,
        "TEMPERATURE": 0.5
      },
      "final_test_accuracy": {
        "mean": 0.85,
        "std": 0.051366371831429294,
        "max": 0.9473684210526315
      },
      "best_test_accuracy": {
        "mean": 0.8394736842105261,
        "std": 0.055762158158992346,
        "max": 0.9210526315789473
      },
      "final_val_accuracy": {
        "mean": 0.825,
        "std": 0.054220059155397585,
        "max": 0.9444444444444444
      },
      "best_val_accuracy": {
        "mean": 0.8555555555555555,
        "std": 0.05386310952684808,
        "max": 0.9444444444444444
      },
      "experiment_count": 10
    },
    {
      "parameters": {
        "DROPOUT": 0.5,
        "HIDDEN_CHANNELS": 64,
        "MAX_HOPS": 2,
        "NUM_LAYERS": 3,
        "TEMPERATURE": 0.5
      },
      "final_test_accuracy": {
        "mean": 0.8421052631578949,
        "std": 0.064460256389031,
        "max": 0.9473684210526315
      },
      "best_test_accuracy": {
        "mean": 0.8631578947368421,
        "std": 0.05102820902543503,
        "max": 0.9473684210526315
      },
      "final_val_accuracy": {
        "mean": 0.8611111111111113,
        "std": 0.07349309197401639,
        "max": 0.9444444444444444
      },
      "best_val_accuracy": {
        "mean": 0.9111111111111111,
        "std": 0.055277079839256664,
        "max": 0.9722222222222222
      },
      "experiment_count": 10
    },
    {
      "parameters": {
        "DROPOUT": 0.5,
        "HIDDEN_CHANNELS": 64,
        "MAX_HOPS": 3,
        "NUM_LAYERS": 2,
        "TEMPERATURE": 0.5
      },
      "final_test_accuracy": {
        "mean": 0.8421052631578947,
        "std": 0.06962503450169974,
        "max": 0.9210526315789473
      },
      "best_test_accuracy": {
        "mean": 0.8131578947368421,
        "std": 0.11376824379588045,
        "max": 0.9210526315789473
      },
      "final_val_accuracy": {
        "mean": 0.8555555555555555,
        "std": 0.058001702827280815,
        "max": 0.9444444444444444
      },
      "best_val_accuracy": {
        "mean": 0.888888888888889,
        "std": 0.04120110270608699,
        "max": 0.9444444444444444
      },
      "experiment_count": 10
    },
    {
      "parameters": {
        "DROPOUT": 0.5,
        "HIDDEN_CHANNELS": 64,
        "MAX_HOPS": 4,
        "NUM_LAYERS": 2,
        "TEMPERATURE": 0.5
      },
      "final_test_accuracy": {
        "mean": 0.8315789473684211,
        "std": 0.07273828926886974,
        "max": 0.9210526315789473
      },
      "best_test_accuracy": {
        "mean": 0.8236842105263158,
        "std": 0.05269732735394944,
        "max": 0.8947368421052632
      },
      "final_val_accuracy": {
        "mean": 0.8111111111111111,
        "std": 0.044444444444444425,
        "max": 0.8888888888888888
      },
      "best_val_accuracy": {
        "mean": 0.8638888888888889,
        "std": 0.04555894296349087,
        "max": 0.9166666666666666
      },
      "experiment_count": 10
    },
    {
      "parameters": {
        "DROPOUT": 0.5,
        "HIDDEN_CHANNELS": 64,
        "MAX_HOPS": 4,
        "NUM_LAYERS": 3,
        "TEMPERATURE": 0.5
      },
      "final_test_accuracy": {
        "mean": 0.8236842105263158,
        "std": 0.048595224506893124,
        "max": 0.8947368421052632
      },
      "best_test_accuracy": {
        "mean": 0.8026315789473685,
        "std": 0.05027624519616527,
        "max": 0.8947368421052632
      },
      "final_val_accuracy": {
        "mean": 0.7999999999999999,
        "std": 0.049378857873975515,
        "max": 0.8611111111111112
      },
      "best_val_accuracy": {
        "mean": 0.8777777777777777,
        "std": 0.041573970964154876,
        "max": 0.9444444444444444
      },
      "experiment_count": 10
    },
    {
      "parameters": {
        "DROPOUT": 0.5,
        "HIDDEN_CHANNELS": 64,
        "MAX_HOPS": 3,
        "NUM_LAYERS": 3,
        "TEMPERATURE": 0.5
      },
      "final_test_accuracy": {
        "mean": 0.8078947368421053,
        "std": 0.06557860944409005,
        "max": 0.9473684210526315
      },
      "best_test_accuracy": {
        "mean": 0.8026315789473685,
        "std": 0.06887501225422314,
        "max": 0.8947368421052632
      },
      "final_val_accuracy": {
        "mean": 0.8111111111111112,
        "std": 0.06781419786518725,
        "max": 0.9166666666666666
      },
      "best_val_accuracy": {
        "mean": 0.8833333333333332,
        "std": 0.04614791034954483,
        "max": 0.9722222222222222
      },
      "experiment_count": 10
    },
    {
      "parameters": {
        "DROPOUT": 0.5,
        "HIDDEN_CHANNELS": 64,
        "MAX_HOPS": 3,
        "NUM_LAYERS": 1,
        "TEMPERATURE": 0.5
      },
      "final_test_accuracy": {
        "mean": 0.7605263157894737,
        "std": 0.0739187995009902,
        "max": 0.9473684210526315
      },
      "best_test_accuracy": {
        "mean": 0.7473684210526315,
        "std": 0.08254940600714798,
        "max": 0.9473684210526315
      },
      "final_val_accuracy": {
        "mean": 0.7527777777777778,
        "std": 0.07703013679923361,
        "max": 0.8611111111111112
      },
      "best_val_accuracy": {
        "mean": 0.7666666666666668,
        "std": 0.08443713418650368,
        "max": 0.8888888888888888
      },
      "experiment_count": 10
    },
    {
      "parameters": {
        "DROPOUT": 0.5,
        "HIDDEN_CHANNELS": 64,
        "MAX_HOPS": 4,
        "NUM_LAYERS": 1,
        "TEMPERATURE": 0.5
      },
      "final_test_accuracy": {
        "mean": 0.7605263157894737,
        "std": 0.05699054691502029,
        "max": 0.8421052631578947
      },
      "best_test_accuracy": {
        "mean": 0.7105263157894737,
        "std": 0.06000923289995461,
        "max": 0.8157894736842105
      },
      "final_val_accuracy": {
        "mean": 0.775,
        "std": 0.07500000000000004,
        "max": 0.8611111111111112
      },
      "best_val_accuracy": {
        "mean": 0.7944444444444445,
        "std": 0.057197945227705584,
        "max": 0.8611111111111112
      },
      "experiment_count": 10
    },
    {
      "parameters": {
        "DROPOUT": 0.5,
        "HIDDEN_CHANNELS": 64,