{
  "experiment_info": {
    "timestamp": "2025-07-07 10:22:23",
    "dataset": "Citeseer",
    "model": "RobustH2GCN"
  },
  "total_experiments": 60,
  "final_results": {
    "train": {
      "mean": 0.8671426185704744,
      "std": 0.027563230064137204
    },
    "val": {
      "mean": 0.6828320802005012,
      "std": 0.021156727370286895
    },
    "test": {
      "mean": 0.684084084084084,
      "std": 0.01948908075598122
    }
  },
  "best_results": {
    "val": {
      "mean": 0.7010275689223058,
      "std": 0.021653598689163778
    },
    "test": {
      "mean": 0.6922172172172172,
      "std": 0.017347577668466452
    }
  },
  "early_stopping": {
    "early_stopped_experiments": 60,
    "early_stopping_rate": 1.0,
    "average_stopping_epoch": 132.55,
    "stopping_epoch_std": 46.37974593864582,
    "stopping_epoch_range": [
      64,
      236
    ]
  },
  "feature_modification": {
    "modifications_applied": 1,
    "modification_types": [
      "noise"
    ]
  }
}