{
  "experiment_info": {
    "timestamp": "2025-07-05 11:13:02",
    "dataset": "Cora",
    "model": "GraphSAGE"
  },
  "total_experiments": 60,
  "final_results": {
    "train": {
      "mean": 0.99998973727422,
      "std": 7.882949248633798e-05
    },
    "val": {
      "mean": 0.8534812076401724,
      "std": 0.011835077957898186
    },
    "test": {
      "mean": 0.8549109883364028,
      "std": 0.012812579100404944
    }
  },
  "best_results": {
    "val": {
      "mean": 0.8700862600123229,
      "std": 0.011998622552307665
    },
    "test": {
      "mean": 0.8584100675260895,
      "std": 0.013331483388085243
    }
  },
  "early_stopping": {
    "early_stopped_experiments": 60,
    "early_stopping_rate": 1.0,
    "average_stopping_epoch": 74.51666666666667,
    "stopping_epoch_std": 19.92777932658049,
    "stopping_epoch_range": [
      59,
      154
    ]
  },
  "feature_modification": {
    "modifications_applied": 1,
    "modification_types": [
      "missingness"
    ]
  }
}