{
  "experiment_info": {
    "timestamp": "2025-07-05 11:13:02",
    "dataset": "Cora",
    "model": "GraphSAGE"
  },
  "total_combinations": 6,
  "total_experiments": 60,
  "best_combination_by_val": {
    "parameters": {
      "DROPOUT": 0.5,
      "HIDDEN_CHANNELS": 64,
      "MAX_HOPS": 2,
      "NUM_LAYERS": 2,
      "TEMPERATURE": 0.5
    },
    "final_test_accuracy": {
      "mean": 0.8554327808471456,
      "std": 0.011359978278667505,
      "max": 0.8747697974217311
    },
    "best_test_accuracy": {
      "mean": 0.8554327808471456,
      "std": 0.014623209967665063,
      "max": 0.8766114180478821
    },
    "final_val_accuracy": {
      "mean": 0.8598890942698706,
      "std": 0.009738957391733456,
      "max": 0.8706099815157117
    },
    "best_val_accuracy": {
      "mean": 0.8756007393715342,
      "std": 0.012178607327193443,
      "max": 0.8964879852125693
    },
    "experiment_count": 10
  },
  "best_combination_by_test": {
    "parameters": {
      "DROPOUT": 0.5,
      "HIDDEN_CHANNELS": 64,
      "MAX_HOPS": 4,
      "NUM_LAYERS": 2,
      "TEMPERATURE": 0.5
    },
    "final_test_accuracy": {
      "mean": 0.8589318600368324,
      "std": 0.008762708842261739,
      "max": 0.8766114180478821
    },
    "best_test_accuracy": {
      "mean": 0.8627992633517497,
      "std": 0.0060100069510426075,
      "max": 0.8729281767955801
    },
    "final_val_accuracy": {
      "mean": 0.8471349353049907,
      "std": 0.010193209374463762,
      "max": 0.8613678373382625
    },
    "best_val_accuracy": {
      "mean": 0.8661737523105361,
      "std": 0.01289138319716281,
      "max": 0.8817005545286506
    },
    "experiment_count": 10
  },
  "top_10_combinations": [
    {
      "parameters": {
        "DROPOUT": 0.5,
        "HIDDEN_CHANNELS": 64,
        "MAX_HOPS": 4,
        "NUM_LAYERS": 2,
        "TEMPERATURE": 0.5
      },
      "final_test_accuracy": {
        "mean": 0.8589318600368324,
        "std": 0.008762708842261739,
        "max": 0.8766114180478821
      },
      "best_test_accuracy": {
        "mean": 0.8627992633517497,
        "std": 0.0060100069510426075,
        "max": 0.8729281767955801
      },
      "final_val_accuracy": {
        "mean": 0.8471349353049907,
        "std": 0.010193209374463762,
        "max": 0.8613678373382625
      },
      "best_val_accuracy": {
        "mean": 0.8661737523105361,
        "std": 0.01289138319716281,
        "max": 0.8817005545286506
      },
      "experiment_count": 10
    },
    {
      "parameters": {
        "DROPOUT": 0.5,
        "HIDDEN_CHANNELS": 64,
        "MAX_HOPS": 4,
        "NUM_LAYERS": 1,
        "TEMPERATURE": 0.5
      },
      "final_test_accuracy": {
        "mean": 0.8572744014732965,
        "std": 0.013958706859401256,
        "max": 0.8784530386740331
      },
      "best_test_accuracy": {
        "mean": 0.8578268876611418,
        "std": 0.014331548035612322,
        "max": 0.8821362799263351
      },
      "final_val_accuracy": {
        "mean": 0.855822550831793,
        "std": 0.010618415243138671,
        "max": 0.8835489833641405
      },
      "best_val_accuracy": {
        "mean": 0.8706099815157117,
        "std": 0.011090573012939019,
        "max": 0.8983364140480592
      },
      "experiment_count": 10
    },
    {
      "parameters": {
        "DROPOUT": 0.5,
        "HIDDEN_CHANNELS": 64,
        "MAX_HOPS": 2,
        "NUM_LAYERS": 2,
        "TEMPERATURE": 0.5
      },
      "final_test_accuracy": {
        "mean": 0.8554327808471456,
        "std": 0.011359978278667505,
        "max": 0.8747697974217311
      },
      "best_test_accuracy": {
        "mean": 0.8554327808471456,
        "std": 0.014623209967665063,
        "max": 0.8766114180478821
      },
      "final_val_accuracy": {
        "mean": 0.8598890942698706,
        "std": 0.009738957391733456,
        "max": 0.8706099815157117
      },
      "best_val_accuracy": {
        "mean": 0.8756007393715342,
        "std": 0.012178607327193443,
        "max": 0.8964879852125693
      },
      "experiment_count": 10
    },
    {
      "parameters": {
        "DROPOUT": 0.5,
        "HIDDEN_CHANNELS": 64,
        "MAX_HOPS": 2,
        "NUM_LAYERS": 1,
        "TEMPERATURE": 0.5
      },
      "final_test_accuracy": {
        "mean": 0.8535911602209945,
        "std": 0.01660014399384894,
        "max": 0.8766114180478821
      },
      "best_test_accuracy": {
        "mean": 0.8565377532228361,
        "std": 0.017595911700858065,
        "max": 0.8747697974217311
      },
      "final_val_accuracy": {
        "mean": 0.8528650646950092,
        "std": 0.010331377902020057,
        "max": 0.8706099815157117
      },
      "best_val_accuracy": {
        "mean": 0.8661737523105361,
        "std": 0.009822795013372585,
        "max": 0.878003696857671
      },
      "experiment_count": 10
    },
    {
      "parameters": {
        "DROPOUT": 0.5,
        "HIDDEN_CHANNELS": 64,
        "MAX_HOPS": 3,
        "NUM_LAYERS": 1,
        "TEMPERATURE": 0.5
      },
      "final_test_accuracy": {
        "mean": 0.8530386740331493,
        "std": 0.010046542686545767,
        "max": 0.8692449355432781
      },
      "best_test_accuracy": {
        "mean": 0.8591160220994475,
        "std": 0.012765765617402109,
        "max": 0.8839779005524862
      },
      "final_val_accuracy": {
        "mean": 0.8513863216266173,
        "std": 0.016160808128942244,
        "max": 0.8761552680221811
      },
      "best_val_accuracy": {
        "mean": 0.8719038817005546,
        "std": 0.012065866114874355,
        "max": 0.8872458410351202
      },
      "experiment_count": 10
    },
    {
      "parameters": {
        "DROPOUT": 0.5,
        "HIDDEN_CHANNELS": 64,
        "MAX_HOPS": 3,
        "NUM_LAYERS": 2,
        "TEMPERATURE": 0.5
      },
      "final_test_accuracy": {
        "mean": 0.8511970534069981,
        "std": 0.012912374322621075,
        "max": 0.8821362799263351
      },
      "best_test_accuracy": {
        "mean": 0.8587476979742172,
        "std": 0.01028838138008354,
        "max": 0.8802946593001841
      },
      "final_val_accuracy": {
        "mean": 0.8537892791127542,
        "std": 0.008326140946066716,
        "max": 0.8706099815157117
      },
      "best_val_accuracy": {
        "mean": 0.8700554528650647,
        "std": 0.010937014560064325,
        "max": 0.8853974121996303
      },
      "experiment_count": 10
    }
  ],
  "all_combinations": [
    {
      "parameters": {
        "DROPOUT": 0.5,
        "HIDDEN_CHANNELS": 64,
        "MAX_HOPS": 4,
        "NUM_LAYERS": 2,
        "TEMPERATURE": 0.5
      },
      "final_test_accuracy": {
        "mean": 0.8589318600368324,
        "std": 0.008762708842261739,
        "max": 0.8766114180478821
      },
      "best_test_accuracy": {
        "mean": 0.8627992633517497,
        "std": 0.0060100069510426075,
        "max": 0.8729281767955801
      },
      "final_val_accuracy": {
        "mean": 0.8471349353049907,
        "std": 0.010193209374463762,
        "max": 0.8613678373382625
      },
      "best_val_accuracy": {
        "mean": 0.8661737523105361,
        "std": 0.01289138319716281,
        "max": 0.8817005545286506
      },
      "experiment_count": 10
    },
    {
      "parameters": {
        "DROPOUT": 0.5,
        "HIDDEN_CHANNELS": 64,
        "MAX_HOPS": 4,
        "NUM_LAYERS": 1,
        "TEMPERATURE": 0.5
      },
      "final_test_accuracy": {
        "mean": 0.8572744014732965,
        "std": 0.013958706859401256,
        "max": 0.8784530386740331
      },
      "best_test_accuracy": {
        "mean": 0.8578268876611418,
        "std": 0.014331548035612322,
        "max": 0.8821362799263351
      },
      "final_val_accuracy": {
        "mean": 0.855822550831793,
        "std": 0.010618415243138671,
        "max": 0.8835489833641405
      },
      "best_val_accuracy": {
        "mean": 0.8706099815157117,
        "std": 0.011090573012939019,
        "max": 0.8983364140480592
      },