{
  "experiment_info": {
    "timestamp": "2025-07-07 00:47:07",
    "dataset": "Citeseer",
    "model": "RobustH2GCN"
  },
  "total_combinations": 6,
  "total_experiments": 60,
  "best_combination_by_val": {
    "parameters": {
      "DROPOUT": 0.5,
      "HIDDEN_CHANNELS": 64,
      "MAX_HOPS": 3,
      "NUM_LAYERS": 1,
      "TEMPERATURE": 0.5
    },
    "final_test_accuracy": {
      "mean": 0.6785285285285285,
      "std": 0.021565764519636998,
      "max": 0.7102102102102102
    },
    "best_test_accuracy": {
      "mean": 0.6863363363363363,
      "std": 0.017386972459741818,
      "max": 0.7072072072072072
    },
    "final_val_accuracy": {
      "mean": 0.6903759398496241,
      "std": 0.016019802319908,
      "max": 0.718796992481203
    },
    "best_val_accuracy": {
      "mean": 0.7076691729323309,
      "std": 0.01263873767786507,
      "max": 0.7293233082706767
    },
    "experiment_count": 10
  },
  "best_combination_by_test": {
    "parameters": {
      "DROPOUT": 0.5,
      "HIDDEN_CHANNELS": 64,
      "MAX_HOPS": 2,
      "NUM_LAYERS": 1,
      "TEMPERATURE": 0.5
    },
    "final_test_accuracy": {
      "mean": 0.6867867867867867,
      "std": 0.014684039853931114,
      "max": 0.7162162162162162
    },
    "best_test_accuracy": {
      "mean": 0.6933933933933935,
      "std": 0.010112587531821456,
      "max": 0.7087087087087087
    },
    "final_val_accuracy": {
      "mean": 0.6890225563909774,
      "std": 0.01862234656290251,
      "max": 0.7157894736842105
    },
    "best_val_accuracy": {
      "mean": 0.7015037593984962,
      "std": 0.017214597284239477,
      "max": 0.7263157894736842
    },
    "experiment_count": 10
  },
  "top_10_combinations": [
    {
      "parameters": {
        "DROPOUT": 0.5,
        "HIDDEN_CHANNELS": 64,
        "MAX_HOPS": 2,
        "NUM_LAYERS": 1,
        "TEMPERATURE": 0.5
      },
      "final_test_accuracy": {
        "mean": 0.6867867867867867,
        "std": 0.014684039853931114,
        "max": 0.7162162162162162
      },
      "best_test_accuracy": {
        "mean": 0.6933933933933935,
        "std": 0.010112587531821456,
        "max": 0.7087087087087087
      },
      "final_val_accuracy": {
        "mean": 0.6890225563909774,
        "std": 0.01862234656290251,
        "max": 0.7157894736842105
      },
      "best_val_accuracy": {
        "mean": 0.7015037593984962,
        "std": 0.017214597284239477,
        "max": 0.7263157894736842
      },
      "experiment_count": 10
    },
    {
      "parameters": {
        "DROPOUT": 0.5,
        "HIDDEN_CHANNELS": 64,
        "MAX_HOPS": 4,
        "NUM_LAYERS": 1,
        "TEMPERATURE": 2.0
      },
      "final_test_accuracy": {
        "mean": 0.6812312312312312,
        "std": 0.01940425659030695,
        "max": 0.7117117117117117
      },
      "best_test_accuracy": {
        "mean": 0.6843843843843844,
        "std": 0.017209067605879143,
        "max": 0.7207207207207207
      },
      "final_val_accuracy": {
        "mean": 0.6745864661654135,
        "std": 0.01510061980226551,
        "max": 0.6947368421052632
      },
      "best_val_accuracy": {
        "mean": 0.6876691729323309,
        "std": 0.014043051804156435,
        "max": 0.7037593984962406
      },
      "experiment_count": 10
    },
    {
      "parameters": {
        "DROPOUT": 0.5,
        "HIDDEN_CHANNELS": 64,
        "MAX_HOPS": 3,
        "NUM_LAYERS": 1,
        "TEMPERATURE": 0.5
      },
      "final_test_accuracy": {
        "mean": 0.6785285285285285,
        "std": 0.021565764519636998,
        "max": 0.7102102102102102
      },
      "best_test_accuracy": {
        "mean": 0.6863363363363363,
        "std": 0.017386972459741818,
        "max": 0.7072072072072072
      },
      "final_val_accuracy": {
        "mean": 0.6903759398496241,
        "std": 0.016019802319908,
        "max": 0.718796992481203
      },
      "best_val_accuracy": {
        "mean": 0.7076691729323309,
        "std": 0.01263873767786507,
        "max": 0.7293233082706767
      },
      "experiment_count": 10
    },
    {
      "parameters": {
        "DROPOUT": 0.5,
        "HIDDEN_CHANNELS": 64,
        "MAX_HOPS": 4,
        "NUM_LAYERS": 1,
        "TEMPERATURE": 0.5
      },
      "final_test_accuracy": {
        "mean": 0.6782282282282283,
        "std": 0.018524537073543963,
        "max": 0.7072072072072072
      },
      "best_test_accuracy": {
        "mean": 0.6918918918918917,
        "std": 0.013741815241618669,
        "max": 0.7087087087087087
      },
      "final_val_accuracy": {
        "mean": 0.6831578947368422,
        "std": 0.03551579189314628,
        "max": 0.7097744360902256
      },
      "best_val_accuracy": {
        "mean": 0.7024060150375939,
        "std": 0.0169658451160895,
        "max": 0.7278195488721805
      },
      "experiment_count": 10
    },
    {
      "parameters": {
        "DROPOUT": 0.5,
        "HIDDEN_CHANNELS": 64,
        "MAX_HOPS": 3,
        "NUM_LAYERS": 1,
        "TEMPERATURE": 2.0
      },
      "final_test_accuracy": {
        "mean": 0.6774774774774776,
        "std": 0.018165065627431375,
        "max": 0.6981981981981982
      },
      "best_test_accuracy": {
        "mean": 0.6776276276276276,
        "std": 0.023588870536580788,
        "max": 0.7012012012012012
      },
      "final_val_accuracy": {
        "mean": 0.6863157894736841,
        "std": 0.017680527466705634,
        "max": 0.7097744360902256
      },
      "best_val_accuracy": {
        "mean": 0.6953383458646617,
        "std": 0.018964069498267008,
        "max": 0.724812030075188
      },
      "experiment_count": 10
    },
    {
      "parameters": {
        "DROPOUT": 0.5,
        "HIDDEN_CHANNELS": 64,
        "MAX_HOPS": 2,
        "NUM_LAYERS": 1,
        "TEMPERATURE": 2.0
      },
      "final_test_accuracy": {
        "mean": 0.6738738738738739,
        "std": 0.03209000634537155,
        "max": 0.7417417417417418
      },
      "best_test_accuracy": {
        "mean": 0.6753753753753753,
        "std": 0.02704203787352006,
        "max": 0.7297297297297297
      },
      "final_val_accuracy": {
        "mean": 0.6806015037593984,
        "std": 0.027754037882849494,
        "max": 0.7127819548872181
      },
      "best_val_accuracy": {
        "mean": 0.6885714285714286,
        "std": 0.02817653498278591,
        "max": 0.718796992481203
      },
      "experiment_count": 10
    }
  ],
  "all_combinations": [
    {
      "parameters": {
        "DROPOUT": 0.5,
        "HIDDEN_CHANNELS": 64,
        "MAX_HOPS": 2,
        "NUM_LAYERS": 1,
        "TEMPERATURE": 0.5
      },
      "final_test_accuracy": {
        "mean": 0.6867867867867867,
        "std": 0.014684039853931114,
        "max": 0.7162162162162162
      },
      "best_test_accuracy": {
        "mean": 0.6933933933933935,
        "std": 0.010112587531821456,
        "max": 0.7087087087087087
      },
      "final_val_accuracy": {
        "mean": 0.6890225563909774,
        "std": 0.01862234656290251,
        "max": 0.7157894736842105
      },
      "best_val_accuracy": {
        "mean": 0.7015037593984962,
        "std": 0.017214597284239477,
        "max": 0.7263157894736842
      },
      "experiment_count": 10
    },
    {
      "parameters": {
        "DROPOUT": 0.5,
        "HIDDEN_CHANNELS": 64,
        "MAX_HOPS": 4,
        "NUM_LAYERS": 1,
        "TEMPERATURE": 2.0
      },
      "final_test_accuracy": {
        "mean": 0.6812312312312312,
        "std": 0.01940425659030695,
        "max": 0.7117117117117117
      },
      "best_test_accuracy": {
        "mean": 0.6843843843843844,
        "std": 0.017209067605879143,
        "max": 0.7207207207207207
      },
      "final_val_accuracy": {
        "mean": 0.6745864661654135,
        "std": 0.01510061980226551,
        "max": 0.6947368421052632
      },
      "best_val_accuracy": {
        "mean": 0.6876691729323309,
        "std": 0.014043051804156435,
        "max": 0.7037593984962406
      },