{
  "experiment_info": {
    "timestamp": "2025-07-07 01:52:13",
    "dataset": "Texas",
    "model": "GCN"
  },
  "total_combinations": 6,
  "total_experiments": 60,
  "best_combination_by_val": {
    "parameters": {
      "DROPOUT": 0.5,
      "HIDDEN_CHANNELS": 64,
      "MAX_HOPS": 4,
      "NUM_LAYERS": 2,
      "TEMPERATURE": 0.5
    },
    "final_test_accuracy": {
      "mean": 0.4552631578947368,
      "std": 0.06006690637112279,
      "max": 0.5526315789473685
    },
    "best_test_accuracy": {
      "mean": 0.5473684210526316,
      "std": 0.07608859102526823,
      "max": 0.6578947368421053
    },
    "final_val_accuracy": {
      "mean": 0.4583333333333333,
      "std": 0.07270140182390224,
      "max": 0.5833333333333334
    },
    "best_val_accuracy": {
      "mean": 0.6166666666666666,
      "std": 0.05386310952684807,
      "max": 0.6944444444444444
    },
    "experiment_count": 10
  },
  "best_combination_by_test": {
    "parameters": {
      "DROPOUT": 0.5,
      "HIDDEN_CHANNELS": 64,
      "MAX_HOPS": 3,
      "NUM_LAYERS": 2,
      "TEMPERATURE": 0.5
    },
    "final_test_accuracy": {
      "mean": 0.4736842105263158,
      "std": 0.0798197415163321,
      "max": 0.631578947368421
    },
    "best_test_accuracy": {
      "mean": 0.5631578947368421,
      "std": 0.06882472016116854,
      "max": 0.7105263157894737
    },
    "final_val_accuracy": {
      "mean": 0.4222222222222222,
      "std": 0.049378857873975494,
      "max": 0.5
    },
    "best_val_accuracy": {
      "mean": 0.5583333333333333,
      "std": 0.06966631224435806,
      "max": 0.6666666666666666
    },
    "experiment_count": 10
  },
  "top_10_combinations": [
    {
      "parameters": {
        "DROPOUT": 0.5,
        "HIDDEN_CHANNELS": 64,
        "MAX_HOPS": 3,
        "NUM_LAYERS": 2,
        "TEMPERATURE": 0.5
      },
      "final_test_accuracy": {
        "mean": 0.4736842105263158,
        "std": 0.0798197415163321,
        "max": 0.631578947368421
      },
      "best_test_accuracy": {
        "mean": 0.5631578947368421,
        "std": 0.06882472016116854,
        "max": 0.7105263157894737
      },
      "final_val_accuracy": {
        "mean": 0.4222222222222222,
        "std": 0.049378857873975494,
        "max": 0.5
      },
      "best_val_accuracy": {
        "mean": 0.5583333333333333,
        "std": 0.06966631224435806,
        "max": 0.6666666666666666
      },
      "experiment_count": 10
    },
    {
      "parameters": {
        "DROPOUT": 0.5,
        "HIDDEN_CHANNELS": 64,
        "MAX_HOPS": 4,
        "NUM_LAYERS": 1,
        "TEMPERATURE": 0.5
      },
      "final_test_accuracy": {
        "mean": 0.47105263157894733,
        "std": 0.06494190883817402,
        "max": 0.631578947368421
      },
      "best_test_accuracy": {
        "mean": 0.5,
        "std": 0.08885233166386386,
        "max": 0.7105263157894737
      },
      "final_val_accuracy": {
        "mean": 0.4527777777777778,
        "std": 0.06809805928961814,
        "max": 0.5833333333333334
      },
      "best_val_accuracy": {
        "mean": 0.5472222222222223,
        "std": 0.06579288490181673,
        "max": 0.6388888888888888
      },
      "experiment_count": 10
    },
    {
      "parameters": {
        "DROPOUT": 0.5,
        "HIDDEN_CHANNELS": 64,
        "MAX_HOPS": 3,
        "NUM_LAYERS": 1,
        "TEMPERATURE": 0.5
      },
      "final_test_accuracy": {
        "mean": 0.4552631578947369,
        "std": 0.07354309796043221,
        "max": 0.5526315789473685
      },
      "best_test_accuracy": {
        "mean": 0.5631578947368422,
        "std": 0.04736842105263158,
        "max": 0.631578947368421
      },
      "final_val_accuracy": {
        "mean": 0.41111111111111115,
        "std": 0.0700528900717694,
        "max": 0.5277777777777778
      },
      "best_val_accuracy": {
        "mean": 0.525,
        "std": 0.09166666666666667,
        "max": 0.7222222222222222
      },
      "experiment_count": 10
    },
    {
      "parameters": {
        "DROPOUT": 0.5,
        "HIDDEN_CHANNELS": 64,
        "MAX_HOPS": 4,
        "NUM_LAYERS": 2,
        "TEMPERATURE": 0.5
      },
      "final_test_accuracy": {
        "mean": 0.4552631578947368,
        "std": 0.06006690637112279,
        "max": 0.5526315789473685
      },
      "best_test_accuracy": {
        "mean": 0.5473684210526316,
        "std": 0.07608859102526823,
        "max": 0.6578947368421053
      },
      "final_val_accuracy": {
        "mean": 0.4583333333333333,
        "std": 0.07270140182390224,
        "max": 0.5833333333333334
      },
      "best_val_accuracy": {
        "mean": 0.6166666666666666,
        "std": 0.05386310952684807,
        "max": 0.6944444444444444
      },
      "experiment_count": 10
    },
    {
      "parameters": {
        "DROPOUT": 0.5,
        "HIDDEN_CHANNELS": 64,
        "MAX_HOPS": 2,
        "NUM_LAYERS": 2,
        "TEMPERATURE": 0.5
      },
      "final_test_accuracy": {
        "mean": 0.42894736842105263,
        "std": 0.07721789869011163,
        "max": 0.5263157894736842
      },
      "best_test_accuracy": {
        "mean": 0.5210526315789473,
        "std": 0.10513149660756936,
        "max": 0.631578947368421
      },
      "final_val_accuracy": {
        "mean": 0.39999999999999997,
        "std": 0.06938886664887109,
        "max": 0.5277777777777778
      },
      "best_val_accuracy": {
        "mean": 0.5583333333333333,
        "std": 0.0718473175354309,
        "max": 0.6944444444444444
      },
      "experiment_count": 10
    },
    {
      "parameters": {
        "DROPOUT": 0.5,
        "HIDDEN_CHANNELS": 64,
        "MAX_HOPS": 2,
        "NUM_LAYERS": 1,
        "TEMPERATURE": 0.5
      },
      "final_test_accuracy": {
        "mean": 0.4184210526315789,
        "std": 0.06165986586242095,
        "max": 0.47368421052631576
      },
      "best_test_accuracy": {
        "mean": 0.49736842105263157,
        "std": 0.06806587977040823,
        "max": 0.6052631578947368
      },
      "final_val_accuracy": {
        "mean": 0.3833333333333333,
        "std": 0.05800170282728083,
        "max": 0.4722222222222222
      },
      "best_val_accuracy": {
        "mean": 0.5194444444444444,
        "std": 0.05277777777777779,
        "max": 0.5833333333333334
      },
      "experiment_count": 10
    }
  ],
  "all_combinations": [
    {
      "parameters": {
        "DROPOUT": 0.5,
        "HIDDEN_CHANNELS": 64,
        "MAX_HOPS": 3,
        "NUM_LAYERS": 2,
        "TEMPERATURE": 0.5
      },
      "final_test_accuracy": {
        "mean": 0.4736842105263158,
        "std": 0.0798197415163321,
        "max": 0.631578947368421
      },
      "best_test_accuracy": {
        "mean": 0.5631578947368421,
        "std": 0.06882472016116854,
        "max": 0.7105263157894737
      },
      "final_val_accuracy": {
        "mean": 0.4222222222222222,
        "std": 0.049378857873975494,
        "max": 0.5
      },
      "best_val_accuracy": {
        "mean": 0.5583333333333333,
        "std": 0.06966631224435806,
        "max": 0.6666666666666666
      },
      "experiment_count": 10
    },
    {
      "parameters": {
        "DROPOUT": 0.5,
        "HIDDEN_CHANNELS": 64,
        "MAX_HOPS": 4,
        "NUM_LAYERS": 1,
        "TEMPERATURE": 0.5
      },
      "final_test_accuracy": {
        "mean": 0.47105263157894733,
        "std": 0.06494190883817402,
        "max": 0.631578947368421
      },
      "best_test_accuracy": {
        "mean": 0.5,
        "std": 0.08885233166386386,
        "max": 0.7105263157894737
      },
      "final_val_accuracy": {
        "mean": 0.4527777777777778,
        "std": 0.06809805928961814,
        "max": 0.5833333333333334
      },
      "best_val_accuracy": {
        "mean": 0.5472222222222223,
        "std": 0.06579288490181673,
        "max": 0.6388888888888888
      },
      "experiment_count": 10
    },
    {
      "parameters": {
        "DROPOUT": 0.5,
        "HIDDEN_CHANNELS": 64,