{
  "experiment_info": {
    "timestamp": "2025-07-07 02:02:10",
    "dataset": "Wisconsin",
    "model": "GraphSAGE"
  },
  "total_experiments": 60,
  "final_results": {
    "train": {
      "mean": 1.0,
      "std": 0.0
    },
    "val": {
      "mean": 0.7033333333333331,
      "std": 0.05635206789067776
    },
    "test": {
      "mean": 0.7055555555555555,
      "std": 0.06527690863000857
    }
  },
  "best_results": {
    "val": {
      "mean": 0.7453333333333332,
      "std": 0.057950170165601944
    },
    "test": {
      "mean": 0.6937908496732026,
      "std": 0.06707789992268323
    }
  },
  "early_stopping": {
    "early_stopped_experiments": 60,
    "early_stopping_rate": 1.0,
    "average_stopping_epoch": 85.93333333333334,
    "stopping_epoch_std": 25.508081508067637,
    "stopping_epoch_range": [
      54,
      157
    ]
  },
  "feature_modification": {
    "modifications_applied": 1,
    "modification_types": [
      "noise"
    ]
  }
}