{
  "experiment_info": {
    "timestamp": "2025-07-05 12:16:11",
    "dataset": "Texas",
    "model": "H2GCN"
  },
  "total_experiments": 60,
  "final_results": {
    "train": {
      "mean": 1.0,
      "std": 0.0
    },
    "val": {
      "mean": 0.7856481481481482,
      "std": 0.06376632096950777
    },
    "test": {
      "mean": 0.7964912280701755,
      "std": 0.06689710864890391
    }
  },
  "best_results": {
    "val": {
      "mean": 0.8453703703703703,
      "std": 0.05470804165452757
    },
    "test": {
      "mean": 0.7921052631578949,
      "std": 0.06907581446529835
    }
  },
  "early_stopping": {
    "early_stopped_experiments": 60,
    "early_stopping_rate": 1.0,
    "average_stopping_epoch": 68.53333333333333,
    "stopping_epoch_std": 17.925277000804076,
    "stopping_epoch_range": [
      52,
      122
    ]
  },
  "feature_modification": {
    "modifications_applied": 1,
    "modification_types": [
      "missingness"
    ]
  }
}