{
  "experiment_info": {
    "timestamp": "2025-07-03 10:23:59",
    "dataset": "Cornell",
    "model": "RobustH2GCN"
  },
  "total_combinations": 9,
  "total_experiments": 90,
  "best_combination_by_val": {
    "parameters": {
      "DROPOUT": 0.5,
      "HIDDEN_CHANNELS": 64,
      "MAX_HOPS": 4,
      "NUM_LAYERS": 1,
      "TEMPERATURE": 2.0
    },
    "final_test_accuracy": {
      "mean": 0.7736842105263158,
      "std": 0.0657368210357726,
      "max": 0.9210526315789473
    },
    "best_test_accuracy": {
      "mean": 0.7578947368421052,
      "std": 0.0917662935482247,
      "max": 0.9210526315789473
    },
    "final_val_accuracy": {
      "mean": 0.8138888888888888,
      "std": 0.07248882417055494,
      "max": 0.9166666666666666
    },
    "best_val_accuracy": {
      "mean": 0.836111111111111,
      "std": 0.051893171367415,
      "max": 0.9166666666666666
    },
    "experiment_count": 10
  },
  "best_combination_by_test": {
    "parameters": {
      "DROPOUT": 0.5,
      "HIDDEN_CHANNELS": 64,
      "MAX_HOPS": 3,
      "NUM_LAYERS": 1,
      "TEMPERATURE": 0.5
    },
    "final_test_accuracy": {
      "mean": 0.8026315789473684,
      "std": 0.10343812635280814,
      "max": 0.9210526315789473
    },
    "best_test_accuracy": {
      "mean": 0.7684210526315789,
      "std": 0.09546503761693187,
      "max": 0.868421052631579
    },
    "final_val_accuracy": {
      "mean": 0.7805555555555557,
      "std": 0.05886005583449194,
      "max": 0.8611111111111112
    },
    "best_val_accuracy": {
      "mean": 0.8138888888888889,
      "std": 0.05129495920172051,
      "max": 0.8888888888888888
    },
    "experiment_count": 10
  },
  "top_10_combinations": [
    {
      "parameters": {
        "DROPOUT": 0.5,
        "HIDDEN_CHANNELS": 64,
        "MAX_HOPS": 3,
        "NUM_LAYERS": 1,
        "TEMPERATURE": 0.5
      },
      "final_test_accuracy": {
        "mean": 0.8026315789473684,
        "std": 0.10343812635280814,
        "max": 0.9210526315789473
      },
      "best_test_accuracy": {
        "mean": 0.7684210526315789,
        "std": 0.09546503761693187,
        "max": 0.868421052631579
      },
      "final_val_accuracy": {
        "mean": 0.7805555555555557,
        "std": 0.05886005583449194,
        "max": 0.8611111111111112
      },
      "best_val_accuracy": {
        "mean": 0.8138888888888889,
        "std": 0.05129495920172051,
        "max": 0.8888888888888888
      },
      "experiment_count": 10
    },
    {
      "parameters": {
        "DROPOUT": 0.5,
        "HIDDEN_CHANNELS": 64,
        "MAX_HOPS": 3,
        "NUM_LAYERS": 1,
        "TEMPERATURE": 1.0
      },
      "final_test_accuracy": {
        "mean": 0.8,
        "std": 0.05789473684210526,
        "max": 0.8947368421052632
      },
      "best_test_accuracy": {
        "mean": 0.7763157894736842,
        "std": 0.061434829104888164,
        "max": 0.8947368421052632
      },
      "final_val_accuracy": {
        "mean": 0.7666666666666666,
        "std": 0.06712803318663654,
        "max": 0.8333333333333334
      },
      "best_val_accuracy": {
        "mean": 0.7999999999999999,
        "std": 0.07222222222222224,
        "max": 0.8888888888888888
      },
      "experiment_count": 10
    },
    {
      "parameters": {
        "DROPOUT": 0.5,
        "HIDDEN_CHANNELS": 64,
        "MAX_HOPS": 2,
        "NUM_LAYERS": 1,
        "TEMPERATURE": 2.0
      },
      "final_test_accuracy": {
        "mean": 0.7921052631578946,
        "std": 0.041525615363314464,
        "max": 0.868421052631579
      },
      "best_test_accuracy": {
        "mean": 0.7342105263157895,
        "std": 0.06907581446529835,
        "max": 0.8157894736842105
      },
      "final_val_accuracy": {
        "mean": 0.7722222222222221,
        "std": 0.06781419786518725,
        "max": 0.8888888888888888
      },
      "best_val_accuracy": {
        "mean": 0.8055555555555556,
        "std": 0.0668977476599572,
        "max": 0.9166666666666666
      },
      "experiment_count": 10
    },
    {
      "parameters": {
        "DROPOUT": 0.5,
        "HIDDEN_CHANNELS": 64,
        "MAX_HOPS": 3,
        "NUM_LAYERS": 1,
        "TEMPERATURE": 2.0
      },
      "final_test_accuracy": {
        "mean": 0.7894736842105263,
        "std": 0.064460256389031,
        "max": 0.8947368421052632
      },
      "best_test_accuracy": {
        "mean": 0.7657894736842106,
        "std": 0.036178229170704006,
        "max": 0.8421052631578947
      },
      "final_val_accuracy": {
        "mean": 0.7805555555555556,
        "std": 0.03390709893259363,
        "max": 0.8333333333333334
      },
      "best_val_accuracy": {
        "mean": 0.8277777777777778,
        "std": 0.04267303193260338,
        "max": 0.9166666666666666
      },
      "experiment_count": 10
    },
    {
      "parameters": {
        "DROPOUT": 0.5,
        "HIDDEN_CHANNELS": 64,
        "MAX_HOPS": 2,
        "NUM_LAYERS": 1,
        "TEMPERATURE": 0.5
      },
      "final_test_accuracy": {
        "mean": 0.7868421052631579,
        "std": 0.059371127224623566,
        "max": 0.8947368421052632
      },
      "best_test_accuracy": {
        "mean": 0.7236842105263158,
        "std": 0.07182812665240094,
        "max": 0.8421052631578947
      },
      "final_val_accuracy": {
        "mean": 0.75,
        "std": 0.05414885747116094,
        "max": 0.8611111111111112
      },
      "best_val_accuracy": {
        "mean": 0.8055555555555556,
        "std": 0.04648111258522642,
        "max": 0.8888888888888888
      },
      "experiment_count": 10
    },
    {
      "parameters": {
        "DROPOUT": 0.5,
        "HIDDEN_CHANNELS": 64,
        "MAX_HOPS": 4,
        "NUM_LAYERS": 1,
        "TEMPERATURE": 0.5
      },
      "final_test_accuracy": {
        "mean": 0.7815789473684209,
        "std": 0.07066169253735555,
        "max": 0.868421052631579
      },
      "best_test_accuracy": {
        "mean": 0.7736842105263158,
        "std": 0.06781104593013224,
        "max": 0.868421052631579
      },
      "final_val_accuracy": {
        "mean": 0.7749999999999999,
        "std": 0.08282250842153098,
        "max": 0.8611111111111112
      },
      "best_val_accuracy": {
        "mean": 0.8138888888888889,
        "std": 0.07762882562490066,
        "max": 0.9166666666666666
      },
      "experiment_count": 10
    },
    {
      "parameters": {
        "DROPOUT": 0.5,
        "HIDDEN_CHANNELS": 64,
        "MAX_HOPS": 2,
        "NUM_LAYERS": 1,
        "TEMPERATURE": 1.0
      },
      "final_test_accuracy": {
        "mean": 0.7736842105263158,
        "std": 0.061378440998371586,
        "max": 0.8421052631578947
      },
      "best_test_accuracy": {
        "mean": 0.7421052631578948,
        "std": 0.09473684210526316,
        "max": 0.868421052631579
      },
      "final_val_accuracy": {
        "mean": 0.7666666666666667,
        "std": 0.08801655287641588,
        "max": 0.8888888888888888
      },
      "best_val_accuracy": {
        "mean": 0.8166666666666668,
        "std": 0.058531409738070764,
        "max": 0.9166666666666666
      },
      "experiment_count": 10
    },
    {
      "parameters": {
        "DROPOUT": 0.5,
        "HIDDEN_CHANNELS": 64,
        "MAX_HOPS": 4,
        "NUM_LAYERS": 1,
        "TEMPERATURE": 2.0
      },
      "final_test_accuracy": {
        "mean": 0.7736842105263158,
        "std": 0.0657368210357726,
        "max": 0.9210526315789473
      },
      "best_test_accuracy": {
        "mean": 0.7578947368421052,
        "std": 0.0917662935482247,
        "max": 0.9210526315789473
      },
      "final_val_accuracy": {
        "mean": 0.8138888888888888,
        "std": 0.07248882417055494,
        "max": 0.9166666666666666
      },
      "best_val_accuracy": {
        "mean": 0.836111111111111,
        "std": 0.051893171367415,
        "max": 0.9166666666666666
      },
      "experiment_count": 10
    },
    {
      "parameters": {
        "DROPOUT": 0.5,