{
  "experiment_info": {
    "timestamp": "2025-07-03 10:43:45",
    "dataset": "Cornell",
    "model": "RobustH2GCN"
  },
  "gate_statistics": {
    "gate_mean": {
      "mean": 0.995429499944051,
      "std": 0.0027794452610601632
    },
    "gate_std": {
      "mean": 0.0125241371020416,
      "std": 0.008053363903707377
    },
    "gate_min": {
      "mean": 0.8949120687113867,
      "std": 0.0751338014330784
    },
    "gate_max": {
      "mean": 0.9999999986754523,
      "std": 1.2495757648754922e-08
    },
    "gate_range": [
      0.6203137040138245,
      1.0
    ],
    "experiment_count": 90
  },
  "best_parameter_gate_stats": {
    "gate_mean": {
      "mean": 0.9968201279640198,
      "std": 0.0024803483273360635
    },
    "gate_std": {
      "mean": 0.009343573823571205,
      "std": 0.007009066721379012
    },
    "gate_min": {
      "mean": 0.921464878320694,
      "std": 0.061769925062765886
    },
    "gate_max": {
      "mean": 1.0,
      "std": 0.0
    },
    "gate_range": [
      0.7877797484397888,
      1.0
    ],
    "experiment_count": 10,
    "best_parameters": {
      "DROPOUT": 0.5,
      "HIDDEN_CHANNELS": 64,
      "MAX_HOPS": 3,
      "NUM_LAYERS": 1,
      "TEMPERATURE": 2.0
    }
  }
}