{
  "experiment_info": {
    "timestamp": "2025-07-06 21:58:33",
    "dataset": "Citeseer",
    "model": "GCN"
  },
  "total_experiments": 60,
  "final_results": {
    "train": {
      "mean": 0.5891032064128257,
      "std": 0.37933373515835134
    },
    "val": {
      "mean": 0.41403508771929826,
      "std": 0.20573140870760537
    },
    "test": {
      "mean": 0.4133883883883884,
      "std": 0.20356847910776069
    }
  },
  "best_results": {
    "val": {
      "mean": 0.43255639097744353,
      "std": 0.19271833470228986
    },
    "test": {
      "mean": 0.4247747747747747,
      "std": 0.19307769994858714
    }
  },
  "early_stopping": {
    "early_stopped_experiments": 60,
    "early_stopping_rate": 1.0,
    "average_stopping_epoch": 158.33333333333334,
    "stopping_epoch_std": 91.13792965731788,
    "stopping_epoch_range": [
      50,
      331
    ]
  },
  "feature_modification": {
    "modifications_applied": 1,
    "modification_types": [
      "noise"
    ]
  }
}