{
  "experiment_info": {
    "timestamp": "2025-07-03 17:18:39",
    "dataset": "Wisconsin",
    "model": "H2GCN"
  },
  "total_experiments": 90,
  "final_results": {
    "train": {
      "mean": 1.0,
      "std": 0.0
    },
    "val": {
      "mean": 0.8519999999999999,
      "std": 0.05544166103011144
    },
    "test": {
      "mean": 0.8509803921568626,
      "std": 0.04619763933875109
    }
  },
  "best_results": {
    "val": {
      "mean": 0.8755555555555555,
      "std": 0.047495288915173496
    },
    "test": {
      "mean": 0.8313725490196079,
      "std": 0.053162612830490875
    }
  },
  "early_stopping": {
    "early_stopped_experiments": 90,
    "early_stopping_rate": 1.0,
    "average_stopping_epoch": 81.58888888888889,
    "stopping_epoch_std": 28.63676519769044,
    "stopping_epoch_range": [
      52,
      187
    ]
  }
}