{
  "experiment_info": {
    "timestamp": "2025-07-07 09:54:04",
    "dataset": "Citeseer",
    "model": "GAT"
  },
  "total_combinations": 6,
  "total_experiments": 60,
  "best_combination_by_val": {
    "parameters": {
      "DROPOUT": 0.5,
      "HIDDEN_CHANNELS": 64,
      "MAX_HOPS": 4,
      "NUM_LAYERS": 2,
      "TEMPERATURE": 0.5
    },
    "final_test_accuracy": {
      "mean": 0.7105105105105105,
      "std": 0.013659538036689681,
      "max": 0.7252252252252253
    },
    "best_test_accuracy": {
      "mean": 0.7106606606606606,
      "std": 0.016269653916894264,
      "max": 0.7312312312312312
    },
    "final_val_accuracy": {
      "mean": 0.7141353383458646,
      "std": 0.015415550940818715,
      "max": 0.7338345864661654
    },
    "best_val_accuracy": {
      "mean": 0.7300751879699248,
      "std": 0.015383245502312206,
      "max": 0.7458646616541353
    },
    "experiment_count": 10
  },
  "best_combination_by_test": {
    "parameters": {
      "DROPOUT": 0.5,
      "HIDDEN_CHANNELS": 64,
      "MAX_HOPS": 3,
      "NUM_LAYERS": 2,
      "TEMPERATURE": 0.5
    },
    "final_test_accuracy": {
      "mean": 0.7151651651651652,
      "std": 0.012012950413795572,
      "max": 0.7342342342342343
    },
    "best_test_accuracy": {
      "mean": 0.7157657657657658,
      "std": 0.012527418548718396,
      "max": 0.7312312312312312
    },
    "final_val_accuracy": {
      "mean": 0.704812030075188,
      "std": 0.01491756609015553,
      "max": 0.7398496240601504
    },
    "best_val_accuracy": {
      "mean": 0.7221052631578948,
      "std": 0.01887562500392565,
      "max": 0.762406015037594
    },
    "experiment_count": 10
  },
  "top_10_combinations": [
    {
      "parameters": {
        "DROPOUT": 0.5,
        "HIDDEN_CHANNELS": 64,
        "MAX_HOPS": 3,
        "NUM_LAYERS": 2,
        "TEMPERATURE": 0.5
      },
      "final_test_accuracy": {
        "mean": 0.7151651651651652,
        "std": 0.012012950413795572,
        "max": 0.7342342342342343
      },
      "best_test_accuracy": {
        "mean": 0.7157657657657658,
        "std": 0.012527418548718396,
        "max": 0.7312312312312312
      },
      "final_val_accuracy": {
        "mean": 0.704812030075188,
        "std": 0.01491756609015553,
        "max": 0.7398496240601504
      },
      "best_val_accuracy": {
        "mean": 0.7221052631578948,
        "std": 0.01887562500392565,
        "max": 0.762406015037594
      },
      "experiment_count": 10
    },
    {
      "parameters": {
        "DROPOUT": 0.5,
        "HIDDEN_CHANNELS": 64,
        "MAX_HOPS": 2,
        "NUM_LAYERS": 2,
        "TEMPERATURE": 0.5
      },
      "final_test_accuracy": {
        "mean": 0.7114114114114114,
        "std": 0.012594724910216681,
        "max": 0.7357357357357357
      },
      "best_test_accuracy": {
        "mean": 0.7135135135135136,
        "std": 0.018906998484921566,
        "max": 0.7477477477477478
      },
      "final_val_accuracy": {
        "mean": 0.7129323308270678,
        "std": 0.01233541084800955,
        "max": 0.7293233082706767
      },
      "best_val_accuracy": {
        "mean": 0.7255639097744361,
        "std": 0.012423091460043834,
        "max": 0.7518796992481203
      },
      "experiment_count": 10
    },
    {
      "parameters": {
        "DROPOUT": 0.5,
        "HIDDEN_CHANNELS": 64,
        "MAX_HOPS": 4,
        "NUM_LAYERS": 2,
        "TEMPERATURE": 0.5
      },
      "final_test_accuracy": {
        "mean": 0.7105105105105105,
        "std": 0.013659538036689681,
        "max": 0.7252252252252253
      },
      "best_test_accuracy": {
        "mean": 0.7106606606606606,
        "std": 0.016269653916894264,
        "max": 0.7312312312312312
      },
      "final_val_accuracy": {
        "mean": 0.7141353383458646,
        "std": 0.015415550940818715,
        "max": 0.7338345864661654
      },
      "best_val_accuracy": {
        "mean": 0.7300751879699248,
        "std": 0.015383245502312206,
        "max": 0.7458646616541353
      },
      "experiment_count": 10
    },
    {
      "parameters": {
        "DROPOUT": 0.5,
        "HIDDEN_CHANNELS": 64,
        "MAX_HOPS": 4,
        "NUM_LAYERS": 1,
        "TEMPERATURE": 0.5
      },
      "final_test_accuracy": {
        "mean": 0.7003003003003003,
        "std": 0.015621389553921868,
        "max": 0.7252252252252253
      },
      "best_test_accuracy": {
        "mean": 0.6966966966966966,
        "std": 0.01986299783081525,
        "max": 0.7192192192192193
      },
      "final_val_accuracy": {
        "mean": 0.6887218045112782,
        "std": 0.016168036157251865,
        "max": 0.7157894736842105
      },
      "best_val_accuracy": {
        "mean": 0.7015037593984963,
        "std": 0.015235539292301967,
        "max": 0.7293233082706767
      },
      "experiment_count": 10
    },
    {
      "parameters": {
        "DROPOUT": 0.5,
        "HIDDEN_CHANNELS": 64,
        "MAX_HOPS": 2,
        "NUM_LAYERS": 1,
        "TEMPERATURE": 0.5
      },
      "final_test_accuracy": {
        "mean": 0.7000000000000001,
        "std": 0.017763467172576892,
        "max": 0.7342342342342343
      },
      "best_test_accuracy": {
        "mean": 0.6921921921921921,
        "std": 0.014665604140630362,
        "max": 0.7192192192192193
      },
      "final_val_accuracy": {
        "mean": 0.6933834586466164,
        "std": 0.014740677727020729,
        "max": 0.7127819548872181
      },
      "best_val_accuracy": {
        "mean": 0.7001503759398496,
        "std": 0.014395305797021751,
        "max": 0.7172932330827068
      },
      "experiment_count": 10
    },
    {
      "parameters": {
        "DROPOUT": 0.5,
        "HIDDEN_CHANNELS": 64,
        "MAX_HOPS": 3,
        "NUM_LAYERS": 1,
        "TEMPERATURE": 0.5
      },
      "final_test_accuracy": {
        "mean": 0.6894894894894895,
        "std": 0.017024670009679718,
        "max": 0.7207207207207207
      },
      "best_test_accuracy": {
        "mean": 0.6881381381381382,
        "std": 0.016988213861999495,
        "max": 0.7177177177177178
      },
      "final_val_accuracy": {
        "mean": 0.693984962406015,
        "std": 0.01870050423418302,
        "max": 0.7218045112781954
      },
      "best_val_accuracy": {
        "mean": 0.7034586466165413,
        "std": 0.017417662839783757,
        "max": 0.7293233082706767
      },
      "experiment_count": 10
    }
  ],
  "all_combinations": [
    {
      "parameters": {
        "DROPOUT": 0.5,
        "HIDDEN_CHANNELS": 64,
        "MAX_HOPS": 3,
        "NUM_LAYERS": 2,
        "TEMPERATURE": 0.5
      },
      "final_test_accuracy": {
        "mean": 0.7151651651651652,
        "std": 0.012012950413795572,
        "max": 0.7342342342342343
      },
      "best_test_accuracy": {
        "mean": 0.7157657657657658,
        "std": 0.012527418548718396,
        "max": 0.7312312312312312
      },
      "final_val_accuracy": {
        "mean": 0.704812030075188,
        "std": 0.01491756609015553,
        "max": 0.7398496240601504
      },
      "best_val_accuracy": {
        "mean": 0.7221052631578948,
        "std": 0.01887562500392565,
        "max": 0.762406015037594
      },
      "experiment_count": 10
    },
    {
      "parameters": {
        "DROPOUT": 0.5,
        "HIDDEN_CHANNELS": 64,
        "MAX_HOPS": 2,
        "NUM_LAYERS": 2,
        "TEMPERATURE": 0.5
      },
      "final_test_accuracy": {
        "mean": 0.7114114114114114,
        "std": 0.012594724910216681,
        "max": 0.7357357357357357
      },
      "best_test_accuracy": {
        "mean": 0.7135135135135136,
        "std": 0.018906998484921566,
        "max": 0.7477477477477478
      },
      "final_val_accuracy": {
        "mean": 0.7129323308270678,
        "std": 0.01233541084800955,
        "max": 0.7293233082706767
      },
      "best_val_accuracy": {
        "mean": 0.7255639097744361,
        "std": 0.012423091460043834,
        "max": 0.7518796992481203
      },