{
  "experiment_info": {
    "timestamp": "2025-07-07 01:48:00",
    "dataset": "Cornell",
    "model": "RobustH2GCN"
  },
  "total_experiments": 60,
  "final_results": {
    "train": {
      "mean": 0.7460244648318045,
      "std": 0.08432538030221887
    },
    "val": {
      "mean": 0.5175925925925926,
      "std": 0.07171593674344913
    },
    "test": {
      "mean": 0.5442982456140351,
      "std": 0.08286920613059652
    }
  },
  "best_results": {
    "val": {
      "mean": 0.5745370370370373,
      "std": 0.07054528699457374
    },
    "test": {
      "mean": 0.5285087719298246,
      "std": 0.0763145291285321
    }
  },
  "early_stopping": {
    "early_stopped_experiments": 60,
    "early_stopping_rate": 1.0,
    "average_stopping_epoch": 76.23333333333333,
    "stopping_epoch_std": 22.536908000482725,
    "stopping_epoch_range": [
      50,
      133
    ]
  },
  "feature_modification": {
    "modifications_applied": 1,
    "modification_types": [
      "noise"
    ]
  }
}