{
  "experiment_info": {
    "timestamp": "2025-07-07 01:48:00",
    "dataset": "Cornell",
    "model": "RobustH2GCN"
  },
  "total_combinations": 6,
  "total_experiments": 60,
  "best_combination_by_val": {
    "parameters": {
      "DROPOUT": 0.5,
      "HIDDEN_CHANNELS": 64,
      "MAX_HOPS": 3,
      "NUM_LAYERS": 1,
      "TEMPERATURE": 2.0
    },
    "final_test_accuracy": {
      "mean": 0.5236842105263159,
      "std": 0.09521080271118706,
      "max": 0.7105263157894737
    },
    "best_test_accuracy": {
      "mean": 0.4947368421052632,
      "std": 0.08551619373301013,
      "max": 0.6842105263157895
    },
    "final_val_accuracy": {
      "mean": 0.5611111111111111,
      "std": 0.07637626158259735,
      "max": 0.6666666666666666
    },
    "best_val_accuracy": {
      "mean": 0.6027777777777779,
      "std": 0.0703277161176231,
      "max": 0.7222222222222222
    },
    "experiment_count": 10
  },
  "best_combination_by_test": {
    "parameters": {
      "DROPOUT": 0.5,
      "HIDDEN_CHANNELS": 64,
      "MAX_HOPS": 4,
      "NUM_LAYERS": 1,
      "TEMPERATURE": 0.5
    },
    "final_test_accuracy": {
      "mean": 0.5552631578947367,
      "std": 0.08604096170669377,
      "max": 0.7105263157894737
    },
    "best_test_accuracy": {
      "mean": 0.5210526315789473,
      "std": 0.0733073067220217,
      "max": 0.6842105263157895
    },
    "final_val_accuracy": {
      "mean": 0.5194444444444445,
      "std": 0.08244901155364351,
      "max": 0.6388888888888888
    },
    "best_val_accuracy": {
      "mean": 0.5638888888888889,
      "std": 0.08962369891612045,
      "max": 0.6666666666666666
    },
    "experiment_count": 10
  },
  "top_10_combinations": [
    {
      "parameters": {
        "DROPOUT": 0.5,
        "HIDDEN_CHANNELS": 64,
        "MAX_HOPS": 4,
        "NUM_LAYERS": 1,
        "TEMPERATURE": 0.5
      },
      "final_test_accuracy": {
        "mean": 0.5552631578947367,
        "std": 0.08604096170669377,
        "max": 0.7105263157894737
      },
      "best_test_accuracy": {
        "mean": 0.5210526315789473,
        "std": 0.0733073067220217,
        "max": 0.6842105263157895
      },
      "final_val_accuracy": {
        "mean": 0.5194444444444445,
        "std": 0.08244901155364351,
        "max": 0.6388888888888888
      },
      "best_val_accuracy": {
        "mean": 0.5638888888888889,
        "std": 0.08962369891612045,
        "max": 0.6666666666666666
      },
      "experiment_count": 10
    },
    {
      "parameters": {
        "DROPOUT": 0.5,
        "HIDDEN_CHANNELS": 64,
        "MAX_HOPS": 2,
        "NUM_LAYERS": 1,
        "TEMPERATURE": 0.5
      },
      "final_test_accuracy": {
        "mean": 0.5526315789473685,
        "std": 0.077173043676922,
        "max": 0.7105263157894737
      },
      "best_test_accuracy": {
        "mean": 0.5657894736842105,
        "std": 0.05551321870981313,
        "max": 0.6578947368421053
      },
      "final_val_accuracy": {
        "mean": 0.5111111111111111,
        "std": 0.05983516452371673,
        "max": 0.5833333333333334
      },
      "best_val_accuracy": {
        "mean": 0.5666666666666667,
        "std": 0.06596856715021066,
        "max": 0.6944444444444444
      },
      "experiment_count": 10
    },
    {
      "parameters": {
        "DROPOUT": 0.5,
        "HIDDEN_CHANNELS": 64,
        "MAX_HOPS": 3,
        "NUM_LAYERS": 1,
        "TEMPERATURE": 0.5
      },
      "final_test_accuracy": {
        "mean": 0.55,
        "std": 0.07391879950099021,
        "max": 0.6842105263157895
      },
      "best_test_accuracy": {
        "mean": 0.531578947368421,
        "std": 0.07788762414183549,
        "max": 0.7105263157894737
      },
      "final_val_accuracy": {
        "mean": 0.5277777777777778,
        "std": 0.06804138174397718,
        "max": 0.6111111111111112
      },
      "best_val_accuracy": {
        "mean": 0.575,
        "std": 0.06217508134888719,
        "max": 0.6388888888888888
      },
      "experiment_count": 10
    },
    {
      "parameters": {
        "DROPOUT": 0.5,
        "HIDDEN_CHANNELS": 64,
        "MAX_HOPS": 2,
        "NUM_LAYERS": 1,
        "TEMPERATURE": 2.0
      },
      "final_test_accuracy": {
        "mean": 0.5473684210526315,
        "std": 0.07608859102526822,
        "max": 0.7368421052631579
      },
      "best_test_accuracy": {
        "mean": 0.5210526315789473,
        "std": 0.062051716434482075,
        "max": 0.631578947368421
      },
      "final_val_accuracy": {
        "mean": 0.5055555555555556,
        "std": 0.06781419786518723,
        "max": 0.6388888888888888
      },
      "best_val_accuracy": {
        "mean": 0.5805555555555556,
        "std": 0.07291335971337048,
        "max": 0.6944444444444444
      },
      "experiment_count": 10
    },
    {
      "parameters": {
        "DROPOUT": 0.5,
        "HIDDEN_CHANNELS": 64,
        "MAX_HOPS": 4,
        "NUM_LAYERS": 1,
        "TEMPERATURE": 2.0
      },
      "final_test_accuracy": {
        "mean": 0.536842105263158,
        "std": 0.08254940600714801,
        "max": 0.631578947368421
      },
      "best_test_accuracy": {
        "mean": 0.5368421052631579,
        "std": 0.08085416576703797,
        "max": 0.631578947368421
      },
      "final_val_accuracy": {
        "mean": 0.4805555555555555,
        "std": 0.04312270748961119,
        "max": 0.5277777777777778
      },
      "best_val_accuracy": {
        "mean": 0.5583333333333333,
        "std": 0.045558942963490924,
        "max": 0.6111111111111112
      },
      "experiment_count": 10
    },
    {
      "parameters": {
        "DROPOUT": 0.5,
        "HIDDEN_CHANNELS": 64,
        "MAX_HOPS": 3,
        "NUM_LAYERS": 1,
        "TEMPERATURE": 2.0
      },
      "final_test_accuracy": {
        "mean": 0.5236842105263159,
        "std": 0.09521080271118706,
        "max": 0.7105263157894737
      },
      "best_test_accuracy": {
        "mean": 0.4947368421052632,
        "std": 0.08551619373301013,
        "max": 0.6842105263157895
      },
      "final_val_accuracy": {
        "mean": 0.5611111111111111,
        "std": 0.07637626158259735,
        "max": 0.6666666666666666
      },
      "best_val_accuracy": {
        "mean": 0.6027777777777779,
        "std": 0.0703277161176231,
        "max": 0.7222222222222222
      },
      "experiment_count": 10
    }
  ],
  "all_combinations": [
    {
      "parameters": {
        "DROPOUT": 0.5,
        "HIDDEN_CHANNELS": 64,
        "MAX_HOPS": 4,
        "NUM_LAYERS": 1,
        "TEMPERATURE": 0.5
      },
      "final_test_accuracy": {
        "mean": 0.5552631578947367,
        "std": 0.08604096170669377,
        "max": 0.7105263157894737
      },
      "best_test_accuracy": {
        "mean": 0.5210526315789473,
        "std": 0.0733073067220217,
        "max": 0.6842105263157895
      },
      "final_val_accuracy": {
        "mean": 0.5194444444444445,
        "std": 0.08244901155364351,
        "max": 0.6388888888888888
      },
      "best_val_accuracy": {
        "mean": 0.5638888888888889,
        "std": 0.08962369891612045,
        "max": 0.6666666666666666
      },
      "experiment_count": 10
    },
    {
      "parameters": {
        "DROPOUT": 0.5,
        "HIDDEN_CHANNELS": 64,
        "MAX_HOPS": 2,
        "NUM_LAYERS": 1,
        "TEMPERATURE": 0.5
      },
      "final_test_accuracy": {
        "mean": 0.5526315789473685,
        "std": 0.077173043676922,
        "max": 0.7105263157894737
      },
      "best_test_accuracy": {
        "mean": 0.5657894736842105,
        "std": 0.05551321870981313,
        "max": 0.6578947368421053
      },
      "final_val_accuracy": {
        "mean": 0.5111111111111111,
        "std": 0.05983516452371673,
        "max": 0.5833333333333334
      },
      "best_val_accuracy": {
        "mean": 0.5666666666666667,
        "std": 0.06596856715021066,
        "max": 0.6944444444444444
      },