{
  "experiment_info": {
    "timestamp": "2025-07-05 12:12:57",
    "dataset": "Texas",
    "model": "MLP"
  },
  "total_combinations": 6,
  "total_experiments": 60,
  "best_combination_by_val": {
    "parameters": {
      "DROPOUT": 0.5,
      "HIDDEN_CHANNELS": 64,
      "MAX_HOPS": 3,
      "NUM_LAYERS": 2,
      "TEMPERATURE": 0.5
    },
    "final_test_accuracy": {
      "mean": 0.844736842105263,
      "std": 0.04152561536331447,
      "max": 0.9210526315789473
    },
    "best_test_accuracy": {
      "mean": 0.8526315789473685,
      "std": 0.056685945338257916,
      "max": 0.9473684210526315
    },
    "final_val_accuracy": {
      "mean": 0.8861111111111111,
      "std": 0.04882887730901927,
      "max": 0.9722222222222222
    },
    "best_val_accuracy": {
      "mean": 0.9083333333333334,
      "std": 0.05562495665139106,
      "max": 1.0
    },
    "experiment_count": 10
  },
  "best_combination_by_test": {
    "parameters": {
      "DROPOUT": 0.5,
      "HIDDEN_CHANNELS": 64,
      "MAX_HOPS": 3,
      "NUM_LAYERS": 2,
      "TEMPERATURE": 0.5
    },
    "final_test_accuracy": {
      "mean": 0.844736842105263,
      "std": 0.04152561536331447,
      "max": 0.9210526315789473
    },
    "best_test_accuracy": {
      "mean": 0.8526315789473685,
      "std": 0.056685945338257916,
      "max": 0.9473684210526315
    },
    "final_val_accuracy": {
      "mean": 0.8861111111111111,
      "std": 0.04882887730901927,
      "max": 0.9722222222222222
    },
    "best_val_accuracy": {
      "mean": 0.9083333333333334,
      "std": 0.05562495665139106,
      "max": 1.0
    },
    "experiment_count": 10
  },
  "top_10_combinations": [
    {
      "parameters": {
        "DROPOUT": 0.5,
        "HIDDEN_CHANNELS": 64,
        "MAX_HOPS": 3,
        "NUM_LAYERS": 2,
        "TEMPERATURE": 0.5
      },
      "final_test_accuracy": {
        "mean": 0.844736842105263,
        "std": 0.04152561536331447,
        "max": 0.9210526315789473
      },
      "best_test_accuracy": {
        "mean": 0.8526315789473685,
        "std": 0.056685945338257916,
        "max": 0.9473684210526315
      },
      "final_val_accuracy": {
        "mean": 0.8861111111111111,
        "std": 0.04882887730901927,
        "max": 0.9722222222222222
      },
      "best_val_accuracy": {
        "mean": 0.9083333333333334,
        "std": 0.05562495665139106,
        "max": 1.0
      },
      "experiment_count": 10
    },
    {
      "parameters": {
        "DROPOUT": 0.5,
        "HIDDEN_CHANNELS": 64,
        "MAX_HOPS": 4,
        "NUM_LAYERS": 1,
        "TEMPERATURE": 0.5
      },
      "final_test_accuracy": {
        "mean": 0.8368421052631578,
        "std": 0.04823763889427201,
        "max": 0.8947368421052632
      },
      "best_test_accuracy": {
        "mean": 0.8289473684210525,
        "std": 0.047441464150841973,
        "max": 0.8947368421052632
      },
      "final_val_accuracy": {
        "mean": 0.8277777777777778,
        "std": 0.06309898162000303,
        "max": 0.9166666666666666
      },
      "best_val_accuracy": {
        "mean": 0.8694444444444445,
        "std": 0.06460946305340559,
        "max": 1.0
      },
      "experiment_count": 10
    },
    {
      "parameters": {
        "DROPOUT": 0.5,
        "HIDDEN_CHANNELS": 64,
        "MAX_HOPS": 2,
        "NUM_LAYERS": 1,
        "TEMPERATURE": 0.5
      },
      "final_test_accuracy": {
        "mean": 0.8157894736842104,
        "std": 0.0526315789473684,
        "max": 0.9210526315789473
      },
      "best_test_accuracy": {
        "mean": 0.8052631578947368,
        "std": 0.056685945338257916,
        "max": 0.9473684210526315
      },
      "final_val_accuracy": {
        "mean": 0.8277777777777778,
        "std": 0.04267303193260336,
        "max": 0.8888888888888888
      },
      "best_val_accuracy": {
        "mean": 0.8666666666666666,
        "std": 0.056655772373253144,
        "max": 0.9444444444444444
      },
      "experiment_count": 10
    },
    {
      "parameters": {
        "DROPOUT": 0.5,
        "HIDDEN_CHANNELS": 64,
        "MAX_HOPS": 2,
        "NUM_LAYERS": 2,
        "TEMPERATURE": 0.5
      },
      "final_test_accuracy": {
        "mean": 0.8157894736842104,
        "std": 0.077173043676922,
        "max": 0.9210526315789473
      },
      "best_test_accuracy": {
        "mean": 0.8289473684210525,
        "std": 0.07828670937180797,
        "max": 0.9473684210526315
      },
      "final_val_accuracy": {
        "mean": 0.825,
        "std": 0.06579288490181673,
        "max": 0.9444444444444444
      },
      "best_val_accuracy": {
        "mean": 0.8694444444444445,
        "std": 0.03938179688543837,
        "max": 0.9444444444444444
      },
      "experiment_count": 10
    },
    {
      "parameters": {
        "DROPOUT": 0.5,
        "HIDDEN_CHANNELS": 64,
        "MAX_HOPS": 4,
        "NUM_LAYERS": 2,
        "TEMPERATURE": 0.5
      },
      "final_test_accuracy": {
        "mean": 0.8,
        "std": 0.07177990366834659,
        "max": 0.9210526315789473
      },
      "best_test_accuracy": {
        "mean": 0.8131578947368421,
        "std": 0.08020921396909562,
        "max": 0.9210526315789473
      },
      "final_val_accuracy": {
        "mean": 0.8,
        "std": 0.06781419786518725,
        "max": 0.9166666666666666
      },
      "best_val_accuracy": {
        "mean": 0.8444444444444444,
        "std": 0.051520102752753885,
        "max": 0.9444444444444444
      },
      "experiment_count": 10
    },
    {
      "parameters": {
        "DROPOUT": 0.5,
        "HIDDEN_CHANNELS": 64,
        "MAX_HOPS": 3,
        "NUM_LAYERS": 1,
        "TEMPERATURE": 0.5
      },
      "final_test_accuracy": {
        "mean": 0.7894736842105263,
        "std": 0.06862318321265946,
        "max": 0.9473684210526315
      },
      "best_test_accuracy": {
        "mean": 0.8052631578947368,
        "std": 0.0764517844543892,
        "max": 0.9473684210526315
      },
      "final_val_accuracy": {
        "mean": 0.8166666666666668,
        "std": 0.08443713418650368,
        "max": 0.9444444444444444
      },
      "best_val_accuracy": {
        "mean": 0.875,
        "std": 0.07375510026306528,
        "max": 0.9722222222222222
      },
      "experiment_count": 10
    }
  ],
  "all_combinations": [
    {
      "parameters": {
        "DROPOUT": 0.5,
        "HIDDEN_CHANNELS": 64,
        "MAX_HOPS": 3,
        "NUM_LAYERS": 2,
        "TEMPERATURE": 0.5
      },
      "final_test_accuracy": {
        "mean": 0.844736842105263,
        "std": 0.04152561536331447,
        "max": 0.9210526315789473
      },
      "best_test_accuracy": {
        "mean": 0.8526315789473685,
        "std": 0.056685945338257916,
        "max": 0.9473684210526315
      },
      "final_val_accuracy": {
        "mean": 0.8861111111111111,
        "std": 0.04882887730901927,
        "max": 0.9722222222222222
      },
      "best_val_accuracy": {
        "mean": 0.9083333333333334,
        "std": 0.05562495665139106,
        "max": 1.0
      },
      "experiment_count": 10
    },
    {
      "parameters": {
        "DROPOUT": 0.5,
        "HIDDEN_CHANNELS": 64,
        "MAX_HOPS": 4,
        "NUM_LAYERS": 1,
        "TEMPERATURE": 0.5
      },
      "final_test_accuracy": {
        "mean": 0.8368421052631578,
        "std": 0.04823763889427201,
        "max": 0.8947368421052632
      },
      "best_test_accuracy": {
        "mean": 0.8289473684210525,
        "std": 0.047441464150841973,
        "max": 0.8947368421052632
      },
      "final_val_accuracy": {
        "mean": 0.8277777777777778,
        "std": 0.06309898162000303,
        "max": 0.9166666666666666
      },
      "best_val_accuracy": {
        "mean": 0.8694444444444445,
        "std": 0.06460946305340559,
        "max": 1.0
      },
      "experiment_count": 10
    },
    {
      "parameters": {
        "DROPOUT": 0.5,
        "HIDDEN_CHANNELS": 64,
        "MAX_HOPS": 2,
        "NUM_LAYERS": 1,