{
  "experiment_info": {
    "timestamp": "2025-07-06 21:56:46",
    "dataset": "Citeseer",
    "model": "GCN"
  },
  "total_combinations": 6,
  "total_experiments": 60,
  "best_combination_by_val": {
    "parameters": {
      "DROPOUT": 0.5,
      "HIDDEN_CHANNELS": 64,
      "MAX_HOPS": 2,
      "NUM_LAYERS": 1,
      "TEMPERATURE": 0.5
    },
    "final_test_accuracy": {
      "mean": 0.178978978978979,
      "std": 0.03976456790284712,
      "max": 0.22822822822822822
    },
    "best_test_accuracy": {
      "mean": 0.337987987987988,
      "std": 0.09182132857679001,
      "max": 0.45045045045045046
    },
    "final_val_accuracy": {
      "mean": 0.17729323308270675,
      "std": 0.04026285952867131,
      "max": 0.23609022556390977
    },
    "best_val_accuracy": {
      "mean": 0.35293233082706765,
      "std": 0.0785591601027213,
      "max": 0.45864661654135336
    },
    "experiment_count": 10
  },
  "best_combination_by_test": {
    "parameters": {
      "DROPOUT": 0.5,
      "HIDDEN_CHANNELS": 64,
      "MAX_HOPS": 2,
      "NUM_LAYERS": 2,
      "TEMPERATURE": 0.5
    },
    "final_test_accuracy": {
      "mean": 0.21876876876876877,
      "std": 0.007716315409927684,
      "max": 0.22972972972972974
    },
    "best_test_accuracy": {
      "mean": 0.21246246246246248,
      "std": 0.013248145198065537,
      "max": 0.22972972972972974
    },
    "final_val_accuracy": {
      "mean": 0.20842105263157892,
      "std": 0.009888290058811186,
      "max": 0.23157894736842105
    },
    "best_val_accuracy": {
      "mean": 0.2204511278195489,
      "std": 0.016448131024210902,
      "max": 0.2571428571428571
    },
    "experiment_count": 10
  },
  "top_10_combinations": [
    {
      "parameters": {
        "DROPOUT": 0.5,
        "HIDDEN_CHANNELS": 64,
        "MAX_HOPS": 2,
        "NUM_LAYERS": 2,
        "TEMPERATURE": 0.5
      },
      "final_test_accuracy": {
        "mean": 0.21876876876876877,
        "std": 0.007716315409927684,
        "max": 0.22972972972972974
      },
      "best_test_accuracy": {
        "mean": 0.21246246246246248,
        "std": 0.013248145198065537,
        "max": 0.22972972972972974
      },
      "final_val_accuracy": {
        "mean": 0.20842105263157892,
        "std": 0.009888290058811186,
        "max": 0.23157894736842105
      },
      "best_val_accuracy": {
        "mean": 0.2204511278195489,
        "std": 0.016448131024210902,
        "max": 0.2571428571428571
      },
      "experiment_count": 10
    },
    {
      "parameters": {
        "DROPOUT": 0.5,
        "HIDDEN_CHANNELS": 64,
        "MAX_HOPS": 3,
        "NUM_LAYERS": 2,
        "TEMPERATURE": 0.5
      },
      "final_test_accuracy": {
        "mean": 0.20555555555555557,
        "std": 0.013420601513248573,
        "max": 0.22822822822822822
      },
      "best_test_accuracy": {
        "mean": 0.20285285285285287,
        "std": 0.017112506623168124,
        "max": 0.22972972972972974
      },
      "final_val_accuracy": {
        "mean": 0.2021052631578947,
        "std": 0.008186861707558614,
        "max": 0.21804511278195488
      },
      "best_val_accuracy": {
        "mean": 0.21368421052631578,
        "std": 0.008465243876714325,
        "max": 0.23157894736842105
      },
      "experiment_count": 10
    },
    {
      "parameters": {
        "DROPOUT": 0.5,
        "HIDDEN_CHANNELS": 64,
        "MAX_HOPS": 4,
        "NUM_LAYERS": 2,
        "TEMPERATURE": 0.5
      },
      "final_test_accuracy": {
        "mean": 0.2010510510510511,
        "std": 0.018160721179946507,
        "max": 0.2222222222222222
      },
      "best_test_accuracy": {
        "mean": 0.2105105105105105,
        "std": 0.016070976769080668,
        "max": 0.24324324324324326
      },
      "final_val_accuracy": {
        "mean": 0.20345864661654134,
        "std": 0.018393258147395355,
        "max": 0.23458646616541354
      },
      "best_val_accuracy": {
        "mean": 0.21669172932330824,
        "std": 0.011262143965926487,
        "max": 0.23759398496240602
      },
      "experiment_count": 10
    },
    {
      "parameters": {
        "DROPOUT": 0.5,
        "HIDDEN_CHANNELS": 64,
        "MAX_HOPS": 3,
        "NUM_LAYERS": 1,
        "TEMPERATURE": 0.5
      },
      "final_test_accuracy": {
        "mean": 0.184984984984985,
        "std": 0.05652430272546847,
        "max": 0.2822822822822823
      },
      "best_test_accuracy": {
        "mean": 0.30750750750750744,
        "std": 0.06813508742113444,
        "max": 0.42792792792792794
      },
      "final_val_accuracy": {
        "mean": 0.18902255639097743,
        "std": 0.050068865459198336,
        "max": 0.2556390977443609
      },
      "best_val_accuracy": {
        "mean": 0.3227067669172932,
        "std": 0.06863537448401782,
        "max": 0.3879699248120301
      },
      "experiment_count": 10
    },
    {
      "parameters": {
        "DROPOUT": 0.5,
        "HIDDEN_CHANNELS": 64,
        "MAX_HOPS": 4,
        "NUM_LAYERS": 1,
        "TEMPERATURE": 0.5
      },
      "final_test_accuracy": {
        "mean": 0.18438438438438437,
        "std": 0.04187978125826832,
        "max": 0.24474474474474475
      },
      "best_test_accuracy": {
        "mean": 0.3391891891891892,
        "std": 0.08009761131925697,
        "max": 0.5315315315315315
      },
      "final_val_accuracy": {
        "mean": 0.18045112781954886,
        "std": 0.0392823864475325,
        "max": 0.21353383458646616
      },
      "best_val_accuracy": {
        "mean": 0.3472180451127819,
        "std": 0.07408651872104953,
        "max": 0.4992481203007519
      },
      "experiment_count": 10
    },
    {
      "parameters": {
        "DROPOUT": 0.5,
        "HIDDEN_CHANNELS": 64,
        "MAX_HOPS": 2,
        "NUM_LAYERS": 1,
        "TEMPERATURE": 0.5
      },
      "final_test_accuracy": {
        "mean": 0.178978978978979,
        "std": 0.03976456790284712,
        "max": 0.22822822822822822
      },
      "best_test_accuracy": {
        "mean": 0.337987987987988,
        "std": 0.09182132857679001,
        "max": 0.45045045045045046
      },
      "final_val_accuracy": {
        "mean": 0.17729323308270675,
        "std": 0.04026285952867131,
        "max": 0.23609022556390977
      },
      "best_val_accuracy": {
        "mean": 0.35293233082706765,
        "std": 0.0785591601027213,
        "max": 0.45864661654135336
      },
      "experiment_count": 10
    }
  ],
  "all_combinations": [
    {
      "parameters": {
        "DROPOUT": 0.5,
        "HIDDEN_CHANNELS": 64,
        "MAX_HOPS": 2,
        "NUM_LAYERS": 2,
        "TEMPERATURE": 0.5
      },
      "final_test_accuracy": {
        "mean": 0.21876876876876877,
        "std": 0.007716315409927684,
        "max": 0.22972972972972974
      },
      "best_test_accuracy": {
        "mean": 0.21246246246246248,
        "std": 0.013248145198065537,
        "max": 0.22972972972972974
      },
      "final_val_accuracy": {
        "mean": 0.20842105263157892,
        "std": 0.009888290058811186,
        "max": 0.23157894736842105
      },
      "best_val_accuracy": {
        "mean": 0.2204511278195489,
        "std": 0.016448131024210902,
        "max": 0.2571428571428571
      },
      "experiment_count": 10
    },
    {
      "parameters": {
        "DROPOUT": 0.5,
        "HIDDEN_CHANNELS": 64,
        "MAX_HOPS": 3,
        "NUM_LAYERS": 2,
        "TEMPERATURE": 0.5
      },
      "final_test_accuracy": {
        "mean": 0.20555555555555557,
        "std": 0.013420601513248573,
        "max": 0.22822822822822822
      },
      "best_test_accuracy": {
        "mean": 0.20285285285285287,
        "std": 0.017112506623168124,
        "max": 0.22972972972972974
      },
      "final_val_accuracy": {
        "mean": 0.2021052631578947,
        "std": 0.008186861707558614,
        "max": 0.21804511278195488
      },
      "best_val_accuracy": {
        "mean": 0.21368421052631578,
        "std": 0.008465243876714325,