{
  "experiment_info": {
    "timestamp": "2025-07-05 11:55:37",
    "dataset": "Cora",
    "model": "GAT"
  },
  "total_combinations": 6,
  "total_experiments": 60,
  "best_combination_by_val": {
    "parameters": {
      "DROPOUT": 0.5,
      "HIDDEN_CHANNELS": 64,
      "MAX_HOPS": 3,
      "NUM_LAYERS": 2,
      "TEMPERATURE": 0.5
    },
    "final_test_accuracy": {
      "mean": 0.8546961325966851,
      "std": 0.012475535583381188,
      "max": 0.8692449355432781
    },
    "best_test_accuracy": {
      "mean": 0.8534069981583794,
      "std": 0.012737839017156976,
      "max": 0.8747697974217311
    },
    "final_val_accuracy": {
      "mean": 0.8580406654343807,
      "std": 0.015125524987414986,
      "max": 0.8927911275415896
    },
    "best_val_accuracy": {
      "mean": 0.8720887245841036,
      "std": 0.010482400649728538,
      "max": 0.8983364140480592
    },
    "experiment_count": 10
  },
  "best_combination_by_test": {
    "parameters": {
      "DROPOUT": 0.5,
      "HIDDEN_CHANNELS": 64,
      "MAX_HOPS": 4,
      "NUM_LAYERS": 2,
      "TEMPERATURE": 0.5
    },
    "final_test_accuracy": {
      "mean": 0.8637200736648252,
      "std": 0.010220579687301367,
      "max": 0.8747697974217311
    },
    "best_test_accuracy": {
      "mean": 0.8653775322283609,
      "std": 0.009334310053387982,
      "max": 0.8839779005524862
    },
    "final_val_accuracy": {
      "mean": 0.8608133086876155,
      "std": 0.010193209374463759,
      "max": 0.878003696857671
    },
    "best_val_accuracy": {
      "mean": 0.8713493530499076,
      "std": 0.010131008950864854,
      "max": 0.8909426987060998
    },
    "experiment_count": 10
  },
  "top_10_combinations": [
    {
      "parameters": {
        "DROPOUT": 0.5,
        "HIDDEN_CHANNELS": 64,
        "MAX_HOPS": 4,
        "NUM_LAYERS": 2,
        "TEMPERATURE": 0.5
      },
      "final_test_accuracy": {
        "mean": 0.8637200736648252,
        "std": 0.010220579687301367,
        "max": 0.8747697974217311
      },
      "best_test_accuracy": {
        "mean": 0.8653775322283609,
        "std": 0.009334310053387982,
        "max": 0.8839779005524862
      },
      "final_val_accuracy": {
        "mean": 0.8608133086876155,
        "std": 0.010193209374463759,
        "max": 0.878003696857671
      },
      "best_val_accuracy": {
        "mean": 0.8713493530499076,
        "std": 0.010131008950864854,
        "max": 0.8909426987060998
      },
      "experiment_count": 10
    },
    {
      "parameters": {
        "DROPOUT": 0.5,
        "HIDDEN_CHANNELS": 64,
        "MAX_HOPS": 2,
        "NUM_LAYERS": 2,
        "TEMPERATURE": 0.5
      },
      "final_test_accuracy": {
        "mean": 0.8576427255985267,
        "std": 0.015343032063234667,
        "max": 0.8876611418047882
      },
      "best_test_accuracy": {
        "mean": 0.8572744014732965,
        "std": 0.017142906401252638,
        "max": 0.8895027624309392
      },
      "final_val_accuracy": {
        "mean": 0.856192236598891,
        "std": 0.016362510888229747,
        "max": 0.8761552680221811
      },
      "best_val_accuracy": {
        "mean": 0.8709796672828096,
        "std": 0.013091261522828654,
        "max": 0.8927911275415896
      },
      "experiment_count": 10
    },
    {
      "parameters": {
        "DROPOUT": 0.5,
        "HIDDEN_CHANNELS": 64,
        "MAX_HOPS": 3,
        "NUM_LAYERS": 2,
        "TEMPERATURE": 0.5
      },
      "final_test_accuracy": {
        "mean": 0.8546961325966851,
        "std": 0.012475535583381188,
        "max": 0.8692449355432781
      },
      "best_test_accuracy": {
        "mean": 0.8534069981583794,
        "std": 0.012737839017156976,
        "max": 0.8747697974217311
      },
      "final_val_accuracy": {
        "mean": 0.8580406654343807,
        "std": 0.015125524987414986,
        "max": 0.8927911275415896
      },
      "best_val_accuracy": {
        "mean": 0.8720887245841036,
        "std": 0.010482400649728538,
        "max": 0.8983364140480592
      },
      "experiment_count": 10
    },
    {
      "parameters": {
        "DROPOUT": 0.5,
        "HIDDEN_CHANNELS": 64,
        "MAX_HOPS": 4,
        "NUM_LAYERS": 1,
        "TEMPERATURE": 0.5
      },
      "final_test_accuracy": {
        "mean": 0.7782688766114181,
        "std": 0.01780190935336216,
        "max": 0.8047882136279927
      },
      "best_test_accuracy": {
        "mean": 0.7679558011049724,
        "std": 0.02298708475378259,
        "max": 0.7845303867403315
      },
      "final_val_accuracy": {
        "mean": 0.7802218114602588,
        "std": 0.02052421999785644,
        "max": 0.8096118299445472
      },
      "best_val_accuracy": {
        "mean": 0.7896487985212569,
        "std": 0.02186778029008539,
        "max": 0.822550831792976
      },
      "experiment_count": 10
    },
    {
      "parameters": {
        "DROPOUT": 0.5,
        "HIDDEN_CHANNELS": 64,
        "MAX_HOPS": 2,
        "NUM_LAYERS": 1,
        "TEMPERATURE": 0.5
      },
      "final_test_accuracy": {
        "mean": 0.7749539594843463,
        "std": 0.022157688755351797,
        "max": 0.8176795580110497
      },
      "best_test_accuracy": {
        "mean": 0.7731123388581953,
        "std": 0.02378187618026951,
        "max": 0.8195211786372008
      },
      "final_val_accuracy": {
        "mean": 0.7733826247689464,
        "std": 0.02787636602071549,
        "max": 0.8133086876155268
      },
      "best_val_accuracy": {
        "mean": 0.7848428835489833,
        "std": 0.030296194082880416,
        "max": 0.8317929759704251
      },
      "experiment_count": 10
    },
    {
      "parameters": {
        "DROPOUT": 0.5,
        "HIDDEN_CHANNELS": 64,
        "MAX_HOPS": 3,
        "NUM_LAYERS": 1,
        "TEMPERATURE": 0.5
      },
      "final_test_accuracy": {
        "mean": 0.7639042357274402,
        "std": 0.0199677880934509,
        "max": 0.7900552486187845
      },
      "best_test_accuracy": {
        "mean": 0.7535911602209945,
        "std": 0.02600274415428772,
        "max": 0.8011049723756906
      },
      "final_val_accuracy": {
        "mean": 0.7682070240295749,
        "std": 0.028852073528791652,
        "max": 0.8059149722735675
      },
      "best_val_accuracy": {
        "mean": 0.7811460258780036,
        "std": 0.032431367392918735,
        "max": 0.8133086876155268
      },
      "experiment_count": 10
    }
  ],
  "all_combinations": [
    {
      "parameters": {
        "DROPOUT": 0.5,
        "HIDDEN_CHANNELS": 64,
        "MAX_HOPS": 4,
        "NUM_LAYERS": 2,
        "TEMPERATURE": 0.5
      },
      "final_test_accuracy": {
        "mean": 0.8637200736648252,
        "std": 0.010220579687301367,
        "max": 0.8747697974217311
      },
      "best_test_accuracy": {
        "mean": 0.8653775322283609,
        "std": 0.009334310053387982,
        "max": 0.8839779005524862
      },
      "final_val_accuracy": {
        "mean": 0.8608133086876155,
        "std": 0.010193209374463759,
        "max": 0.878003696857671
      },
      "best_val_accuracy": {
        "mean": 0.8713493530499076,
        "std": 0.010131008950864854,
        "max": 0.8909426987060998
      },
      "experiment_count": 10
    },
    {
      "parameters": {
        "DROPOUT": 0.5,
        "HIDDEN_CHANNELS": 64,
        "MAX_HOPS": 2,
        "NUM_LAYERS": 2,
        "TEMPERATURE": 0.5
      },
      "final_test_accuracy": {
        "mean": 0.8576427255985267,
        "std": 0.015343032063234667,
        "max": 0.8876611418047882
      },
      "best_test_accuracy": {
        "mean": 0.8572744014732965,
        "std": 0.017142906401252638,
        "max": 0.8895027624309392
      },
      "final_val_accuracy": {
        "mean": 0.856192236598891,
        "std": 0.016362510888229747,
        "max": 0.8761552680221811
      },
      "best_val_accuracy": {
        "mean": 0.8709796672828096,
        "std": 0.013091261522828654,
        "max": 0.8927911275415896
      },