{
  "experiment_info": {
    "timestamp": "2025-07-02 21:16:01",
    "dataset": "Cora",
    "model": "GCN"
  },
  "total_combinations": 9,
  "total_experiments": 90,
  "best_combination_by_val": {
    "parameters": {
      "DROPOUT": 0.5,
      "HIDDEN_CHANNELS": 64,
      "MAX_HOPS": 3,
      "NUM_LAYERS": 1,
      "TEMPERATURE": 0.5
    },
    "final_test_accuracy": {
      "mean": 0.7329650092081031,
      "std": 0.015164043351925527,
      "max": 0.7661141804788214
    },
    "best_test_accuracy": {
      "mean": 0.7311233885819522,
      "std": 0.014049525688958118,
      "max": 0.7569060773480663
    },
    "final_val_accuracy": {
      "mean": 0.744547134935305,
      "std": 0.016570007268772616,
      "max": 0.7707948243992606
    },
    "best_val_accuracy": {
      "mean": 0.7484288354898336,
      "std": 0.016060070506651238,
      "max": 0.7763401109057301
    },
    "experiment_count": 10
  },
  "best_combination_by_test": {
    "parameters": {
      "DROPOUT": 0.5,
      "HIDDEN_CHANNELS": 64,
      "MAX_HOPS": 2,
      "NUM_LAYERS": 1,
      "TEMPERATURE": 0.5
    },
    "final_test_accuracy": {
      "mean": 0.7419889502762431,
      "std": 0.019004418429683638,
      "max": 0.7624309392265194
    },
    "best_test_accuracy": {
      "mean": 0.7421731123388582,
      "std": 0.020606409916315828,
      "max": 0.7642725598526704
    },
    "final_val_accuracy": {
      "mean": 0.7362292051756008,
      "std": 0.013458034491140393,
      "max": 0.7541589648798521
    },
    "best_val_accuracy": {
      "mean": 0.7399260628465804,
      "std": 0.013045508309496412,
      "max": 0.7578558225508318
    },
    "experiment_count": 10
  },
  "top_10_combinations": [
    {
      "parameters": {
        "DROPOUT": 0.5,
        "HIDDEN_CHANNELS": 64,
        "MAX_HOPS": 2,
        "NUM_LAYERS": 1,
        "TEMPERATURE": 0.5
      },
      "final_test_accuracy": {
        "mean": 0.7419889502762431,
        "std": 0.019004418429683638,
        "max": 0.7624309392265194
      },
      "best_test_accuracy": {
        "mean": 0.7421731123388582,
        "std": 0.020606409916315828,
        "max": 0.7642725598526704
      },
      "final_val_accuracy": {
        "mean": 0.7362292051756008,
        "std": 0.013458034491140393,
        "max": 0.7541589648798521
      },
      "best_val_accuracy": {
        "mean": 0.7399260628465804,
        "std": 0.013045508309496412,
        "max": 0.7578558225508318
      },
      "experiment_count": 10
    },
    {
      "parameters": {
        "DROPOUT": 0.5,
        "HIDDEN_CHANNELS": 64,
        "MAX_HOPS": 4,
        "NUM_LAYERS": 1,
        "TEMPERATURE": 0.5
      },
      "final_test_accuracy": {
        "mean": 0.7368324125230202,
        "std": 0.008925687525637277,
        "max": 0.7550644567219152
      },
      "best_test_accuracy": {
        "mean": 0.7349907918968693,
        "std": 0.009038962203910126,
        "max": 0.7513812154696132
      },
      "final_val_accuracy": {
        "mean": 0.7425138632162661,
        "std": 0.017082722884380053,
        "max": 0.7763401109057301
      },
      "best_val_accuracy": {
        "mean": 0.7458410351201479,
        "std": 0.01828450257166732,
        "max": 0.7800369685767098
      },
      "experiment_count": 10
    },
    {
      "parameters": {
        "DROPOUT": 0.5,
        "HIDDEN_CHANNELS": 64,
        "MAX_HOPS": 3,
        "NUM_LAYERS": 1,
        "TEMPERATURE": 0.5
      },
      "final_test_accuracy": {
        "mean": 0.7329650092081031,
        "std": 0.015164043351925527,
        "max": 0.7661141804788214
      },
      "best_test_accuracy": {
        "mean": 0.7311233885819522,
        "std": 0.014049525688958118,
        "max": 0.7569060773480663
      },
      "final_val_accuracy": {
        "mean": 0.744547134935305,
        "std": 0.016570007268772616,
        "max": 0.7707948243992606
      },
      "best_val_accuracy": {
        "mean": 0.7484288354898336,
        "std": 0.016060070506651238,
        "max": 0.7763401109057301
      },
      "experiment_count": 10
    },
    {
      "parameters": {
        "DROPOUT": 0.5,
        "HIDDEN_CHANNELS": 64,
        "MAX_HOPS": 2,
        "NUM_LAYERS": 2,
        "TEMPERATURE": 0.5
      },
      "final_test_accuracy": {
        "mean": 0.4721915285451197,
        "std": 0.22787806128206095,
        "max": 0.8379373848987108
      },
      "best_test_accuracy": {
        "mean": 0.5011049723756906,
        "std": 0.24930598702928425,
        "max": 0.8324125230202578
      },
      "final_val_accuracy": {
        "mean": 0.47929759704251385,
        "std": 0.22568710527315053,
        "max": 0.8170055452865065
      },
      "best_val_accuracy": {
        "mean": 0.5142329020332717,
        "std": 0.2502526902097004,
        "max": 0.8262476894639557
      },
      "experiment_count": 10
    },
    {
      "parameters": {
        "DROPOUT": 0.5,
        "HIDDEN_CHANNELS": 64,
        "MAX_HOPS": 4,
        "NUM_LAYERS": 2,
        "TEMPERATURE": 0.5
      },
      "final_test_accuracy": {
        "mean": 0.44511970534069983,
        "std": 0.219673847193008,
        "max": 0.8011049723756906
      },
      "best_test_accuracy": {
        "mean": 0.44346224677716395,
        "std": 0.2185388430207661,
        "max": 0.7900552486187845
      },
      "final_val_accuracy": {
        "mean": 0.4377079482439926,
        "std": 0.21897883234584423,
        "max": 0.789279112754159
      },
      "best_val_accuracy": {
        "mean": 0.44288354898336413,
        "std": 0.22655464661489957,
        "max": 0.8077634011090573
      },
      "experiment_count": 10
    },
    {
      "parameters": {
        "DROPOUT": 0.5,
        "HIDDEN_CHANNELS": 64,
        "MAX_HOPS": 3,
        "NUM_LAYERS": 3,
        "TEMPERATURE": 0.5
      },
      "final_test_accuracy": {
        "mean": 0.39042357274401474,
        "std": 0.14614161883906543,
        "max": 0.7955801104972375
      },
      "best_test_accuracy": {
        "mean": 0.4482504604051565,
        "std": 0.18949229228682657,
        "max": 0.7974217311233885
      },
      "final_val_accuracy": {
        "mean": 0.3837338262476895,
        "std": 0.15923804067693076,
        "max": 0.8317929759704251
      },
      "best_val_accuracy": {
        "mean": 0.4482439926062846,
        "std": 0.20344014673517838,
        "max": 0.8428835489833642
      },
      "experiment_count": 10
    },
    {
      "parameters": {
        "DROPOUT": 0.5,
        "HIDDEN_CHANNELS": 64,
        "MAX_HOPS": 3,
        "NUM_LAYERS": 2,
        "TEMPERATURE": 0.5
      },
      "final_test_accuracy": {
        "mean": 0.36666666666666664,
        "std": 0.16175982512684373,
        "max": 0.7016574585635359
      },
      "best_test_accuracy": {
        "mean": 0.3850828729281768,
        "std": 0.20066981501853112,
        "max": 0.7955801104972375
      },
      "final_val_accuracy": {
        "mean": 0.3757855822550832,
        "std": 0.1461452751308534,
        "max": 0.6820702402957486
      },
      "best_val_accuracy": {
        "mean": 0.39889094269870606,
        "std": 0.1903555056953229,
        "max": 0.7874306839186691
      },
      "experiment_count": 10
    },
    {
      "parameters": {
        "DROPOUT": 0.5,
        "HIDDEN_CHANNELS": 64,
        "MAX_HOPS": 4,
        "NUM_LAYERS": 3,
        "TEMPERATURE": 0.5
      },
      "final_test_accuracy": {
        "mean": 0.36169429097605893,
        "std": 0.0987225467924108,
        "max": 0.5985267034990792
      },
      "best_test_accuracy": {
        "mean": 0.46279926335174953,
        "std": 0.20476477799578366,
        "max": 0.85451197053407
      },
      "final_val_accuracy": {
        "mean": 0.37042513863216264,
        "std": 0.10602378979992974,
        "max": 0.6451016635859519
      },
      "best_val_accuracy": {
        "mean": 0.4704251386321626,
        "std": 0.18459363972207848,
        "max": 0.8040665434380776
      },