{
  "experiment_info": {
    "timestamp": "2025-07-07 01:55:07",
    "dataset": "Texas",
    "model": "GraphSAGE"
  },
  "total_combinations": 6,
  "total_experiments": 60,
  "best_combination_by_val": {
    "parameters": {
      "DROPOUT": 0.5,
      "HIDDEN_CHANNELS": 64,
      "MAX_HOPS": 4,
      "NUM_LAYERS": 1,
      "TEMPERATURE": 0.5
    },
    "final_test_accuracy": {
      "mean": 0.6684210526315789,
      "std": 0.026836944808383077,
      "max": 0.7105263157894737
    },
    "best_test_accuracy": {
      "mean": 0.6552631578947368,
      "std": 0.059371127224623566,
      "max": 0.7631578947368421
    },
    "final_val_accuracy": {
      "mean": 0.6777777777777778,
      "std": 0.06938886664887109,
      "max": 0.8055555555555556
    },
    "best_val_accuracy": {
      "mean": 0.7472222222222222,
      "std": 0.07602184546335562,
      "max": 0.8888888888888888
    },
    "experiment_count": 10
  },
  "best_combination_by_test": {
    "parameters": {
      "DROPOUT": 0.5,
      "HIDDEN_CHANNELS": 64,
      "MAX_HOPS": 3,
      "NUM_LAYERS": 1,
      "TEMPERATURE": 0.5
    },
    "final_test_accuracy": {
      "mean": 0.7157894736842105,
      "std": 0.0855161937330101,
      "max": 0.9210526315789473
    },
    "best_test_accuracy": {
      "mean": 0.6815789473684211,
      "std": 0.08842261903374445,
      "max": 0.7894736842105263
    },
    "final_val_accuracy": {
      "mean": 0.6722222222222223,
      "std": 0.06549903401417552,
      "max": 0.75
    },
    "best_val_accuracy": {
      "mean": 0.7277777777777777,
      "std": 0.05386310952684813,
      "max": 0.8055555555555556
    },
    "experiment_count": 10
  },
  "top_10_combinations": [
    {
      "parameters": {
        "DROPOUT": 0.5,
        "HIDDEN_CHANNELS": 64,
        "MAX_HOPS": 3,
        "NUM_LAYERS": 1,
        "TEMPERATURE": 0.5
      },
      "final_test_accuracy": {
        "mean": 0.7157894736842105,
        "std": 0.0855161937330101,
        "max": 0.9210526315789473
      },
      "best_test_accuracy": {
        "mean": 0.6815789473684211,
        "std": 0.08842261903374445,
        "max": 0.7894736842105263
      },
      "final_val_accuracy": {
        "mean": 0.6722222222222223,
        "std": 0.06549903401417552,
        "max": 0.75
      },
      "best_val_accuracy": {
        "mean": 0.7277777777777777,
        "std": 0.05386310952684813,
        "max": 0.8055555555555556
      },
      "experiment_count": 10
    },
    {
      "parameters": {
        "DROPOUT": 0.5,
        "HIDDEN_CHANNELS": 64,
        "MAX_HOPS": 3,
        "NUM_LAYERS": 2,
        "TEMPERATURE": 0.5
      },
      "final_test_accuracy": {
        "mean": 0.6842105263157895,
        "std": 0.10526315789473685,
        "max": 0.8157894736842105
      },
      "best_test_accuracy": {
        "mean": 0.6763157894736842,
        "std": 0.11712743728562046,
        "max": 0.8157894736842105
      },
      "final_val_accuracy": {
        "mean": 0.6277777777777777,
        "std": 0.05983516452371669,
        "max": 0.6944444444444444
      },
      "best_val_accuracy": {
        "mean": 0.6888888888888889,
        "std": 0.06186404847588913,
        "max": 0.7777777777777778
      },
      "experiment_count": 10
    },
    {
      "parameters": {
        "DROPOUT": 0.5,
        "HIDDEN_CHANNELS": 64,
        "MAX_HOPS": 2,
        "NUM_LAYERS": 2,
        "TEMPERATURE": 0.5
      },
      "final_test_accuracy": {
        "mean": 0.6842105263157894,
        "std": 0.07535695296461238,
        "max": 0.8157894736842105
      },
      "best_test_accuracy": {
        "mean": 0.6342105263157894,
        "std": 0.0638666373658505,
        "max": 0.7894736842105263
      },
      "final_val_accuracy": {
        "mean": 0.6305555555555555,
        "std": 0.09546022376355325,
        "max": 0.7777777777777778
      },
      "best_val_accuracy": {
        "mean": 0.6972222222222222,
        "std": 0.08093779046851923,
        "max": 0.8055555555555556
      },
      "experiment_count": 10
    },
    {
      "parameters": {
        "DROPOUT": 0.5,
        "HIDDEN_CHANNELS": 64,
        "MAX_HOPS": 4,
        "NUM_LAYERS": 1,
        "TEMPERATURE": 0.5
      },
      "final_test_accuracy": {
        "mean": 0.6684210526315789,
        "std": 0.026836944808383077,
        "max": 0.7105263157894737
      },
      "best_test_accuracy": {
        "mean": 0.6552631578947368,
        "std": 0.059371127224623566,
        "max": 0.7631578947368421
      },
      "final_val_accuracy": {
        "mean": 0.6777777777777778,
        "std": 0.06938886664887109,
        "max": 0.8055555555555556
      },
      "best_val_accuracy": {
        "mean": 0.7472222222222222,
        "std": 0.07602184546335562,
        "max": 0.8888888888888888
      },
      "experiment_count": 10
    },
    {
      "parameters": {
        "DROPOUT": 0.5,
        "HIDDEN_CHANNELS": 64,
        "MAX_HOPS": 2,
        "NUM_LAYERS": 1,
        "TEMPERATURE": 0.5
      },
      "final_test_accuracy": {
        "mean": 0.6447368421052632,
        "std": 0.05551321870981313,
        "max": 0.7105263157894737
      },
      "best_test_accuracy": {
        "mean": 0.6552631578947369,
        "std": 0.04152561536331448,
        "max": 0.7105263157894737
      },
      "final_val_accuracy": {
        "mean": 0.7027777777777777,
        "std": 0.062175081348887204,
        "max": 0.7777777777777778
      },
      "best_val_accuracy": {
        "mean": 0.7444444444444445,
        "std": 0.06309898162000308,
        "max": 0.8611111111111112
      },
      "experiment_count": 10
    },
    {
      "parameters": {
        "DROPOUT": 0.5,
        "HIDDEN_CHANNELS": 64,
        "MAX_HOPS": 4,
        "NUM_LAYERS": 2,
        "TEMPERATURE": 0.5
      },
      "final_test_accuracy": {
        "mean": 0.6289473684210527,
        "std": 0.07105263157894737,
        "max": 0.7368421052631579
      },
      "best_test_accuracy": {
        "mean": 0.613157894736842,
        "std": 0.0888912934423923,
        "max": 0.7105263157894737
      },
      "final_val_accuracy": {
        "mean": 0.6583333333333333,
        "std": 0.06922186552431728,
        "max": 0.75
      },
      "best_val_accuracy": {
        "mean": 0.736111111111111,
        "std": 0.054503935750968305,
        "max": 0.8333333333333334
      },
      "experiment_count": 10
    }
  ],
  "all_combinations": [
    {
      "parameters": {
        "DROPOUT": 0.5,
        "HIDDEN_CHANNELS": 64,
        "MAX_HOPS": 3,
        "NUM_LAYERS": 1,
        "TEMPERATURE": 0.5
      },
      "final_test_accuracy": {
        "mean": 0.7157894736842105,
        "std": 0.0855161937330101,
        "max": 0.9210526315789473
      },
      "best_test_accuracy": {
        "mean": 0.6815789473684211,
        "std": 0.08842261903374445,
        "max": 0.7894736842105263
      },
      "final_val_accuracy": {
        "mean": 0.6722222222222223,
        "std": 0.06549903401417552,
        "max": 0.75
      },
      "best_val_accuracy": {
        "mean": 0.7277777777777777,
        "std": 0.05386310952684813,
        "max": 0.8055555555555556
      },
      "experiment_count": 10
    },
    {
      "parameters": {
        "DROPOUT": 0.5,
        "HIDDEN_CHANNELS": 64,
        "MAX_HOPS": 3,
        "NUM_LAYERS": 2,
        "TEMPERATURE": 0.5
      },
      "final_test_accuracy": {
        "mean": 0.6842105263157895,
        "std": 0.10526315789473685,
        "max": 0.8157894736842105
      },
      "best_test_accuracy": {
        "mean": 0.6763157894736842,
        "std": 0.11712743728562046,
        "max": 0.8157894736842105
      },
      "final_val_accuracy": {
        "mean": 0.6277777777777777,
        "std": 0.05983516452371669,
        "max": 0.6944444444444444
      },
      "best_val_accuracy": {
        "mean": 0.6888888888888889,
        "std": 0.06186404847588913,
        "max": 0.7777777777777778
      },
      "experiment_count": 10
    },
    {
      "parameters": {
        "DROPOUT": 0.5,