{
  "experiment_info": {
    "timestamp": "2025-07-05 12:12:53",
    "dataset": "Texas",
    "model": "MLP"
  },
  "total_experiments": 60,
  "final_results": {
    "train": {
      "mean": 1.0,
      "std": 0.0
    },
    "val": {
      "mean": 0.5685185185185184,
      "std": 0.07017516785739414
    },
    "test": {
      "mean": 0.5526315789473685,
      "std": 0.0711013478216121
    }
  },
  "best_results": {
    "val": {
      "mean": 0.637962962962963,
      "std": 0.07117594459621338
    },
    "test": {
      "mean": 0.5605263157894738,
      "std": 0.06934264622446203
    }
  },
  "early_stopping": {
    "early_stopped_experiments": 60,
    "early_stopping_rate": 1.0,
    "average_stopping_epoch": 63.11666666666667,
    "stopping_epoch_std": 7.465680738478501,
    "stopping_epoch_range": [
      50,
      89
    ]
  },
  "feature_modification": {
    "modifications_applied": 1,
    "modification_types": [
      "missingness"
    ]
  }
}