{
  "experiment_info": {
    "timestamp": "2025-07-05 12:12:53",
    "dataset": "Texas",
    "model": "MLP"
  },
  "total_combinations": 6,
  "total_experiments": 60,
  "best_combination_by_val": {
    "parameters": {
      "DROPOUT": 0.5,
      "HIDDEN_CHANNELS": 64,
      "MAX_HOPS": 4,
      "NUM_LAYERS": 1,
      "TEMPERATURE": 0.5
    },
    "final_test_accuracy": {
      "mean": 0.5184210526315789,
      "std": 0.06557860944409008,
      "max": 0.6052631578947368
    },
    "best_test_accuracy": {
      "mean": 0.5631578947368421,
      "std": 0.06982367979695579,
      "max": 0.6578947368421053
    },
    "final_val_accuracy": {
      "mean": 0.5916666666666668,
      "std": 0.09132934568207554,
      "max": 0.75
    },
    "best_val_accuracy": {
      "mean": 0.663888888888889,
      "std": 0.0799787780493776,
      "max": 0.8055555555555556
    },
    "experiment_count": 10
  },
  "best_combination_by_test": {
    "parameters": {
      "DROPOUT": 0.5,
      "HIDDEN_CHANNELS": 64,
      "MAX_HOPS": 3,
      "NUM_LAYERS": 2,
      "TEMPERATURE": 0.5
    },
    "final_test_accuracy": {
      "mean": 0.5763157894736841,
      "std": 0.07667790675964982,
      "max": 0.7368421052631579
    },
    "best_test_accuracy": {
      "mean": 0.5789473684210527,
      "std": 0.07443229275647867,
      "max": 0.7368421052631579
    },
    "final_val_accuracy": {
      "mean": 0.5944444444444443,
      "std": 0.0816496580927726,
      "max": 0.7777777777777778
    },
    "best_val_accuracy": {
      "mean": 0.6611111111111111,
      "std": 0.05091750772173154,
      "max": 0.7777777777777778
    },
    "experiment_count": 10
  },
  "top_10_combinations": [
    {
      "parameters": {
        "DROPOUT": 0.5,
        "HIDDEN_CHANNELS": 64,
        "MAX_HOPS": 3,
        "NUM_LAYERS": 2,
        "TEMPERATURE": 0.5
      },
      "final_test_accuracy": {
        "mean": 0.5763157894736841,
        "std": 0.07667790675964982,
        "max": 0.7368421052631579
      },
      "best_test_accuracy": {
        "mean": 0.5789473684210527,
        "std": 0.07443229275647867,
        "max": 0.7368421052631579
      },
      "final_val_accuracy": {
        "mean": 0.5944444444444443,
        "std": 0.0816496580927726,
        "max": 0.7777777777777778
      },
      "best_val_accuracy": {
        "mean": 0.6611111111111111,
        "std": 0.05091750772173154,
        "max": 0.7777777777777778
      },
      "experiment_count": 10
    },
    {
      "parameters": {
        "DROPOUT": 0.5,
        "HIDDEN_CHANNELS": 64,
        "MAX_HOPS": 2,
        "NUM_LAYERS": 2,
        "TEMPERATURE": 0.5
      },
      "final_test_accuracy": {
        "mean": 0.5657894736842105,
        "std": 0.0746645313637427,
        "max": 0.6578947368421053
      },
      "best_test_accuracy": {
        "mean": 0.5842105263157895,
        "std": 0.05619514869490164,
        "max": 0.6842105263157895
      },
      "final_val_accuracy": {
        "mean": 0.5277777777777778,
        "std": 0.03726779962499651,
        "max": 0.6111111111111112
      },
      "best_val_accuracy": {
        "mean": 0.6027777777777777,
        "std": 0.05833333333333331,
        "max": 0.6666666666666666
      },
      "experiment_count": 10
    },
    {
      "parameters": {
        "DROPOUT": 0.5,
        "HIDDEN_CHANNELS": 64,
        "MAX_HOPS": 3,
        "NUM_LAYERS": 1,
        "TEMPERATURE": 0.5
      },
      "final_test_accuracy": {
        "mean": 0.5552631578947368,
        "std": 0.055762158158992346,
        "max": 0.631578947368421
      },
      "best_test_accuracy": {
        "mean": 0.5684210526315789,
        "std": 0.07824246709115004,
        "max": 0.6842105263157895
      },
      "final_val_accuracy": {
        "mean": 0.5472222222222222,
        "std": 0.07141644517879134,
        "max": 0.6388888888888888
      },
      "best_val_accuracy": {
        "mean": 0.611111111111111,
        "std": 0.08425417160057277,
        "max": 0.75
      },
      "experiment_count": 10
    },
    {
      "parameters": {
        "DROPOUT": 0.5,
        "HIDDEN_CHANNELS": 64,
        "MAX_HOPS": 2,
        "NUM_LAYERS": 1,
        "TEMPERATURE": 0.5
      },
      "final_test_accuracy": {
        "mean": 0.55,
        "std": 0.0569905469150203,
        "max": 0.631578947368421
      },
      "best_test_accuracy": {
        "mean": 0.5157894736842106,
        "std": 0.050207326390365556,
        "max": 0.631578947368421
      },
      "final_val_accuracy": {
        "mean": 0.5805555555555555,
        "std": 0.04203540541783766,
        "max": 0.6388888888888888
      },
      "best_val_accuracy": {
        "mean": 0.6583333333333334,
        "std": 0.0609214227762814,
        "max": 0.7222222222222222
      },
      "experiment_count": 10
    },
    {
      "parameters": {
        "DROPOUT": 0.5,
        "HIDDEN_CHANNELS": 64,
        "MAX_HOPS": 4,
        "NUM_LAYERS": 2,
        "TEMPERATURE": 0.5
      },
      "final_test_accuracy": {
        "mean": 0.5499999999999999,
        "std": 0.07934112332463861,
        "max": 0.7105263157894737
      },
      "best_test_accuracy": {
        "mean": 0.5526315789473684,
        "std": 0.06000923289995463,
        "max": 0.631578947368421
      },
      "final_val_accuracy": {
        "mean": 0.5694444444444444,
        "std": 0.05306936992928555,
        "max": 0.6388888888888888
      },
      "best_val_accuracy": {
        "mean": 0.6305555555555556,
        "std": 0.059641418204399665,
        "max": 0.7222222222222222
      },
      "experiment_count": 10
    },
    {
      "parameters": {
        "DROPOUT": 0.5,
        "HIDDEN_CHANNELS": 64,
        "MAX_HOPS": 4,
        "NUM_LAYERS": 1,
        "TEMPERATURE": 0.5
      },
      "final_test_accuracy": {
        "mean": 0.5184210526315789,
        "std": 0.06557860944409008,
        "max": 0.6052631578947368
      },
      "best_test_accuracy": {
        "mean": 0.5631578947368421,
        "std": 0.06982367979695579,
        "max": 0.6578947368421053
      },
      "final_val_accuracy": {
        "mean": 0.5916666666666668,
        "std": 0.09132934568207554,
        "max": 0.75
      },
      "best_val_accuracy": {
        "mean": 0.663888888888889,
        "std": 0.0799787780493776,
        "max": 0.8055555555555556
      },
      "experiment_count": 10
    }
  ],
  "all_combinations": [
    {
      "parameters": {
        "DROPOUT": 0.5,
        "HIDDEN_CHANNELS": 64,
        "MAX_HOPS": 3,
        "NUM_LAYERS": 2,
        "TEMPERATURE": 0.5
      },
      "final_test_accuracy": {
        "mean": 0.5763157894736841,
        "std": 0.07667790675964982,
        "max": 0.7368421052631579
      },
      "best_test_accuracy": {
        "mean": 0.5789473684210527,
        "std": 0.07443229275647867,
        "max": 0.7368421052631579
      },
      "final_val_accuracy": {
        "mean": 0.5944444444444443,
        "std": 0.0816496580927726,
        "max": 0.7777777777777778
      },
      "best_val_accuracy": {
        "mean": 0.6611111111111111,
        "std": 0.05091750772173154,
        "max": 0.7777777777777778
      },
      "experiment_count": 10
    },
    {
      "parameters": {
        "DROPOUT": 0.5,
        "HIDDEN_CHANNELS": 64,
        "MAX_HOPS": 2,
        "NUM_LAYERS": 2,
        "TEMPERATURE": 0.5
      },
      "final_test_accuracy": {
        "mean": 0.5657894736842105,
        "std": 0.0746645313637427,
        "max": 0.6578947368421053
      },
      "best_test_accuracy": {
        "mean": 0.5842105263157895,
        "std": 0.05619514869490164,
        "max": 0.6842105263157895
      },
      "final_val_accuracy": {
        "mean": 0.5277777777777778,
        "std": 0.03726779962499651,
        "max": 0.6111111111111112
      },
      "best_val_accuracy": {
        "mean": 0.6027777777777777,
        "std": 0.05833333333333331,
        "max": 0.6666666666666666
      },
      "experiment_count": 10
    },
    {
      "parameters": {
        "DROPOUT": 0.5,
        "HIDDEN_CHANNELS": 64,