{
  "experiment_info": {
    "timestamp": "2025-07-05 11:54:30",
    "dataset": "Cora",
    "model": "GAT"
  },
  "total_experiments": 60,
  "final_results": {
    "train": {
      "mean": 0.9681342364532022,
      "std": 0.006167505431349943
    },
    "val": {
      "mean": 0.8506777572396795,
      "std": 0.01962613558089288
    },
    "test": {
      "mean": 0.850890116635973,
      "std": 0.017902493366583658
    }
  },
  "best_results": {
    "val": {
      "mean": 0.8638016019716573,
      "std": 0.02263222704029737
    },
    "test": {
      "mean": 0.8515039901780234,
      "std": 0.020499056679323523
    }
  },
  "early_stopping": {
    "early_stopped_experiments": 60,
    "early_stopping_rate": 1.0,
    "average_stopping_epoch": 158.36666666666667,
    "stopping_epoch_std": 95.67600999670131,
    "stopping_epoch_range": [
      55,
      359
    ]
  },
  "feature_modification": {
    "modifications_applied": 1,
    "modification_types": [
      "missingness"
    ]
  }
}