{
  "experiment_info": {
    "timestamp": "2025-07-07 03:30:12",
    "dataset": "Cora",
    "model": "GAT"
  },
  "total_combinations": 6,
  "total_experiments": 60,
  "best_combination_by_val": {
    "parameters": {
      "DROPOUT": 0.5,
      "HIDDEN_CHANNELS": 64,
      "MAX_HOPS": 4,
      "NUM_LAYERS": 2,
      "TEMPERATURE": 0.5
    },
    "final_test_accuracy": {
      "mean": 0.8042357274401473,
      "std": 0.02826812675594097,
      "max": 0.860036832412523
    },
    "best_test_accuracy": {
      "mean": 0.816206261510129,
      "std": 0.023796133046354462,
      "max": 0.856353591160221
    },
    "final_val_accuracy": {
      "mean": 0.8029574861367837,
      "std": 0.028697713412311063,
      "max": 0.833641404805915
    },
    "best_val_accuracy": {
      "mean": 0.8364140480591497,
      "std": 0.020769135909652733,
      "max": 0.8706099815157117
    },
    "experiment_count": 10
  },
  "best_combination_by_test": {
    "parameters": {
      "DROPOUT": 0.5,
      "HIDDEN_CHANNELS": 64,
      "MAX_HOPS": 4,
      "NUM_LAYERS": 2,
      "TEMPERATURE": 0.5
    },
    "final_test_accuracy": {
      "mean": 0.8042357274401473,
      "std": 0.02826812675594097,
      "max": 0.860036832412523
    },
    "best_test_accuracy": {
      "mean": 0.816206261510129,
      "std": 0.023796133046354462,
      "max": 0.856353591160221
    },
    "final_val_accuracy": {
      "mean": 0.8029574861367837,
      "std": 0.028697713412311063,
      "max": 0.833641404805915
    },
    "best_val_accuracy": {
      "mean": 0.8364140480591497,
      "std": 0.020769135909652733,
      "max": 0.8706099815157117
    },
    "experiment_count": 10
  },
  "top_10_combinations": [
    {
      "parameters": {
        "DROPOUT": 0.5,
        "HIDDEN_CHANNELS": 64,
        "MAX_HOPS": 4,
        "NUM_LAYERS": 2,
        "TEMPERATURE": 0.5
      },
      "final_test_accuracy": {
        "mean": 0.8042357274401473,
        "std": 0.02826812675594097,
        "max": 0.860036832412523
      },
      "best_test_accuracy": {
        "mean": 0.816206261510129,
        "std": 0.023796133046354462,
        "max": 0.856353591160221
      },
      "final_val_accuracy": {
        "mean": 0.8029574861367837,
        "std": 0.028697713412311063,
        "max": 0.833641404805915
      },
      "best_val_accuracy": {
        "mean": 0.8364140480591497,
        "std": 0.020769135909652733,
        "max": 0.8706099815157117
      },
      "experiment_count": 10
    },
    {
      "parameters": {
        "DROPOUT": 0.5,
        "HIDDEN_CHANNELS": 64,
        "MAX_HOPS": 3,
        "NUM_LAYERS": 2,
        "TEMPERATURE": 0.5
      },
      "final_test_accuracy": {
        "mean": 0.7734806629834254,
        "std": 0.06666056156736969,
        "max": 0.85451197053407
      },
      "best_test_accuracy": {
        "mean": 0.8009208103130756,
        "std": 0.05037059664055079,
        "max": 0.860036832412523
      },
      "final_val_accuracy": {
        "mean": 0.7805914972273567,
        "std": 0.07178498978064977,
        "max": 0.8613678373382625
      },
      "best_val_accuracy": {
        "mean": 0.8160813308687616,
        "std": 0.05543591854425562,
        "max": 0.8798521256931608
      },
      "experiment_count": 10
    },
    {
      "parameters": {
        "DROPOUT": 0.5,
        "HIDDEN_CHANNELS": 64,
        "MAX_HOPS": 3,
        "NUM_LAYERS": 1,
        "TEMPERATURE": 0.5
      },
      "final_test_accuracy": {
        "mean": 0.7653775322283611,
        "std": 0.017610361823767122,
        "max": 0.8084714548802947
      },
      "best_test_accuracy": {
        "mean": 0.7627992633517495,
        "std": 0.01709436668268478,
        "max": 0.7918968692449355
      },
      "final_val_accuracy": {
        "mean": 0.744362292051756,
        "std": 0.018650820983709935,
        "max": 0.7874306839186691
      },
      "best_val_accuracy": {
        "mean": 0.7565619223659888,
        "std": 0.02084795021164192,
        "max": 0.8114602587800369
      },
      "experiment_count": 10
    },
    {
      "parameters": {
        "DROPOUT": 0.5,
        "HIDDEN_CHANNELS": 64,
        "MAX_HOPS": 2,
        "NUM_LAYERS": 1,
        "TEMPERATURE": 0.5
      },
      "final_test_accuracy": {
        "mean": 0.7651933701657458,
        "std": 0.01917851376542517,
        "max": 0.8029465930018416
      },
      "best_test_accuracy": {
        "mean": 0.7618784530386741,
        "std": 0.020574290235443833,
        "max": 0.7974217311233885
      },
      "final_val_accuracy": {
        "mean": 0.7648798521256932,
        "std": 0.015394205407509779,
        "max": 0.7855822550831792
      },
      "best_val_accuracy": {
        "mean": 0.7752310536044362,
        "std": 0.012917859674422291,
        "max": 0.7929759704251387
      },
      "experiment_count": 10
    },
    {
      "parameters": {
        "DROPOUT": 0.5,
        "HIDDEN_CHANNELS": 64,
        "MAX_HOPS": 4,
        "NUM_LAYERS": 1,
        "TEMPERATURE": 0.5
      },
      "final_test_accuracy": {
        "mean": 0.7589318600368324,
        "std": 0.017901651361886192,
        "max": 0.7918968692449355
      },
      "best_test_accuracy": {
        "mean": 0.7565377532228361,
        "std": 0.020487563882391712,
        "max": 0.7900552486187845
      },
      "final_val_accuracy": {
        "mean": 0.7670979667282809,
        "std": 0.02091258502584982,
        "max": 0.8133086876155268
      },
      "best_val_accuracy": {
        "mean": 0.7794824399260628,
        "std": 0.022442240286042775,
        "max": 0.8243992606284658
      },
      "experiment_count": 10
    },
    {
      "parameters": {
        "DROPOUT": 0.5,
        "HIDDEN_CHANNELS": 64,
        "MAX_HOPS": 2,
        "NUM_LAYERS": 2,
        "TEMPERATURE": 0.5
      },
      "final_test_accuracy": {
        "mean": 0.7543278084714549,
        "std": 0.11021203217246434,
        "max": 0.848987108655617
      },
      "best_test_accuracy": {
        "mean": 0.80939226519337,
        "std": 0.04601288305211413,
        "max": 0.860036832412523
      },
      "final_val_accuracy": {
        "mean": 0.7489833641404806,
        "std": 0.10671311213848708,
        "max": 0.8391866913123844
      },
      "best_val_accuracy": {
        "mean": 0.8140480591497228,
        "std": 0.050480723479340774,
        "max": 0.8595194085027726
      },
      "experiment_count": 10
    }
  ],
  "all_combinations": [
    {
      "parameters": {
        "DROPOUT": 0.5,
        "HIDDEN_CHANNELS": 64,
        "MAX_HOPS": 4,
        "NUM_LAYERS": 2,
        "TEMPERATURE": 0.5
      },
      "final_test_accuracy": {
        "mean": 0.8042357274401473,
        "std": 0.02826812675594097,
        "max": 0.860036832412523
      },
      "best_test_accuracy": {
        "mean": 0.816206261510129,
        "std": 0.023796133046354462,
        "max": 0.856353591160221
      },
      "final_val_accuracy": {
        "mean": 0.8029574861367837,
        "std": 0.028697713412311063,
        "max": 0.833641404805915
      },
      "best_val_accuracy": {
        "mean": 0.8364140480591497,
        "std": 0.020769135909652733,
        "max": 0.8706099815157117
      },
      "experiment_count": 10
    },
    {
      "parameters": {
        "DROPOUT": 0.5,
        "HIDDEN_CHANNELS": 64,
        "MAX_HOPS": 3,
        "NUM_LAYERS": 2,
        "TEMPERATURE": 0.5
      },
      "final_test_accuracy": {
        "mean": 0.7734806629834254,
        "std": 0.06666056156736969,
        "max": 0.85451197053407
      },
      "best_test_accuracy": {
        "mean": 0.8009208103130756,
        "std": 0.05037059664055079,
        "max": 0.860036832412523
      },
      "final_val_accuracy": {
        "mean": 0.7805914972273567,
        "std": 0.07178498978064977,
        "max": 0.8613678373382625
      },
      "best_val_accuracy": {
        "mean": 0.8160813308687616,
        "std": 0.05543591854425562,
        "max": 0.8798521256931608
      },