{
  "experiment_info": {
    "timestamp": "2025-07-07 02:46:44",
    "dataset": "Cora",
    "model": "GraphSAGE"
  },
  "total_combinations": 6,
  "total_experiments": 60,
  "best_combination_by_val": {
    "parameters": {
      "DROPOUT": 0.5,
      "HIDDEN_CHANNELS": 64,
      "MAX_HOPS": 4,
      "NUM_LAYERS": 1,
      "TEMPERATURE": 0.5
    },
    "final_test_accuracy": {
      "mean": 0.8405156537753223,
      "std": 0.016393527133899,
      "max": 0.8674033149171271
    },
    "best_test_accuracy": {
      "mean": 0.8414364640883978,
      "std": 0.016043253535743787,
      "max": 0.8655616942909761
    },
    "final_val_accuracy": {
      "mean": 0.845841035120148,
      "std": 0.00835686103915514,
      "max": 0.8595194085027726
    },
    "best_val_accuracy": {
      "mean": 0.85637707948244,
      "std": 0.007887833010481283,
      "max": 0.8706099815157117
    },
    "experiment_count": 10
  },
  "best_combination_by_test": {
    "parameters": {
      "DROPOUT": 0.5,
      "HIDDEN_CHANNELS": 64,
      "MAX_HOPS": 3,
      "NUM_LAYERS": 1,
      "TEMPERATURE": 0.5
    },
    "final_test_accuracy": {
      "mean": 0.8488029465930019,
      "std": 0.01295564076387593,
      "max": 0.8766114180478821
    },
    "best_test_accuracy": {
      "mean": 0.8497237569060774,
      "std": 0.01550027654696193,
      "max": 0.8839779005524862
    },
    "final_val_accuracy": {
      "mean": 0.834750462107209,
      "std": 0.010331377902020045,
      "max": 0.8521256931608133
    },
    "best_val_accuracy": {
      "mean": 0.8482439926062847,
      "std": 0.010600703111970184,
      "max": 0.8632162661737524
    },
    "experiment_count": 10
  },
  "top_10_combinations": [
    {
      "parameters": {
        "DROPOUT": 0.5,
        "HIDDEN_CHANNELS": 64,
        "MAX_HOPS": 3,
        "NUM_LAYERS": 1,
        "TEMPERATURE": 0.5
      },
      "final_test_accuracy": {
        "mean": 0.8488029465930019,
        "std": 0.01295564076387593,
        "max": 0.8766114180478821
      },
      "best_test_accuracy": {
        "mean": 0.8497237569060774,
        "std": 0.01550027654696193,
        "max": 0.8839779005524862
      },
      "final_val_accuracy": {
        "mean": 0.834750462107209,
        "std": 0.010331377902020045,
        "max": 0.8521256931608133
      },
      "best_val_accuracy": {
        "mean": 0.8482439926062847,
        "std": 0.010600703111970184,
        "max": 0.8632162661737524
      },
      "experiment_count": 10
    },
    {
      "parameters": {
        "DROPOUT": 0.5,
        "HIDDEN_CHANNELS": 64,
        "MAX_HOPS": 4,
        "NUM_LAYERS": 2,
        "TEMPERATURE": 0.5
      },
      "final_test_accuracy": {
        "mean": 0.8445672191528546,
        "std": 0.010870242772282674,
        "max": 0.860036832412523
      },
      "best_test_accuracy": {
        "mean": 0.847145488029466,
        "std": 0.01190661500938832,
        "max": 0.8637200736648251
      },
      "final_val_accuracy": {
        "mean": 0.8404805914972273,
        "std": 0.016094073605205355,
        "max": 0.8632162661737524
      },
      "best_val_accuracy": {
        "mean": 0.8524953789279112,
        "std": 0.01836932827919386,
        "max": 0.8798521256931608
      },
      "experiment_count": 10
    },
    {
      "parameters": {
        "DROPOUT": 0.5,
        "HIDDEN_CHANNELS": 64,
        "MAX_HOPS": 2,
        "NUM_LAYERS": 1,
        "TEMPERATURE": 0.5
      },
      "final_test_accuracy": {
        "mean": 0.8443830570902394,
        "std": 0.011942167835634255,
        "max": 0.8637200736648251
      },
      "best_test_accuracy": {
        "mean": 0.8419889502762432,
        "std": 0.014843050961038598,
        "max": 0.8655616942909761
      },
      "final_val_accuracy": {
        "mean": 0.8358595194085028,
        "std": 0.012960109532686215,
        "max": 0.8484288354898336
      },
      "best_val_accuracy": {
        "mean": 0.8469500924214417,
        "std": 0.010579732363219364,
        "max": 0.8576709796672828
      },
      "experiment_count": 10
    },
    {
      "parameters": {
        "DROPOUT": 0.5,
        "HIDDEN_CHANNELS": 64,
        "MAX_HOPS": 4,
        "NUM_LAYERS": 1,
        "TEMPERATURE": 0.5
      },
      "final_test_accuracy": {
        "mean": 0.8405156537753223,
        "std": 0.016393527133899,
        "max": 0.8674033149171271
      },
      "best_test_accuracy": {
        "mean": 0.8414364640883978,
        "std": 0.016043253535743787,
        "max": 0.8655616942909761
      },
      "final_val_accuracy": {
        "mean": 0.845841035120148,
        "std": 0.00835686103915514,
        "max": 0.8595194085027726
      },
      "best_val_accuracy": {
        "mean": 0.85637707948244,
        "std": 0.007887833010481283,
        "max": 0.8706099815157117
      },
      "experiment_count": 10
    },
    {
      "parameters": {
        "DROPOUT": 0.5,
        "HIDDEN_CHANNELS": 64,
        "MAX_HOPS": 2,
        "NUM_LAYERS": 2,
        "TEMPERATURE": 0.5
      },
      "final_test_accuracy": {
        "mean": 0.8377532228360958,
        "std": 0.016645031387474495,
        "max": 0.8637200736648251
      },
      "best_test_accuracy": {
        "mean": 0.8318600368324125,
        "std": 0.015800418105931226,
        "max": 0.858195211786372
      },
      "final_val_accuracy": {
        "mean": 0.8445471349353051,
        "std": 0.018713002751966554,
        "max": 0.8724584103512015
      },
      "best_val_accuracy": {
        "mean": 0.8547134935304991,
        "std": 0.02075185537994262,
        "max": 0.88909426987061
      },
      "experiment_count": 10
    },
    {
      "parameters": {
        "DROPOUT": 0.5,
        "HIDDEN_CHANNELS": 64,
        "MAX_HOPS": 3,
        "NUM_LAYERS": 2,
        "TEMPERATURE": 0.5
      },
      "final_test_accuracy": {
        "mean": 0.8375690607734807,
        "std": 0.018430933338043177,
        "max": 0.8655616942909761
      },
      "best_test_accuracy": {
        "mean": 0.8384898710865561,
        "std": 0.020982355714876354,
        "max": 0.8692449355432781
      },
      "final_val_accuracy": {
        "mean": 0.8404805914972273,
        "std": 0.0189956979912269,
        "max": 0.8817005545286506
      },
      "best_val_accuracy": {
        "mean": 0.8513863216266173,
        "std": 0.019425219453485618,
        "max": 0.8964879852125693
      },
      "experiment_count": 10
    }
  ],
  "all_combinations": [
    {
      "parameters": {
        "DROPOUT": 0.5,
        "HIDDEN_CHANNELS": 64,
        "MAX_HOPS": 3,
        "NUM_LAYERS": 1,
        "TEMPERATURE": 0.5
      },
      "final_test_accuracy": {
        "mean": 0.8488029465930019,
        "std": 0.01295564076387593,
        "max": 0.8766114180478821
      },
      "best_test_accuracy": {
        "mean": 0.8497237569060774,
        "std": 0.01550027654696193,
        "max": 0.8839779005524862
      },
      "final_val_accuracy": {
        "mean": 0.834750462107209,
        "std": 0.010331377902020045,
        "max": 0.8521256931608133
      },
      "best_val_accuracy": {
        "mean": 0.8482439926062847,
        "std": 0.010600703111970184,
        "max": 0.8632162661737524
      },
      "experiment_count": 10
    },
    {
      "parameters": {
        "DROPOUT": 0.5,
        "HIDDEN_CHANNELS": 64,
        "MAX_HOPS": 4,
        "NUM_LAYERS": 2,
        "TEMPERATURE": 0.5
      },
      "final_test_accuracy": {
        "mean": 0.8445672191528546,
        "std": 0.010870242772282674,
        "max": 0.860036832412523
      },
      "best_test_accuracy": {
        "mean": 0.847145488029466,
        "std": 0.01190661500938832,
        "max": 0.8637200736648251
      },
      "final_val_accuracy": {
        "mean": 0.8404805914972273,
        "std": 0.016094073605205355,
        "max": 0.8632162661737524
      },
      "best_val_accuracy": {
        "mean": 0.8524953789279112,
        "std": 0.01836932827919386,
        "max": 0.8798521256931608
      },