{
  "experiment_info": {
    "timestamp": "2025-07-06 21:44:49",
    "dataset": "Citeseer",
    "model": "MLP"
  },
  "total_experiments": 60,
  "final_results": {
    "train": {
      "mean": 0.7091182364729459,
      "std": 0.2599136269742451
    },
    "val": {
      "mean": 0.2204511278195489,
      "std": 0.019304819373146962
    },
    "test": {
      "mean": 0.2211461461461462,
      "std": 0.01971887812414274
    }
  },
  "best_results": {
    "val": {
      "mean": 0.2481954887218045,
      "std": 0.01943367834058028
    },
    "test": {
      "mean": 0.22317317317317314,
      "std": 0.019981757730825004
    }
  },
  "early_stopping": {
    "early_stopped_experiments": 60,
    "early_stopping_rate": 1.0,
    "average_stopping_epoch": 116.16666666666667,
    "stopping_epoch_std": 49.246037629663384,
    "stopping_epoch_range": [
      50,
      232
    ]
  },
  "feature_modification": {
    "modifications_applied": 1,
    "modification_types": [
      "noise"
    ]
  }
}