{
  "experiment_info": {
    "timestamp": "2025-07-03 14:38:56",
    "dataset": "Cornell",
    "model": "GCN"
  },
  "total_combinations": 9,
  "total_experiments": 90,
  "best_combination_by_val": {
    "parameters": {
      "DROPOUT": 0.5,
      "HIDDEN_CHANNELS": 64,
      "MAX_HOPS": 4,
      "NUM_LAYERS": 2,
      "TEMPERATURE": 0.5
    },
    "final_test_accuracy": {
      "mean": 0.41578947368421043,
      "std": 0.049652532273982114,
      "max": 0.5
    },
    "best_test_accuracy": {
      "mean": 0.4131578947368421,
      "std": 0.07631578947368421,
      "max": 0.5263157894736842
    },
    "final_val_accuracy": {
      "mean": 0.42777777777777776,
      "std": 0.0671280331866365,
      "max": 0.5277777777777778
    },
    "best_val_accuracy": {
      "mean": 0.5111111111111111,
      "std": 0.0671280331866365,
      "max": 0.6666666666666666
    },
    "experiment_count": 10
  },
  "best_combination_by_test": {
    "parameters": {
      "DROPOUT": 0.5,
      "HIDDEN_CHANNELS": 64,
      "MAX_HOPS": 4,
      "NUM_LAYERS": 2,
      "TEMPERATURE": 0.5
    },
    "final_test_accuracy": {
      "mean": 0.41578947368421043,
      "std": 0.049652532273982114,
      "max": 0.5
    },
    "best_test_accuracy": {
      "mean": 0.4131578947368421,
      "std": 0.07631578947368421,
      "max": 0.5263157894736842
    },
    "final_val_accuracy": {
      "mean": 0.42777777777777776,
      "std": 0.0671280331866365,
      "max": 0.5277777777777778
    },
    "best_val_accuracy": {
      "mean": 0.5111111111111111,
      "std": 0.0671280331866365,
      "max": 0.6666666666666666
    },
    "experiment_count": 10
  },
  "top_10_combinations": [
    {
      "parameters": {
        "DROPOUT": 0.5,
        "HIDDEN_CHANNELS": 64,
        "MAX_HOPS": 4,
        "NUM_LAYERS": 2,
        "TEMPERATURE": 0.5
      },
      "final_test_accuracy": {
        "mean": 0.41578947368421043,
        "std": 0.049652532273982114,
        "max": 0.5
      },
      "best_test_accuracy": {
        "mean": 0.4131578947368421,
        "std": 0.07631578947368421,
        "max": 0.5263157894736842
      },
      "final_val_accuracy": {
        "mean": 0.42777777777777776,
        "std": 0.0671280331866365,
        "max": 0.5277777777777778
      },
      "best_val_accuracy": {
        "mean": 0.5111111111111111,
        "std": 0.0671280331866365,
        "max": 0.6666666666666666
      },
      "experiment_count": 10
    },
    {
      "parameters": {
        "DROPOUT": 0.5,
        "HIDDEN_CHANNELS": 64,
        "MAX_HOPS": 3,
        "NUM_LAYERS": 2,
        "TEMPERATURE": 0.5
      },
      "final_test_accuracy": {
        "mean": 0.4078947368421053,
        "std": 0.0698732528807987,
        "max": 0.5263157894736842
      },
      "best_test_accuracy": {
        "mean": 0.4447368421052631,
        "std": 0.09947925353387263,
        "max": 0.631578947368421
      },
      "final_val_accuracy": {
        "mean": 0.40555555555555556,
        "std": 0.04681194318431311,
        "max": 0.5
      },
      "best_val_accuracy": {
        "mean": 0.48888888888888893,
        "std": 0.05299662230094143,
        "max": 0.5833333333333334
      },
      "experiment_count": 10
    },
    {
      "parameters": {
        "DROPOUT": 0.5,
        "HIDDEN_CHANNELS": 64,
        "MAX_HOPS": 2,
        "NUM_LAYERS": 2,
        "TEMPERATURE": 0.5
      },
      "final_test_accuracy": {
        "mean": 0.4078947368421052,
        "std": 0.06683381631158052,
        "max": 0.5526315789473685
      },
      "best_test_accuracy": {
        "mean": 0.3973684210526316,
        "std": 0.07934112332463862,
        "max": 0.5526315789473685
      },
      "final_val_accuracy": {
        "mean": 0.4222222222222222,
        "std": 0.10452715401237099,
        "max": 0.6944444444444444
      },
      "best_val_accuracy": {
        "mean": 0.5,
        "std": 0.09781564923143894,
        "max": 0.7222222222222222
      },
      "experiment_count": 10
    },
    {
      "parameters": {
        "DROPOUT": 0.5,
        "HIDDEN_CHANNELS": 64,
        "MAX_HOPS": 3,
        "NUM_LAYERS": 3,
        "TEMPERATURE": 0.5
      },
      "final_test_accuracy": {
        "mean": 0.3973684210526316,
        "std": 0.05450609257159995,
        "max": 0.5
      },
      "best_test_accuracy": {
        "mean": 0.42631578947368426,
        "std": 0.053673889616766154,
        "max": 0.5
      },
      "final_val_accuracy": {
        "mean": 0.34444444444444444,
        "std": 0.0468119431843131,
        "max": 0.4166666666666667
      },
      "best_val_accuracy": {
        "mean": 0.45,
        "std": 0.055277079839256664,
        "max": 0.5277777777777778
      },
      "experiment_count": 10
    },
    {
      "parameters": {
        "DROPOUT": 0.5,
        "HIDDEN_CHANNELS": 64,
        "MAX_HOPS": 2,
        "NUM_LAYERS": 1,
        "TEMPERATURE": 0.5
      },
      "final_test_accuracy": {
        "mean": 0.3921052631578948,
        "std": 0.04316110386014928,
        "max": 0.4473684210526316
      },
      "best_test_accuracy": {
        "mean": 0.4131578947368421,
        "std": 0.03124826865009978,
        "max": 0.4473684210526316
      },
      "final_val_accuracy": {
        "mean": 0.40555555555555556,
        "std": 0.09477067838462212,
        "max": 0.5555555555555556
      },
      "best_val_accuracy": {
        "mean": 0.48611111111111105,
        "std": 0.07682953714410741,
        "max": 0.5833333333333334
      },
      "experiment_count": 10
    },
    {
      "parameters": {
        "DROPOUT": 0.5,
        "HIDDEN_CHANNELS": 64,
        "MAX_HOPS": 2,
        "NUM_LAYERS": 3,
        "TEMPERATURE": 0.5
      },
      "final_test_accuracy": {
        "mean": 0.3894736842105263,
        "std": 0.08632220772029855,
        "max": 0.5
      },
      "best_test_accuracy": {
        "mean": 0.4131578947368421,
        "std": 0.07066169253735556,
        "max": 0.5526315789473685
      },
      "final_val_accuracy": {
        "mean": 0.36666666666666664,
        "std": 0.06894263136661585,
        "max": 0.4722222222222222
      },
      "best_val_accuracy": {
        "mean": 0.4666666666666667,
        "std": 0.08940820521906157,
        "max": 0.5833333333333334
      },
      "experiment_count": 10
    },
    {
      "parameters": {
        "DROPOUT": 0.5,
        "HIDDEN_CHANNELS": 64,
        "MAX_HOPS": 4,
        "NUM_LAYERS": 1,
        "TEMPERATURE": 0.5
      },
      "final_test_accuracy": {
        "mean": 0.3763157894736842,
        "std": 0.07447879841097318,
        "max": 0.5
      },
      "best_test_accuracy": {
        "mean": 0.3736842105263158,
        "std": 0.05860804592452654,
        "max": 0.5
      },
      "final_val_accuracy": {
        "mean": 0.3944444444444445,
        "std": 0.07934920476158723,
        "max": 0.5833333333333334
      },
      "best_val_accuracy": {
        "mean": 0.4611111111111111,
        "std": 0.06358623967921999,
        "max": 0.6111111111111112
      },
      "experiment_count": 10
    },
    {
      "parameters": {
        "DROPOUT": 0.5,
        "HIDDEN_CHANNELS": 64,
        "MAX_HOPS": 4,
        "NUM_LAYERS": 3,
        "TEMPERATURE": 0.5
      },
      "final_test_accuracy": {
        "mean": 0.36842105263157887,
        "std": 0.05393131982083999,
        "max": 0.4473684210526316
      },
      "best_test_accuracy": {
        "mean": 0.4078947368421052,
        "std": 0.0567469964548627,
        "max": 0.5
      },
      "final_val_accuracy": {
        "mean": 0.38055555555555554,
        "std": 0.06460946305340559,
        "max": 0.4722222222222222
      },
      "best_val_accuracy": {
        "mean": 0.4805555555555555,
        "std": 0.04312270748961118,
        "max": 0.5555555555555556
      },
      "experiment_count": 10
    },
    {
      "parameters": {
        "DROPOUT": 0.5,
        "HIDDEN_CHANNELS": 64,
        "MAX_HOPS": 3,
        "NUM_LAYERS": 1,
        "TEMPERATURE": 0.5
      },