{
  "experiment_info": {
    "timestamp": "2025-07-03 16:20:41",
    "dataset": "Texas",
    "model": "RobustH2GCN"
  },
  "total_combinations": 9,
  "total_experiments": 90,
  "best_combination_by_val": {
    "parameters": {
      "DROPOUT": 0.5,
      "HIDDEN_CHANNELS": 64,
      "MAX_HOPS": 4,
      "NUM_LAYERS": 1,
      "TEMPERATURE": 1.0
    },
    "final_test_accuracy": {
      "mean": 0.75,
      "std": 0.06786208925382961,
      "max": 0.868421052631579
    },
    "best_test_accuracy": {
      "mean": 0.7263157894736841,
      "std": 0.06882472016116851,
      "max": 0.8157894736842105
    },
    "final_val_accuracy": {
      "mean": 0.7833333333333334,
      "std": 0.11303883305208781,
      "max": 0.9722222222222222
    },
    "best_val_accuracy": {
      "mean": 0.8111111111111111,
      "std": 0.11640181577642757,
      "max": 0.9722222222222222
    },
    "experiment_count": 10
  },
  "best_combination_by_test": {
    "parameters": {
      "DROPOUT": 0.5,
      "HIDDEN_CHANNELS": 64,
      "MAX_HOPS": 2,
      "NUM_LAYERS": 1,
      "TEMPERATURE": 1.0
    },
    "final_test_accuracy": {
      "mean": 0.7684210526315789,
      "std": 0.053673889616766154,
      "max": 0.868421052631579
    },
    "best_test_accuracy": {
      "mean": 0.7236842105263158,
      "std": 0.07182812665240096,
      "max": 0.868421052631579
    },
    "final_val_accuracy": {
      "mean": 0.675,
      "std": 0.09300371690435115,
      "max": 0.8611111111111112
    },
    "best_val_accuracy": {
      "mean": 0.7,
      "std": 0.08498365855987976,
      "max": 0.8611111111111112
    },
    "experiment_count": 10
  },
  "top_10_combinations": [
    {
      "parameters": {
        "DROPOUT": 0.5,
        "HIDDEN_CHANNELS": 64,
        "MAX_HOPS": 2,
        "NUM_LAYERS": 1,
        "TEMPERATURE": 1.0
      },
      "final_test_accuracy": {
        "mean": 0.7684210526315789,
        "std": 0.053673889616766154,
        "max": 0.868421052631579
      },
      "best_test_accuracy": {
        "mean": 0.7236842105263158,
        "std": 0.07182812665240096,
        "max": 0.868421052631579
      },
      "final_val_accuracy": {
        "mean": 0.675,
        "std": 0.09300371690435115,
        "max": 0.8611111111111112
      },
      "best_val_accuracy": {
        "mean": 0.7,
        "std": 0.08498365855987976,
        "max": 0.8611111111111112
      },
      "experiment_count": 10
    },
    {
      "parameters": {
        "DROPOUT": 0.5,
        "HIDDEN_CHANNELS": 64,
        "MAX_HOPS": 3,
        "NUM_LAYERS": 1,
        "TEMPERATURE": 1.0
      },
      "final_test_accuracy": {
        "mean": 0.7684210526315789,
        "std": 0.056195148694901643,
        "max": 0.868421052631579
      },
      "best_test_accuracy": {
        "mean": 0.7447368421052631,
        "std": 0.04999999999999999,
        "max": 0.8421052631578947
      },
      "final_val_accuracy": {
        "mean": 0.7416666666666667,
        "std": 0.062175081348887204,
        "max": 0.8333333333333334
      },
      "best_val_accuracy": {
        "mean": 0.7916666666666667,
        "std": 0.057265355911356404,
        "max": 0.8888888888888888
      },
      "experiment_count": 10
    },
    {
      "parameters": {
        "DROPOUT": 0.5,
        "HIDDEN_CHANNELS": 64,
        "MAX_HOPS": 4,
        "NUM_LAYERS": 1,
        "TEMPERATURE": 1.0
      },
      "final_test_accuracy": {
        "mean": 0.75,
        "std": 0.06786208925382961,
        "max": 0.868421052631579
      },
      "best_test_accuracy": {
        "mean": 0.7263157894736841,
        "std": 0.06882472016116851,
        "max": 0.8157894736842105
      },
      "final_val_accuracy": {
        "mean": 0.7833333333333334,
        "std": 0.11303883305208781,
        "max": 0.9722222222222222
      },
      "best_val_accuracy": {
        "mean": 0.8111111111111111,
        "std": 0.11640181577642757,
        "max": 0.9722222222222222
      },
      "experiment_count": 10
    },
    {
      "parameters": {
        "DROPOUT": 0.5,
        "HIDDEN_CHANNELS": 64,
        "MAX_HOPS": 4,
        "NUM_LAYERS": 1,
        "TEMPERATURE": 2.0
      },
      "final_test_accuracy": {
        "mean": 0.7263157894736842,
        "std": 0.06573682103577261,
        "max": 0.868421052631579
      },
      "best_test_accuracy": {
        "mean": 0.6894736842105263,
        "std": 0.0653140718210045,
        "max": 0.8157894736842105
      },
      "final_val_accuracy": {
        "mean": 0.738888888888889,
        "std": 0.08258927081843617,
        "max": 0.8611111111111112
      },
      "best_val_accuracy": {
        "mean": 0.7583333333333333,
        "std": 0.07762882562490069,
        "max": 0.8611111111111112
      },
      "experiment_count": 10
    },
    {
      "parameters": {
        "DROPOUT": 0.5,
        "HIDDEN_CHANNELS": 64,
        "MAX_HOPS": 2,
        "NUM_LAYERS": 1,
        "TEMPERATURE": 0.5
      },
      "final_test_accuracy": {
        "mean": 0.7078947368421051,
        "std": 0.06052631578947367,
        "max": 0.7894736842105263
      },
      "best_test_accuracy": {
        "mean": 0.6842105263157895,
        "std": 0.08321783316232576,
        "max": 0.7894736842105263
      },
      "final_val_accuracy": {
        "mean": 0.7111111111111111,
        "std": 0.054433105395181765,
        "max": 0.8055555555555556
      },
      "best_val_accuracy": {
        "mean": 0.7555555555555555,
        "std": 0.049378857873975515,
        "max": 0.8333333333333334
      },
      "experiment_count": 10
    },
    {
      "parameters": {
        "DROPOUT": 0.5,
        "HIDDEN_CHANNELS": 64,
        "MAX_HOPS": 4,
        "NUM_LAYERS": 1,
        "TEMPERATURE": 0.5
      },
      "final_test_accuracy": {
        "mean": 0.7026315789473684,
        "std": 0.06662625737459034,
        "max": 0.8157894736842105
      },
      "best_test_accuracy": {
        "mean": 0.6421052631578947,
        "std": 0.08502891800738689,
        "max": 0.7631578947368421
      },
      "final_val_accuracy": {
        "mean": 0.7055555555555555,
        "std": 0.055832642339560534,
        "max": 0.8055555555555556
      },
      "best_val_accuracy": {
        "mean": 0.7277777777777777,
        "std": 0.05386310952684813,
        "max": 0.8333333333333334
      },
      "experiment_count": 10
    },
    {
      "parameters": {
        "DROPOUT": 0.5,
        "HIDDEN_CHANNELS": 64,
        "MAX_HOPS": 2,
        "NUM_LAYERS": 1,
        "TEMPERATURE": 2.0
      },
      "final_test_accuracy": {
        "mean": 0.6973684210526316,
        "std": 0.06786208925382961,
        "max": 0.8421052631578947
      },
      "best_test_accuracy": {
        "mean": 0.6552631578947368,
        "std": 0.08763592529129849,
        "max": 0.8421052631578947
      },
      "final_val_accuracy": {
        "mean": 0.725,
        "std": 0.10277777777777779,
        "max": 0.8333333333333334
      },
      "best_val_accuracy": {
        "mean": 0.7499999999999999,
        "std": 0.08240220541217404,
        "max": 0.8333333333333334
      },
      "experiment_count": 10
    },
    {
      "parameters": {
        "DROPOUT": 0.5,
        "HIDDEN_CHANNELS": 64,
        "MAX_HOPS": 3,
        "NUM_LAYERS": 1,
        "TEMPERATURE": 2.0
      },
      "final_test_accuracy": {
        "mean": 0.6868421052631579,
        "std": 0.08359147460141363,
        "max": 0.8157894736842105
      },
      "best_test_accuracy": {
        "mean": 0.6473684210526315,
        "std": 0.07461814146714646,
        "max": 0.7631578947368421
      },
      "final_val_accuracy": {
        "mean": 0.6916666666666667,
        "std": 0.06626033578820312,
        "max": 0.8055555555555556
      },
      "best_val_accuracy": {
        "mean": 0.7277777777777779,
        "std": 0.06549903401417555,
        "max": 0.8333333333333334
      },
      "experiment_count": 10
    },
    {
      "parameters": {
        "DROPOUT": 0.5,
        "HIDDEN_CHANNELS": 64,
        "MAX_HOPS": 3,
        "NUM_LAYERS": 1,