{
  "experiment_info": {
    "timestamp": "2025-07-05 11:15:31",
    "dataset": "Cora",
    "model": "GraphSAGE"
  },
  "total_experiments": 60,
  "final_results": {
    "train": {
      "mean": 0.3019704433497537,
      "std": 0.0069839639796836555
    },
    "val": {
      "mean": 0.3022181146025878,
      "std": 0.018087232708669986
    },
    "test": {
      "mean": 0.30220994475138124,
      "std": 0.017701605344378386
    }
  },
  "best_results": {
    "val": {
      "mean": 0.3022181146025878,
      "std": 0.018087232708669986
    },
    "test": {
      "mean": 0.30220994475138124,
      "std": 0.017701605344378386
    }
  },
  "early_stopping": {
    "early_stopped_experiments": 60,
    "early_stopping_rate": 1.0,
    "average_stopping_epoch": 51.46666666666667,
    "stopping_epoch_std": 1.4996295838935991,
    "stopping_epoch_range": [
      50,
      56
    ]
  },
  "feature_modification": {
    "modifications_applied": 1,
    "modification_types": [
      "missingness"
    ]
  }
}