{
  "experiment_info": {
    "timestamp": "2025-07-03 16:54:36",
    "dataset": "Texas",
    "model": "MixHop"
  },
  "total_combinations": 9,
  "total_experiments": 90,
  "best_combination_by_val": {
    "parameters": {
      "DROPOUT": 0.5,
      "HIDDEN_CHANNELS": 64,
      "MAX_HOPS": 4,
      "NUM_LAYERS": 2,
      "TEMPERATURE": 0.5
    },
    "final_test_accuracy": {
      "mean": 0.5789473684210527,
      "std": 0.05520046569316587,
      "max": 0.6578947368421053
    },
    "best_test_accuracy": {
      "mean": 0.5947368421052632,
      "std": 0.048808518397345804,
      "max": 0.6842105263157895
    },
    "final_val_accuracy": {
      "mean": 0.5583333333333332,
      "std": 0.051893171367415,
      "max": 0.6388888888888888
    },
    "best_val_accuracy": {
      "mean": 0.6444444444444445,
      "std": 0.07328281087929397,
      "max": 0.7777777777777778
    },
    "experiment_count": 10
  },
  "best_combination_by_test": {
    "parameters": {
      "DROPOUT": 0.5,
      "HIDDEN_CHANNELS": 64,
      "MAX_HOPS": 2,
      "NUM_LAYERS": 3,
      "TEMPERATURE": 0.5
    },
    "final_test_accuracy": {
      "mean": 0.6157894736842104,
      "std": 0.045883146774112364,
      "max": 0.6578947368421053
    },
    "best_test_accuracy": {
      "mean": 0.6342105263157896,
      "std": 0.055762158158992325,
      "max": 0.7368421052631579
    },
    "final_val_accuracy": {
      "mean": 0.5583333333333333,
      "std": 0.10202426484559421,
      "max": 0.75
    },
    "best_val_accuracy": {
      "mean": 0.625,
      "std": 0.13220004482545325,
      "max": 0.8611111111111112
    },
    "experiment_count": 10
  },
  "top_10_combinations": [
    {
      "parameters": {
        "DROPOUT": 0.5,
        "HIDDEN_CHANNELS": 64,
        "MAX_HOPS": 2,
        "NUM_LAYERS": 3,
        "TEMPERATURE": 0.5
      },
      "final_test_accuracy": {
        "mean": 0.6157894736842104,
        "std": 0.045883146774112364,
        "max": 0.6578947368421053
      },
      "best_test_accuracy": {
        "mean": 0.6342105263157896,
        "std": 0.055762158158992325,
        "max": 0.7368421052631579
      },
      "final_val_accuracy": {
        "mean": 0.5583333333333333,
        "std": 0.10202426484559421,
        "max": 0.75
      },
      "best_val_accuracy": {
        "mean": 0.625,
        "std": 0.13220004482545325,
        "max": 0.8611111111111112
      },
      "experiment_count": 10
    },
    {
      "parameters": {
        "DROPOUT": 0.5,
        "HIDDEN_CHANNELS": 64,
        "MAX_HOPS": 4,
        "NUM_LAYERS": 1,
        "TEMPERATURE": 0.5
      },
      "final_test_accuracy": {
        "mean": 0.5921052631578948,
        "std": 0.06472828355920444,
        "max": 0.7105263157894737
      },
      "best_test_accuracy": {
        "mean": 0.6078947368421053,
        "std": 0.07297591907295814,
        "max": 0.7631578947368421
      },
      "final_val_accuracy": {
        "mean": 0.55,
        "std": 0.07837075544258824,
        "max": 0.6666666666666666
      },
      "best_val_accuracy": {
        "mean": 0.6416666666666667,
        "std": 0.06966631224435807,
        "max": 0.7222222222222222
      },
      "experiment_count": 10
    },
    {
      "parameters": {
        "DROPOUT": 0.5,
        "HIDDEN_CHANNELS": 64,
        "MAX_HOPS": 3,
        "NUM_LAYERS": 3,
        "TEMPERATURE": 0.5
      },
      "final_test_accuracy": {
        "mean": 0.5921052631578948,
        "std": 0.08904697008257176,
        "max": 0.7105263157894737
      },
      "best_test_accuracy": {
        "mean": 0.5921052631578948,
        "std": 0.09285409875988081,
        "max": 0.6842105263157895
      },
      "final_val_accuracy": {
        "mean": 0.5777777777777777,
        "std": 0.07934920476158722,
        "max": 0.75
      },
      "best_val_accuracy": {
        "mean": 0.6027777777777779,
        "std": 0.08521034250098872,
        "max": 0.8055555555555556
      },
      "experiment_count": 10
    },
    {
      "parameters": {
        "DROPOUT": 0.5,
        "HIDDEN_CHANNELS": 64,
        "MAX_HOPS": 2,
        "NUM_LAYERS": 1,
        "TEMPERATURE": 0.5
      },
      "final_test_accuracy": {
        "mean": 0.5815789473684211,
        "std": 0.09448064774219075,
        "max": 0.7105263157894737
      },
      "best_test_accuracy": {
        "mean": 0.5894736842105264,
        "std": 0.09429722561667853,
        "max": 0.7105263157894737
      },
      "final_val_accuracy": {
        "mean": 0.5805555555555556,
        "std": 0.05038432540893625,
        "max": 0.6388888888888888
      },
      "best_val_accuracy": {
        "mean": 0.6416666666666666,
        "std": 0.04882887730901927,
        "max": 0.7222222222222222
      },
      "experiment_count": 10
    },
    {
      "parameters": {
        "DROPOUT": 0.5,
        "HIDDEN_CHANNELS": 64,
        "MAX_HOPS": 4,
        "NUM_LAYERS": 2,
        "TEMPERATURE": 0.5
      },
      "final_test_accuracy": {
        "mean": 0.5789473684210527,
        "std": 0.05520046569316587,
        "max": 0.6578947368421053
      },
      "best_test_accuracy": {
        "mean": 0.5947368421052632,
        "std": 0.048808518397345804,
        "max": 0.6842105263157895
      },
      "final_val_accuracy": {
        "mean": 0.5583333333333332,
        "std": 0.051893171367415,
        "max": 0.6388888888888888
      },
      "best_val_accuracy": {
        "mean": 0.6444444444444445,
        "std": 0.07328281087929397,
        "max": 0.7777777777777778
      },
      "experiment_count": 10
    },
    {
      "parameters": {
        "DROPOUT": 0.5,
        "HIDDEN_CHANNELS": 64,
        "MAX_HOPS": 4,
        "NUM_LAYERS": 3,
        "TEMPERATURE": 0.5
      },
      "final_test_accuracy": {
        "mean": 0.5789473684210525,
        "std": 0.07894736842105264,
        "max": 0.7105263157894737
      },
      "best_test_accuracy": {
        "mean": 0.5789473684210527,
        "std": 0.0744322927564787,
        "max": 0.6842105263157895
      },
      "final_val_accuracy": {
        "mean": 0.5111111111111112,
        "std": 0.07576767609436588,
        "max": 0.6111111111111112
      },
      "best_val_accuracy": {
        "mean": 0.5555555555555556,
        "std": 0.09622504486493762,
        "max": 0.6944444444444444
      },
      "experiment_count": 10
    },
    {
      "parameters": {
        "DROPOUT": 0.5,
        "HIDDEN_CHANNELS": 64,
        "MAX_HOPS": 3,
        "NUM_LAYERS": 1,
        "TEMPERATURE": 0.5
      },
      "final_test_accuracy": {
        "mean": 0.55,
        "std": 0.11130676832924527,
        "max": 0.8157894736842105
      },
      "best_test_accuracy": {
        "mean": 0.5631578947368421,
        "std": 0.11543006420769107,
        "max": 0.8421052631578947
      },
      "final_val_accuracy": {
        "mean": 0.5444444444444444,
        "std": 0.07876359377087681,
        "max": 0.6388888888888888
      },
      "best_val_accuracy": {
        "mean": 0.6416666666666666,
        "std": 0.07802539947326743,
        "max": 0.75
      },
      "experiment_count": 10
    },
    {
      "parameters": {
        "DROPOUT": 0.5,
        "HIDDEN_CHANNELS": 64,
        "MAX_HOPS": 3,
        "NUM_LAYERS": 2,
        "TEMPERATURE": 0.5
      },
      "final_test_accuracy": {
        "mean": 0.5368421052631579,
        "std": 0.06781104593013225,
        "max": 0.6052631578947368
      },
      "best_test_accuracy": {
        "mean": 0.55,
        "std": 0.08441586806497599,
        "max": 0.7105263157894737
      },
      "final_val_accuracy": {
        "mean": 0.5277777777777779,
        "std": 0.10318986456114838,
        "max": 0.6944444444444444
      },
      "best_val_accuracy": {
        "mean": 0.5972222222222222,
        "std": 0.07782736514512166,
        "max": 0.7222222222222222
      },
      "experiment_count": 10
    },
    {
      "parameters": {
        "DROPOUT": 0.5,
        "HIDDEN_CHANNELS": 64,
        "MAX_HOPS": 2,
        "NUM_LAYERS": 2,