{
  "experiment_info": {
    "timestamp": "2025-07-07 00:48:10",
    "dataset": "Citeseer",
    "model": "RobustH2GCN"
  },
  "total_experiments": 60,
  "final_results": {
    "train": {
      "mean": 0.8592100868403473,
      "std": 0.023308440337910536
    },
    "val": {
      "mean": 0.6837593984962406,
      "std": 0.020398539197192245
    },
    "test": {
      "mean": 0.6852852852852853,
      "std": 0.018455239123521584
    }
  },
  "best_results": {
    "val": {
      "mean": 0.6963408521303258,
      "std": 0.017767001966557422
    },
    "test": {
      "mean": 0.6904654654654655,
      "std": 0.018040578551878496
    }
  },
  "early_stopping": {
    "early_stopped_experiments": 60,
    "early_stopping_rate": 1.0,
    "average_stopping_epoch": 152.95,
    "stopping_epoch_std": 65.72174297749567,
    "stopping_epoch_range": [
      59,
      352
    ]
  },
  "feature_modification": {
    "modifications_applied": 1,
    "modification_types": [
      "noise"
    ]
  }
}