{
  "experiment_info": {
    "timestamp": "2025-07-04 07:08:51",
    "dataset": "Chameleon",
    "model": "MLP"
  },
  "total_combinations": 9,
  "total_experiments": 90,
  "best_combination_by_val": {
    "parameters": {
      "DROPOUT": 0.5,
      "HIDDEN_CHANNELS": 64,
      "MAX_HOPS": 3,
      "NUM_LAYERS": 1,
      "TEMPERATURE": 0.5
    },
    "final_test_accuracy": {
      "mean": 0.2070175438596491,
      "std": 0.021824307551973208,
      "max": 0.23684210526315788
    },
    "best_test_accuracy": {
      "mean": 0.2151315789473684,
      "std": 0.0253751856381003,
      "max": 0.2719298245614035
    },
    "final_val_accuracy": {
      "mean": 0.21780219780219778,
      "std": 0.029657302797556278,
      "max": 0.27472527472527475
    },
    "best_val_accuracy": {
      "mean": 0.23978021978021977,
      "std": 0.018028677393244694,
      "max": 0.27472527472527475
    },
    "experiment_count": 10
  },
  "best_combination_by_test": {
    "parameters": {
      "DROPOUT": 0.5,
      "HIDDEN_CHANNELS": 64,
      "MAX_HOPS": 2,
      "NUM_LAYERS": 2,
      "TEMPERATURE": 0.5
    },
    "final_test_accuracy": {
      "mean": 0.23355263157894735,
      "std": 0.020342793691020725,
      "max": 0.26096491228070173
    },
    "best_test_accuracy": {
      "mean": 0.21447368421052632,
      "std": 0.019658714764048218,
      "max": 0.24561403508771928
    },
    "final_val_accuracy": {
      "mean": 0.2246153846153846,
      "std": 0.018591899764884918,
      "max": 0.2571428571428571
    },
    "best_val_accuracy": {
      "mean": 0.23054945054945053,
      "std": 0.012832229078676918,
      "max": 0.2571428571428571
    },
    "experiment_count": 10
  },
  "top_10_combinations": [
    {
      "parameters": {
        "DROPOUT": 0.5,
        "HIDDEN_CHANNELS": 64,
        "MAX_HOPS": 2,
        "NUM_LAYERS": 2,
        "TEMPERATURE": 0.5
      },
      "final_test_accuracy": {
        "mean": 0.23355263157894735,
        "std": 0.020342793691020725,
        "max": 0.26096491228070173
      },
      "best_test_accuracy": {
        "mean": 0.21447368421052632,
        "std": 0.019658714764048218,
        "max": 0.24561403508771928
      },
      "final_val_accuracy": {
        "mean": 0.2246153846153846,
        "std": 0.018591899764884918,
        "max": 0.2571428571428571
      },
      "best_val_accuracy": {
        "mean": 0.23054945054945053,
        "std": 0.012832229078676918,
        "max": 0.2571428571428571
      },
      "experiment_count": 10
    },
    {
      "parameters": {
        "DROPOUT": 0.5,
        "HIDDEN_CHANNELS": 64,
        "MAX_HOPS": 2,
        "NUM_LAYERS": 3,
        "TEMPERATURE": 0.5
      },
      "final_test_accuracy": {
        "mean": 0.23223684210526319,
        "std": 0.017084163775054662,
        "max": 0.2675438596491228
      },
      "best_test_accuracy": {
        "mean": 0.2118421052631579,
        "std": 0.019766060244287283,
        "max": 0.25
      },
      "final_val_accuracy": {
        "mean": 0.2237362637362638,
        "std": 0.016990020298978187,
        "max": 0.24835164835164836
      },
      "best_val_accuracy": {
        "mean": 0.23714285714285716,
        "std": 0.011182904820403121,
        "max": 0.25274725274725274
      },
      "experiment_count": 10
    },
    {
      "parameters": {
        "DROPOUT": 0.5,
        "HIDDEN_CHANNELS": 64,
        "MAX_HOPS": 3,
        "NUM_LAYERS": 2,
        "TEMPERATURE": 0.5
      },
      "final_test_accuracy": {
        "mean": 0.22587719298245612,
        "std": 0.01596515326596605,
        "max": 0.25219298245614036
      },
      "best_test_accuracy": {
        "mean": 0.2287280701754386,
        "std": 0.006582601324475282,
        "max": 0.23903508771929824
      },
      "final_val_accuracy": {
        "mean": 0.2230769230769231,
        "std": 0.02574807585463732,
        "max": 0.26593406593406593
      },
      "best_val_accuracy": {
        "mean": 0.23648351648351648,
        "std": 0.01548476039895256,
        "max": 0.26593406593406593
      },
      "experiment_count": 10
    },
    {
      "parameters": {
        "DROPOUT": 0.5,
        "HIDDEN_CHANNELS": 64,
        "MAX_HOPS": 2,
        "NUM_LAYERS": 1,
        "TEMPERATURE": 0.5
      },
      "final_test_accuracy": {
        "mean": 0.2245614035087719,
        "std": 0.017384141388251242,
        "max": 0.2565789473684211
      },
      "best_test_accuracy": {
        "mean": 0.2138157894736842,
        "std": 0.019497821693329146,
        "max": 0.23903508771929824
      },
      "final_val_accuracy": {
        "mean": 0.22219780219780216,
        "std": 0.01598362886644106,
        "max": 0.25054945054945055
      },
      "best_val_accuracy": {
        "mean": 0.2294505494505495,
        "std": 0.010997798684129055,
        "max": 0.25054945054945055
      },
      "experiment_count": 10
    },
    {
      "parameters": {
        "DROPOUT": 0.5,
        "HIDDEN_CHANNELS": 64,
        "MAX_HOPS": 3,
        "NUM_LAYERS": 3,
        "TEMPERATURE": 0.5
      },
      "final_test_accuracy": {
        "mean": 0.22390350877192983,
        "std": 0.028347214295687668,
        "max": 0.25877192982456143
      },
      "best_test_accuracy": {
        "mean": 0.22214912280701754,
        "std": 0.023043018169611282,
        "max": 0.2565789473684211
      },
      "final_val_accuracy": {
        "mean": 0.22065934065934067,
        "std": 0.011720695934921659,
        "max": 0.23956043956043957
      },
      "best_val_accuracy": {
        "mean": 0.2283516483516484,
        "std": 0.009652831321317694,
        "max": 0.24835164835164836
      },
      "experiment_count": 10
    },
    {
      "parameters": {
        "DROPOUT": 0.5,
        "HIDDEN_CHANNELS": 64,
        "MAX_HOPS": 4,
        "NUM_LAYERS": 1,
        "TEMPERATURE": 0.5
      },
      "final_test_accuracy": {
        "mean": 0.2223684210526316,
        "std": 0.023398208190086218,
        "max": 0.25877192982456143
      },
      "best_test_accuracy": {
        "mean": 0.20635964912280702,
        "std": 0.014660214836279183,
        "max": 0.23026315789473684
      },
      "final_val_accuracy": {
        "mean": 0.21956043956043958,
        "std": 0.013276253459814468,
        "max": 0.24835164835164836
      },
      "best_val_accuracy": {
        "mean": 0.23076923076923078,
        "std": 0.00942752113825372,
        "max": 0.25054945054945055
      },
      "experiment_count": 10
    },
    {
      "parameters": {
        "DROPOUT": 0.5,
        "HIDDEN_CHANNELS": 64,
        "MAX_HOPS": 4,
        "NUM_LAYERS": 3,
        "TEMPERATURE": 0.5
      },
      "final_test_accuracy": {
        "mean": 0.21907894736842107,
        "std": 0.02344440815909927,
        "max": 0.2565789473684211
      },
      "best_test_accuracy": {
        "mean": 0.2118421052631579,
        "std": 0.023866259404232967,
        "max": 0.25219298245614036
      },
      "final_val_accuracy": {
        "mean": 0.22395604395604402,
        "std": 0.017975012510410848,
        "max": 0.25274725274725274
      },
      "best_val_accuracy": {
        "mean": 0.23274725274725278,
        "std": 0.010329670329670327,
        "max": 0.25274725274725274
      },
      "experiment_count": 10
    },
    {
      "parameters": {
        "DROPOUT": 0.5,
        "HIDDEN_CHANNELS": 64,
        "MAX_HOPS": 4,
        "NUM_LAYERS": 2,
        "TEMPERATURE": 0.5
      },
      "final_test_accuracy": {
        "mean": 0.2129385964912281,
        "std": 0.019772141921993204,
        "max": 0.24561403508771928
      },
      "best_test_accuracy": {
        "mean": 0.21271929824561403,
        "std": 0.030450096417034705,
        "max": 0.2719298245614035
      },
      "final_val_accuracy": {
        "mean": 0.2263736263736264,
        "std": 0.01656390653311364,
        "max": 0.2571428571428571
      },
      "best_val_accuracy": {
        "mean": 0.23494505494505497,
        "std": 0.012794531496991546,
        "max": 0.2571428571428571
      },