{
  "experiment_info": {
    "timestamp": "2025-07-02 19:31:50",
    "dataset": "Cora",
    "model": "H2GCN"
  },
  "total_experiments": 90,
  "final_results": {
    "train": {
      "mean": 1.0,
      "std": 0.0
    },
    "val": {
      "mean": 0.8771000205380983,
      "std": 0.011398625982714468
    },
    "test": {
      "mean": 0.878268876611418,
      "std": 0.012853433102607153
    }
  },
  "best_results": {
    "val": {
      "mean": 0.8939207229410557,
      "std": 0.010923970961922547
    },
    "test": {
      "mean": 0.8844485369347246,
      "std": 0.012799112049755774
    }
  },
  "early_stopping": {
    "early_stopped_experiments": 90,
    "early_stopping_rate": 1.0,
    "average_stopping_epoch": 69.9888888888889,
    "stopping_epoch_std": 16.842732982535455,
    "stopping_epoch_range": [
      56,
      168
    ]
  }
}