{
  "experiment_info": {
    "timestamp": "2025-07-05 22:20:12",
    "dataset": "Citeseer",
    "model": "H2GCN"
  },
  "total_experiments": 60,
  "final_results": {
    "train": {
      "mean": 1.0,
      "std": 0.0
    },
    "val": {
      "mean": 0.7407518796992482,
      "std": 0.015628008406937025
    },
    "test": {
      "mean": 0.7447447447447446,
      "std": 0.015201544092580017
    }
  },
  "best_results": {
    "val": {
      "mean": 0.7664912280701753,
      "std": 0.013918487189758518
    },
    "test": {
      "mean": 0.7576326326326327,
      "std": 0.019749723748059396
    }
  },
  "early_stopping": {
    "early_stopped_experiments": 60,
    "early_stopping_rate": 1.0,
    "average_stopping_epoch": 60.666666666666664,
    "stopping_epoch_std": 10.05098115719168,
    "stopping_epoch_range": [
      53,
      107
    ]
  },
  "feature_modification": {
    "modifications_applied": 1,
    "modification_types": [
      "missingness"
    ]
  }
}