{
  "experiment_info": {
    "timestamp": "2025-07-05 23:06:17",
    "dataset": "Citeseer",
    "model": "H2GCN"
  },
  "total_experiments": 60,
  "final_results": {
    "train": {
      "mean": 0.9996158984635938,
      "std": 0.0004127991681465573
    },
    "val": {
      "mean": 0.7505513784461153,
      "std": 0.014144111996567909
    },
    "test": {
      "mean": 0.7513763763763763,
      "std": 0.015762885638700604
    }
  },
  "best_results": {
    "val": {
      "mean": 0.7727067669172933,
      "std": 0.01419394080596696
    },
    "test": {
      "mean": 0.7601351351351351,
      "std": 0.016667399365257924
    }
  },
  "early_stopping": {
    "early_stopped_experiments": 60,
    "early_stopping_rate": 1.0,
    "average_stopping_epoch": 61.71666666666667,
    "stopping_epoch_std": 14.139886452475102,
    "stopping_epoch_range": [
      53,
      153
    ]
  }
}