{
  "experiment_info": {
    "timestamp": "2025-07-05 23:06:17",
    "dataset": "Citeseer",
    "model": "H2GCN"
  },
  "total_combinations": 6,
  "total_experiments": 60,
  "best_combination_by_val": {
    "parameters": {
      "DROPOUT": 0.5,
      "HIDDEN_CHANNELS": 64,
      "MAX_HOPS": 3,
      "NUM_LAYERS": 1,
      "TEMPERATURE": 0.5
    },
    "final_test_accuracy": {
      "mean": 0.7573573573573573,
      "std": 0.020872491133339516,
      "max": 0.7957957957957958
    },
    "best_test_accuracy": {
      "mean": 0.7621621621621621,
      "std": 0.02199789377995488,
      "max": 0.7927927927927928
    },
    "final_val_accuracy": {
      "mean": 0.7598496240601503,
      "std": 0.01442433732104657,
      "max": 0.7954887218045112
    },
    "best_val_accuracy": {
      "mean": 0.7798496240601503,
      "std": 0.017642116542631515,
      "max": 0.8120300751879699
    },
    "experiment_count": 10
  },
  "best_combination_by_test": {
    "parameters": {
      "DROPOUT": 0.5,
      "HIDDEN_CHANNELS": 64,
      "MAX_HOPS": 3,
      "NUM_LAYERS": 1,
      "TEMPERATURE": 0.5
    },
    "final_test_accuracy": {
      "mean": 0.7573573573573573,
      "std": 0.020872491133339516,
      "max": 0.7957957957957958
    },
    "best_test_accuracy": {
      "mean": 0.7621621621621621,
      "std": 0.02199789377995488,
      "max": 0.7927927927927928
    },
    "final_val_accuracy": {
      "mean": 0.7598496240601503,
      "std": 0.01442433732104657,
      "max": 0.7954887218045112
    },
    "best_val_accuracy": {
      "mean": 0.7798496240601503,
      "std": 0.017642116542631515,
      "max": 0.8120300751879699
    },
    "experiment_count": 10
  },
  "top_10_combinations": [
    {
      "parameters": {
        "DROPOUT": 0.5,
        "HIDDEN_CHANNELS": 64,
        "MAX_HOPS": 3,
        "NUM_LAYERS": 1,
        "TEMPERATURE": 0.5
      },
      "final_test_accuracy": {
        "mean": 0.7573573573573573,
        "std": 0.020872491133339516,
        "max": 0.7957957957957958
      },
      "best_test_accuracy": {
        "mean": 0.7621621621621621,
        "std": 0.02199789377995488,
        "max": 0.7927927927927928
      },
      "final_val_accuracy": {
        "mean": 0.7598496240601503,
        "std": 0.01442433732104657,
        "max": 0.7954887218045112
      },
      "best_val_accuracy": {
        "mean": 0.7798496240601503,
        "std": 0.017642116542631515,
        "max": 0.8120300751879699
      },
      "experiment_count": 10
    },
    {
      "parameters": {
        "DROPOUT": 0.5,
        "HIDDEN_CHANNELS": 64,
        "MAX_HOPS": 4,
        "NUM_LAYERS": 1,
        "TEMPERATURE": 0.5
      },
      "final_test_accuracy": {
        "mean": 0.7537537537537538,
        "std": 0.011898866520215575,
        "max": 0.7672672672672672
      },
      "best_test_accuracy": {
        "mean": 0.7647147147147149,
        "std": 0.017041215203976532,
        "max": 0.7867867867867868
      },
      "final_val_accuracy": {
        "mean": 0.7556390977443609,
        "std": 0.012781954887218061,
        "max": 0.7774436090225564
      },
      "best_val_accuracy": {
        "mean": 0.7784962406015038,
        "std": 0.009606421806727505,
        "max": 0.7894736842105263
      },
      "experiment_count": 10
    },
    {
      "parameters": {
        "DROPOUT": 0.5,
        "HIDDEN_CHANNELS": 64,
        "MAX_HOPS": 4,
        "NUM_LAYERS": 2,
        "TEMPERATURE": 0.5
      },
      "final_test_accuracy": {
        "mean": 0.7503003003003003,
        "std": 0.019942856800297608,
        "max": 0.7897897897897898
      },
      "best_test_accuracy": {
        "mean": 0.7612612612612614,
        "std": 0.016679512404803382,
        "max": 0.7897897897897898
      },
      "final_val_accuracy": {
        "mean": 0.7461654135338345,
        "std": 0.007632227091999727,
        "max": 0.7578947368421053
      },
      "best_val_accuracy": {
        "mean": 0.7679699248120301,
        "std": 0.01562824956315933,
        "max": 0.7879699248120301
      },
      "experiment_count": 10
    },
    {
      "parameters": {
        "DROPOUT": 0.5,
        "HIDDEN_CHANNELS": 64,
        "MAX_HOPS": 2,
        "NUM_LAYERS": 1,
        "TEMPERATURE": 0.5
      },
      "final_test_accuracy": {
        "mean": 0.7498498498498499,
        "std": 0.012293987681957204,
        "max": 0.7717717717717718
      },
      "best_test_accuracy": {
        "mean": 0.7548048048048048,
        "std": 0.010554391453927892,
        "max": 0.7747747747747747
      },
      "final_val_accuracy": {
        "mean": 0.7521804511278195,
        "std": 0.012101292955627499,
        "max": 0.7714285714285715
      },
      "best_val_accuracy": {
        "mean": 0.7706766917293233,
        "std": 0.014411790325242958,
        "max": 0.7909774436090226
      },
      "experiment_count": 10
    },
    {
      "parameters": {
        "DROPOUT": 0.5,
        "HIDDEN_CHANNELS": 64,
        "MAX_HOPS": 2,
        "NUM_LAYERS": 2,
        "TEMPERATURE": 0.5
      },
      "final_test_accuracy": {
        "mean": 0.7495495495495496,
        "std": 0.015485132834058541,
        "max": 0.7732732732732732
      },
      "best_test_accuracy": {
        "mean": 0.7573573573573574,
        "std": 0.018756151915468085,
        "max": 0.7882882882882883
      },
      "final_val_accuracy": {
        "mean": 0.7482706766917293,
        "std": 0.013130153355153737,
        "max": 0.7774436090225564
      },
      "best_val_accuracy": {
        "mean": 0.7715789473684211,
        "std": 0.009662751173784867,
        "max": 0.7819548872180451
      },
      "experiment_count": 10
    },
    {
      "parameters": {
        "DROPOUT": 0.5,
        "HIDDEN_CHANNELS": 64,
        "MAX_HOPS": 3,
        "NUM_LAYERS": 2,
        "TEMPERATURE": 0.5
      },
      "final_test_accuracy": {
        "mean": 0.7474474474474475,
        "std": 0.007825113646123342,
        "max": 0.7597597597597597
      },
      "best_test_accuracy": {
        "mean": 0.7605105105105106,
        "std": 0.009406879944550797,
        "max": 0.7837837837837838
      },
      "final_val_accuracy": {
        "mean": 0.741203007518797,
        "std": 0.014999199104252486,
        "max": 0.7639097744360902
      },
      "best_val_accuracy": {
        "mean": 0.7676691729323308,
        "std": 0.011055444376368606,
        "max": 0.7864661654135339
      },
      "experiment_count": 10
    }
  ],
  "all_combinations": [
    {
      "parameters": {
        "DROPOUT": 0.5,
        "HIDDEN_CHANNELS": 64,
        "MAX_HOPS": 3,
        "NUM_LAYERS": 1,
        "TEMPERATURE": 0.5
      },
      "final_test_accuracy": {
        "mean": 0.7573573573573573,
        "std": 0.020872491133339516,
        "max": 0.7957957957957958
      },
      "best_test_accuracy": {
        "mean": 0.7621621621621621,
        "std": 0.02199789377995488,
        "max": 0.7927927927927928
      },
      "final_val_accuracy": {
        "mean": 0.7598496240601503,
        "std": 0.01442433732104657,
        "max": 0.7954887218045112
      },
      "best_val_accuracy": {
        "mean": 0.7798496240601503,
        "std": 0.017642116542631515,
        "max": 0.8120300751879699
      },
      "experiment_count": 10
    },
    {
      "parameters": {
        "DROPOUT": 0.5,
        "HIDDEN_CHANNELS": 64,
        "MAX_HOPS": 4,
        "NUM_LAYERS": 1,
        "TEMPERATURE": 0.5
      },
      "final_test_accuracy": {
        "mean": 0.7537537537537538,
        "std": 0.011898866520215575,
        "max": 0.7672672672672672
      },
      "best_test_accuracy": {
        "mean": 0.7647147147147149,
        "std": 0.017041215203976532,
        "max": 0.7867867867867868
      },
      "final_val_accuracy": {
        "mean": 0.7556390977443609,
        "std": 0.012781954887218061,
        "max": 0.7774436090225564
      },
      "best_val_accuracy": {
        "mean": 0.7784962406015038,
        "std": 0.009606421806727505,
        "max": 0.7894736842105263
      },