{
  "experiment_info": {
    "timestamp": "2025-07-02 19:55:11",
    "dataset": "Cora",
    "model": "RobustH2GCN"
  },
  "gate_statistics": {
    "gate_mean": {
      "mean": 3.985220843130292e-07,
      "std": 3.54451047011303e-06
    },
    "gate_std": {
      "mean": 6.277662223472442e-07,
      "std": 5.279152371206321e-06
    },
    "gate_min": {
      "mean": 8.889569846047714e-23,
      "std": 8.386403419969807e-22
    },
    "gate_max": {
      "mean": 5.699466924186616e-06,
      "std": 4.43025070680987e-05
    },
    "gate_range": [
      0.0,
      0.0004168519808445126
    ],
    "experiment_count": 90
  },
  "best_parameter_gate_stats": {
    "gate_mean": {
      "mean": 4.9159780555406e-17,
      "std": 1.474793416661642e-16
    },
    "gate_std": {
      "mean": 3.5052281647474885e-16,
      "std": 1.051568449423243e-15
    },
    "gate_min": {
      "mean": 0.0,
      "std": 0.0
    },
    "gate_max": {
      "mean": 8.763820967765833e-15,
      "std": 2.629146290326391e-14
    },
    "gate_range": [
      0.0,
      8.763820967755756e-14
    ],
    "experiment_count": 10,
    "best_parameters": {
      "DROPOUT": 0.5,
      "HIDDEN_CHANNELS": 64,
      "MAX_HOPS": 4,
      "NUM_LAYERS": 1,
      "TEMPERATURE": 0.5
    }
  }
}