{
  "experiment_info": {
    "timestamp": "2025-07-05 10:48:22",
    "dataset": "Cora",
    "model": "MLP"
  },
  "total_experiments": 60,
  "final_results": {
    "train": {
      "mean": 0.9980603448275862,
      "std": 0.000959386480965683
    },
    "val": {
      "mean": 0.6903265557609366,
      "std": 0.01480077442722943
    },
    "test": {
      "mean": 0.6928176795580111,
      "std": 0.018394093538392293
    }
  },
  "best_results": {
    "val": {
      "mean": 0.7247997535428219,
      "std": 0.017336816210408074
    },
    "test": {
      "mean": 0.7130141190914671,
      "std": 0.017171459628370144
    }
  },
  "early_stopping": {
    "early_stopped_experiments": 60,
    "early_stopping_rate": 1.0,
    "average_stopping_epoch": 66.71666666666667,
    "stopping_epoch_std": 7.2688643465736025,
    "stopping_epoch_range": [
      61,
      115
    ]
  },
  "feature_modification": {
    "modifications_applied": 1,
    "modification_types": [
      "missingness"
    ]
  }
}