{
  "experiment_info": {
    "timestamp": "2025-07-03 16:49:23",
    "dataset": "Texas",
    "model": "MixHop"
  },
  "total_combinations": 9,
  "total_experiments": 90,
  "best_combination_by_val": {
    "parameters": {
      "DROPOUT": 0.5,
      "HIDDEN_CHANNELS": 64,
      "MAX_HOPS": 2,
      "NUM_LAYERS": 3,
      "TEMPERATURE": 0.5
    },
    "final_test_accuracy": {
      "mean": 0.6052631578947368,
      "std": 0.053931319820839985,
      "max": 0.6842105263157895
    },
    "best_test_accuracy": {
      "mean": 0.6,
      "std": 0.05860804592452655,
      "max": 0.6842105263157895
    },
    "final_val_accuracy": {
      "mean": 0.611111111111111,
      "std": 0.05957669608202003,
      "max": 0.6944444444444444
    },
    "best_val_accuracy": {
      "mean": 0.663888888888889,
      "std": 0.0547863414536556,
      "max": 0.75
    },
    "experiment_count": 10
  },
  "best_combination_by_test": {
    "parameters": {
      "DROPOUT": 0.5,
      "HIDDEN_CHANNELS": 64,
      "MAX_HOPS": 2,
      "NUM_LAYERS": 3,
      "TEMPERATURE": 0.5
    },
    "final_test_accuracy": {
      "mean": 0.6052631578947368,
      "std": 0.053931319820839985,
      "max": 0.6842105263157895
    },
    "best_test_accuracy": {
      "mean": 0.6,
      "std": 0.05860804592452655,
      "max": 0.6842105263157895
    },
    "final_val_accuracy": {
      "mean": 0.611111111111111,
      "std": 0.05957669608202003,
      "max": 0.6944444444444444
    },
    "best_val_accuracy": {
      "mean": 0.663888888888889,
      "std": 0.0547863414536556,
      "max": 0.75
    },
    "experiment_count": 10
  },
  "top_10_combinations": [
    {
      "parameters": {
        "DROPOUT": 0.5,
        "HIDDEN_CHANNELS": 64,
        "MAX_HOPS": 2,
        "NUM_LAYERS": 3,
        "TEMPERATURE": 0.5
      },
      "final_test_accuracy": {
        "mean": 0.6052631578947368,
        "std": 0.053931319820839985,
        "max": 0.6842105263157895
      },
      "best_test_accuracy": {
        "mean": 0.6,
        "std": 0.05860804592452655,
        "max": 0.6842105263157895
      },
      "final_val_accuracy": {
        "mean": 0.611111111111111,
        "std": 0.05957669608202003,
        "max": 0.6944444444444444
      },
      "best_val_accuracy": {
        "mean": 0.663888888888889,
        "std": 0.0547863414536556,
        "max": 0.75
      },
      "experiment_count": 10
    },
    {
      "parameters": {
        "DROPOUT": 0.5,
        "HIDDEN_CHANNELS": 64,
        "MAX_HOPS": 2,
        "NUM_LAYERS": 2,
        "TEMPERATURE": 0.5
      },
      "final_test_accuracy": {
        "mean": 0.5868421052631579,
        "std": 0.06006690637112278,
        "max": 0.7105263157894737
      },
      "best_test_accuracy": {
        "mean": 0.5605263157894738,
        "std": 0.06662625737459033,
        "max": 0.631578947368421
      },
      "final_val_accuracy": {
        "mean": 0.5166666666666667,
        "std": 0.117326178233016,
        "max": 0.6666666666666666
      },
      "best_val_accuracy": {
        "mean": 0.5722222222222223,
        "std": 0.09797328938082442,
        "max": 0.6944444444444444
      },
      "experiment_count": 10
    },
    {
      "parameters": {
        "DROPOUT": 0.5,
        "HIDDEN_CHANNELS": 64,
        "MAX_HOPS": 4,
        "NUM_LAYERS": 3,
        "TEMPERATURE": 0.5
      },
      "final_test_accuracy": {
        "mean": 0.5842105263157894,
        "std": 0.09326339550878604,
        "max": 0.7368421052631579
      },
      "best_test_accuracy": {
        "mean": 0.5684210526315789,
        "std": 0.07080854761617741,
        "max": 0.7105263157894737
      },
      "final_val_accuracy": {
        "mean": 0.5444444444444445,
        "std": 0.07576767609436587,
        "max": 0.6388888888888888
      },
      "best_val_accuracy": {
        "mean": 0.6166666666666668,
        "std": 0.0773799348732451,
        "max": 0.75
      },
      "experiment_count": 10
    },
    {
      "parameters": {
        "DROPOUT": 0.5,
        "HIDDEN_CHANNELS": 64,
        "MAX_HOPS": 2,
        "NUM_LAYERS": 1,
        "TEMPERATURE": 0.5
      },
      "final_test_accuracy": {
        "mean": 0.5710526315789474,
        "std": 0.07354309796043221,
        "max": 0.6578947368421053
      },
      "best_test_accuracy": {
        "mean": 0.5447368421052633,
        "std": 0.08072558763251564,
        "max": 0.6578947368421053
      },
      "final_val_accuracy": {
        "mean": 0.5638888888888889,
        "std": 0.0646094630534056,
        "max": 0.6666666666666666
      },
      "best_val_accuracy": {
        "mean": 0.5944444444444444,
        "std": 0.05853140973807075,
        "max": 0.6666666666666666
      },
      "experiment_count": 10
    },
    {
      "parameters": {
        "DROPOUT": 0.5,
        "HIDDEN_CHANNELS": 64,
        "MAX_HOPS": 3,
        "NUM_LAYERS": 2,
        "TEMPERATURE": 0.5
      },
      "final_test_accuracy": {
        "mean": 0.5605263157894738,
        "std": 0.06967474892038805,
        "max": 0.7105263157894737
      },
      "best_test_accuracy": {
        "mean": 0.5526315789473684,
        "std": 0.06552578735783544,
        "max": 0.6578947368421053
      },
      "final_val_accuracy": {
        "mean": 0.5666666666666665,
        "std": 0.07370277311900887,
        "max": 0.6666666666666666
      },
      "best_val_accuracy": {
        "mean": 0.6027777777777777,
        "std": 0.05699523480189774,
        "max": 0.6944444444444444
      },
      "experiment_count": 10
    },
    {
      "parameters": {
        "DROPOUT": 0.5,
        "HIDDEN_CHANNELS": 64,
        "MAX_HOPS": 3,
        "NUM_LAYERS": 3,
        "TEMPERATURE": 0.5
      },
      "final_test_accuracy": {
        "mean": 0.5605263157894738,
        "std": 0.0513663718314293,
        "max": 0.631578947368421
      },
      "best_test_accuracy": {
        "mean": 0.5578947368421053,
        "std": 0.0713929471907923,
        "max": 0.6578947368421053
      },
      "final_val_accuracy": {
        "mean": 0.5694444444444444,
        "std": 0.06944444444444445,
        "max": 0.7222222222222222
      },
      "best_val_accuracy": {
        "mean": 0.6527777777777777,
        "std": 0.06242279181734508,
        "max": 0.75
      },
      "experiment_count": 10
    },
    {
      "parameters": {
        "DROPOUT": 0.5,
        "HIDDEN_CHANNELS": 64,
        "MAX_HOPS": 4,
        "NUM_LAYERS": 1,
        "TEMPERATURE": 0.5
      },
      "final_test_accuracy": {
        "mean": 0.5552631578947368,
        "std": 0.058193011546042055,
        "max": 0.631578947368421
      },
      "best_test_accuracy": {
        "mean": 0.5473684210526316,
        "std": 0.06315789473684211,
        "max": 0.631578947368421
      },
      "final_val_accuracy": {
        "mean": 0.5555555555555556,
        "std": 0.08333333333333334,
        "max": 0.7222222222222222
      },
      "best_val_accuracy": {
        "mean": 0.5888888888888888,
        "std": 0.07222222222222222,
        "max": 0.7222222222222222
      },
      "experiment_count": 10
    },
    {
      "parameters": {
        "DROPOUT": 0.5,
        "HIDDEN_CHANNELS": 64,
        "MAX_HOPS": 4,
        "NUM_LAYERS": 2,
        "TEMPERATURE": 0.5
      },
      "final_test_accuracy": {
        "mean": 0.5473684210526315,
        "std": 0.022941573387056203,
        "max": 0.5789473684210527
      },
      "best_test_accuracy": {
        "mean": 0.5526315789473684,
        "std": 0.045580284409707315,
        "max": 0.6578947368421053
      },
      "final_val_accuracy": {
        "mean": 0.5805555555555555,
        "std": 0.056177078933768554,
        "max": 0.6666666666666666
      },
      "best_val_accuracy": {
        "mean": 0.625,
        "std": 0.045218946100276936,
        "max": 0.6944444444444444
      },
      "experiment_count": 10
    },
    {
      "parameters": {
        "DROPOUT": 0.5,
        "HIDDEN_CHANNELS": 64,
        "MAX_HOPS": 3,
        "NUM_LAYERS": 1,
        "TEMPERATURE": 0.5
      },