{
  "experiment_info": {
    "timestamp": "2025-07-07 13:28:09",
    "dataset": "Chameleon",
    "model": "MLP"
  },
  "total_combinations": 6,
  "total_experiments": 60,
  "best_combination_by_val": {
    "parameters": {
      "DROPOUT": 0.5,
      "HIDDEN_CHANNELS": 64,
      "MAX_HOPS": 3,
      "NUM_LAYERS": 1,
      "TEMPERATURE": 0.5
    },
    "final_test_accuracy": {
      "mean": 0.20723684210526314,
      "std": 0.016679646377023176,
      "max": 0.2324561403508772
    },
    "best_test_accuracy": {
      "mean": 0.2293859649122807,
      "std": 0.022815450532701672,
      "max": 0.2719298245614035
    },
    "final_val_accuracy": {
      "mean": 0.21934065934065933,
      "std": 0.022495018166020196,
      "max": 0.26373626373626374
    },
    "best_val_accuracy": {
      "mean": 0.25032967032967035,
      "std": 0.019545617300498065,
      "max": 0.27692307692307694
    },
    "experiment_count": 10
  },
  "best_combination_by_test": {
    "parameters": {
      "DROPOUT": 0.5,
      "HIDDEN_CHANNELS": 64,
      "MAX_HOPS": 4,
      "NUM_LAYERS": 1,
      "TEMPERATURE": 0.5
    },
    "final_test_accuracy": {
      "mean": 0.22456140350877196,
      "std": 0.01702070869467742,
      "max": 0.25219298245614036
    },
    "best_test_accuracy": {
      "mean": 0.21030701754385964,
      "std": 0.01817531370613462,
      "max": 0.23464912280701755
    },
    "final_val_accuracy": {
      "mean": 0.20901098901098897,
      "std": 0.024324219884435234,
      "max": 0.24615384615384617
    },
    "best_val_accuracy": {
      "mean": 0.23604395604395606,
      "std": 0.010820688901179055,
      "max": 0.24835164835164836
    },
    "experiment_count": 10
  },
  "top_10_combinations": [
    {
      "parameters": {
        "DROPOUT": 0.5,
        "HIDDEN_CHANNELS": 64,
        "MAX_HOPS": 4,
        "NUM_LAYERS": 1,
        "TEMPERATURE": 0.5
      },
      "final_test_accuracy": {
        "mean": 0.22456140350877196,
        "std": 0.01702070869467742,
        "max": 0.25219298245614036
      },
      "best_test_accuracy": {
        "mean": 0.21030701754385964,
        "std": 0.01817531370613462,
        "max": 0.23464912280701755
      },
      "final_val_accuracy": {
        "mean": 0.20901098901098897,
        "std": 0.024324219884435234,
        "max": 0.24615384615384617
      },
      "best_val_accuracy": {
        "mean": 0.23604395604395606,
        "std": 0.010820688901179055,
        "max": 0.24835164835164836
      },
      "experiment_count": 10
    },
    {
      "parameters": {
        "DROPOUT": 0.5,
        "HIDDEN_CHANNELS": 64,
        "MAX_HOPS": 2,
        "NUM_LAYERS": 2,
        "TEMPERATURE": 0.5
      },
      "final_test_accuracy": {
        "mean": 0.22214912280701754,
        "std": 0.014548252886510519,
        "max": 0.25877192982456143
      },
      "best_test_accuracy": {
        "mean": 0.2208333333333333,
        "std": 0.02142062337026971,
        "max": 0.25877192982456143
      },
      "final_val_accuracy": {
        "mean": 0.21472527472527475,
        "std": 0.020943798032002532,
        "max": 0.24395604395604395
      },
      "best_val_accuracy": {
        "mean": 0.2441758241758242,
        "std": 0.009996980585093768,
        "max": 0.26373626373626374
      },
      "experiment_count": 10
    },
    {
      "parameters": {
        "DROPOUT": 0.5,
        "HIDDEN_CHANNELS": 64,
        "MAX_HOPS": 2,
        "NUM_LAYERS": 1,
        "TEMPERATURE": 0.5
      },
      "final_test_accuracy": {
        "mean": 0.21732456140350878,
        "std": 0.024780701754385962,
        "max": 0.25219298245614036
      },
      "best_test_accuracy": {
        "mean": 0.21447368421052632,
        "std": 0.025305915327634487,
        "max": 0.25219298245614036
      },
      "final_val_accuracy": {
        "mean": 0.22527472527472528,
        "std": 0.017479092000644916,
        "max": 0.24835164835164836
      },
      "best_val_accuracy": {
        "mean": 0.24285714285714288,
        "std": 0.00964281800812321,
        "max": 0.26593406593406593
      },
      "experiment_count": 10
    },
    {
      "parameters": {
        "DROPOUT": 0.5,
        "HIDDEN_CHANNELS": 64,
        "MAX_HOPS": 4,
        "NUM_LAYERS": 2,
        "TEMPERATURE": 0.5
      },
      "final_test_accuracy": {
        "mean": 0.21359649122807017,
        "std": 0.011736042245841795,
        "max": 0.23026315789473684
      },
      "best_test_accuracy": {
        "mean": 0.21425438596491228,
        "std": 0.01824397976823954,
        "max": 0.2412280701754386
      },
      "final_val_accuracy": {
        "mean": 0.2103296703296703,
        "std": 0.01809820384706829,
        "max": 0.24835164835164836
      },
      "best_val_accuracy": {
        "mean": 0.24747252747252743,
        "std": 0.016216146589623486,
        "max": 0.2813186813186813
      },
      "experiment_count": 10
    },
    {
      "parameters": {
        "DROPOUT": 0.5,
        "HIDDEN_CHANNELS": 64,
        "MAX_HOPS": 3,
        "NUM_LAYERS": 2,
        "TEMPERATURE": 0.5
      },
      "final_test_accuracy": {
        "mean": 0.21206140350877192,
        "std": 0.024558466303072058,
        "max": 0.24561403508771928
      },
      "best_test_accuracy": {
        "mean": 0.21732456140350878,
        "std": 0.015458582060155357,
        "max": 0.23684210526315788
      },
      "final_val_accuracy": {
        "mean": 0.21868131868131865,
        "std": 0.020340062683823913,
        "max": 0.25274725274725274
      },
      "best_val_accuracy": {
        "mean": 0.2501098901098901,
        "std": 0.016204227332893853,
        "max": 0.27472527472527475
      },
      "experiment_count": 10
    },
    {
      "parameters": {
        "DROPOUT": 0.5,
        "HIDDEN_CHANNELS": 64,
        "MAX_HOPS": 3,
        "NUM_LAYERS": 1,
        "TEMPERATURE": 0.5
      },
      "final_test_accuracy": {
        "mean": 0.20723684210526314,
        "std": 0.016679646377023176,
        "max": 0.2324561403508772
      },
      "best_test_accuracy": {
        "mean": 0.2293859649122807,
        "std": 0.022815450532701672,
        "max": 0.2719298245614035
      },
      "final_val_accuracy": {
        "mean": 0.21934065934065933,
        "std": 0.022495018166020196,
        "max": 0.26373626373626374
      },
      "best_val_accuracy": {
        "mean": 0.25032967032967035,
        "std": 0.019545617300498065,
        "max": 0.27692307692307694
      },
      "experiment_count": 10
    }
  ],
  "all_combinations": [
    {
      "parameters": {
        "DROPOUT": 0.5,
        "HIDDEN_CHANNELS": 64,
        "MAX_HOPS": 4,
        "NUM_LAYERS": 1,
        "TEMPERATURE": 0.5
      },
      "final_test_accuracy": {
        "mean": 0.22456140350877196,
        "std": 0.01702070869467742,
        "max": 0.25219298245614036
      },
      "best_test_accuracy": {
        "mean": 0.21030701754385964,
        "std": 0.01817531370613462,
        "max": 0.23464912280701755
      },
      "final_val_accuracy": {
        "mean": 0.20901098901098897,
        "std": 0.024324219884435234,
        "max": 0.24615384615384617
      },
      "best_val_accuracy": {
        "mean": 0.23604395604395606,
        "std": 0.010820688901179055,
        "max": 0.24835164835164836
      },
      "experiment_count": 10
    },
    {
      "parameters": {
        "DROPOUT": 0.5,
        "HIDDEN_CHANNELS": 64,
        "MAX_HOPS": 2,
        "NUM_LAYERS": 2,
        "TEMPERATURE": 0.5
      },
      "final_test_accuracy": {
        "mean": 0.22214912280701754,
        "std": 0.014548252886510519,
        "max": 0.25877192982456143
      },
      "best_test_accuracy": {
        "mean": 0.2208333333333333,
        "std": 0.02142062337026971,
        "max": 0.25877192982456143
      },
      "final_val_accuracy": {
        "mean": 0.21472527472527475,
        "std": 0.020943798032002532,
        "max": 0.24395604395604395
      },
      "best_val_accuracy": {
        "mean": 0.2441758241758242,