{
  "experiment_info": {
    "timestamp": "2025-07-07 01:55:41",
    "dataset": "Texas",
    "model": "GAT"
  },
  "total_combinations": 6,
  "total_experiments": 60,
  "best_combination_by_val": {
    "parameters": {
      "DROPOUT": 0.5,
      "HIDDEN_CHANNELS": 64,
      "MAX_HOPS": 4,
      "NUM_LAYERS": 1,
      "TEMPERATURE": 0.5
    },
    "final_test_accuracy": {
      "mean": 0.5184210526315789,
      "std": 0.07066169253735555,
      "max": 0.6052631578947368
    },
    "best_test_accuracy": {
      "mean": 0.5763157894736841,
      "std": 0.08441586806497599,
      "max": 0.7368421052631579
    },
    "final_val_accuracy": {
      "mean": 0.5333333333333334,
      "std": 0.08407081083567532,
      "max": 0.6388888888888888
    },
    "best_val_accuracy": {
      "mean": 0.6861111111111111,
      "std": 0.04976798018658032,
      "max": 0.75
    },
    "experiment_count": 10
  },
  "best_combination_by_test": {
    "parameters": {
      "DROPOUT": 0.5,
      "HIDDEN_CHANNELS": 64,
      "MAX_HOPS": 4,
      "NUM_LAYERS": 1,
      "TEMPERATURE": 0.5
    },
    "final_test_accuracy": {
      "mean": 0.5184210526315789,
      "std": 0.07066169253735555,
      "max": 0.6052631578947368
    },
    "best_test_accuracy": {
      "mean": 0.5763157894736841,
      "std": 0.08441586806497599,
      "max": 0.7368421052631579
    },
    "final_val_accuracy": {
      "mean": 0.5333333333333334,
      "std": 0.08407081083567532,
      "max": 0.6388888888888888
    },
    "best_val_accuracy": {
      "mean": 0.6861111111111111,
      "std": 0.04976798018658032,
      "max": 0.75
    },
    "experiment_count": 10
  },
  "top_10_combinations": [
    {
      "parameters": {
        "DROPOUT": 0.5,
        "HIDDEN_CHANNELS": 64,
        "MAX_HOPS": 4,
        "NUM_LAYERS": 1,
        "TEMPERATURE": 0.5
      },
      "final_test_accuracy": {
        "mean": 0.5184210526315789,
        "std": 0.07066169253735555,
        "max": 0.6052631578947368
      },
      "best_test_accuracy": {
        "mean": 0.5763157894736841,
        "std": 0.08441586806497599,
        "max": 0.7368421052631579
      },
      "final_val_accuracy": {
        "mean": 0.5333333333333334,
        "std": 0.08407081083567532,
        "max": 0.6388888888888888
      },
      "best_val_accuracy": {
        "mean": 0.6861111111111111,
        "std": 0.04976798018658032,
        "max": 0.75
      },
      "experiment_count": 10
    },
    {
      "parameters": {
        "DROPOUT": 0.5,
        "HIDDEN_CHANNELS": 64,
        "MAX_HOPS": 2,
        "NUM_LAYERS": 2,
        "TEMPERATURE": 0.5
      },
      "final_test_accuracy": {
        "mean": 0.5078947368421052,
        "std": 0.05771503210384555,
        "max": 0.631578947368421
      },
      "best_test_accuracy": {
        "mean": 0.5473684210526315,
        "std": 0.07041625347505082,
        "max": 0.6842105263157895
      },
      "final_val_accuracy": {
        "mean": 0.5138888888888888,
        "std": 0.05726535591135641,
        "max": 0.5833333333333334
      },
      "best_val_accuracy": {
        "mean": 0.5916666666666668,
        "std": 0.035246048723470876,
        "max": 0.6388888888888888
      },
      "experiment_count": 10
    },
    {
      "parameters": {
        "DROPOUT": 0.5,
        "HIDDEN_CHANNELS": 64,
        "MAX_HOPS": 2,
        "NUM_LAYERS": 1,
        "TEMPERATURE": 0.5
      },
      "final_test_accuracy": {
        "mean": 0.4921052631578947,
        "std": 0.05000000000000002,
        "max": 0.5789473684210527
      },
      "best_test_accuracy": {
        "mean": 0.5078947368421052,
        "std": 0.10529604749338187,
        "max": 0.7105263157894737
      },
      "final_val_accuracy": {
        "mean": 0.5166666666666667,
        "std": 0.07677930533936252,
        "max": 0.6666666666666666
      },
      "best_val_accuracy": {
        "mean": 0.6472222222222223,
        "std": 0.05833333333333332,
        "max": 0.7222222222222222
      },
      "experiment_count": 10
    },
    {
      "parameters": {
        "DROPOUT": 0.5,
        "HIDDEN_CHANNELS": 64,
        "MAX_HOPS": 3,
        "NUM_LAYERS": 1,
        "TEMPERATURE": 0.5
      },
      "final_test_accuracy": {
        "mean": 0.4842105263157895,
        "std": 0.062496537300199564,
        "max": 0.5526315789473685
      },
      "best_test_accuracy": {
        "mean": 0.5552631578947369,
        "std": 0.07934112332463861,
        "max": 0.6578947368421053
      },
      "final_val_accuracy": {
        "mean": 0.5166666666666667,
        "std": 0.04339027597725921,
        "max": 0.6111111111111112
      },
      "best_val_accuracy": {
        "mean": 0.6527777777777779,
        "std": 0.046894286155928125,
        "max": 0.75
      },
      "experiment_count": 10
    },
    {
      "parameters": {
        "DROPOUT": 0.5,
        "HIDDEN_CHANNELS": 64,
        "MAX_HOPS": 4,
        "NUM_LAYERS": 2,
        "TEMPERATURE": 0.5
      },
      "final_test_accuracy": {
        "mean": 0.47631578947368425,
        "std": 0.06165986586242097,
        "max": 0.5526315789473685
      },
      "best_test_accuracy": {
        "mean": 0.5157894736842106,
        "std": 0.09930506454796424,
        "max": 0.6052631578947368
      },
      "final_val_accuracy": {
        "mean": 0.4694444444444444,
        "std": 0.12072952117833739,
        "max": 0.6666666666666666
      },
      "best_val_accuracy": {
        "mean": 0.5805555555555555,
        "std": 0.06266952318154709,
        "max": 0.6944444444444444
      },
      "experiment_count": 10
    },
    {
      "parameters": {
        "DROPOUT": 0.5,
        "HIDDEN_CHANNELS": 64,
        "MAX_HOPS": 3,
        "NUM_LAYERS": 2,
        "TEMPERATURE": 0.5
      },
      "final_test_accuracy": {
        "mean": 0.4342105263157895,
        "std": 0.11242110191207277,
        "max": 0.631578947368421
      },
      "best_test_accuracy": {
        "mean": 0.5421052631578948,
        "std": 0.0928168004660442,
        "max": 0.6842105263157895
      },
      "final_val_accuracy": {
        "mean": 0.49444444444444446,
        "std": 0.10378634273483,
        "max": 0.6388888888888888
      },
      "best_val_accuracy": {
        "mean": 0.6333333333333334,
        "std": 0.06309898162000303,
        "max": 0.7222222222222222
      },
      "experiment_count": 10
    }
  ],
  "all_combinations": [
    {
      "parameters": {
        "DROPOUT": 0.5,
        "HIDDEN_CHANNELS": 64,
        "MAX_HOPS": 4,
        "NUM_LAYERS": 1,
        "TEMPERATURE": 0.5
      },
      "final_test_accuracy": {
        "mean": 0.5184210526315789,
        "std": 0.07066169253735555,
        "max": 0.6052631578947368
      },
      "best_test_accuracy": {
        "mean": 0.5763157894736841,
        "std": 0.08441586806497599,
        "max": 0.7368421052631579
      },
      "final_val_accuracy": {
        "mean": 0.5333333333333334,
        "std": 0.08407081083567532,
        "max": 0.6388888888888888
      },
      "best_val_accuracy": {
        "mean": 0.6861111111111111,
        "std": 0.04976798018658032,
        "max": 0.75
      },
      "experiment_count": 10
    },
    {
      "parameters": {
        "DROPOUT": 0.5,
        "HIDDEN_CHANNELS": 64,
        "MAX_HOPS": 2,
        "NUM_LAYERS": 2,
        "TEMPERATURE": 0.5
      },
      "final_test_accuracy": {
        "mean": 0.5078947368421052,
        "std": 0.05771503210384555,
        "max": 0.631578947368421
      },
      "best_test_accuracy": {
        "mean": 0.5473684210526315,
        "std": 0.07041625347505082,
        "max": 0.6842105263157895
      },
      "final_val_accuracy": {
        "mean": 0.5138888888888888,
        "std": 0.05726535591135641,
        "max": 0.5833333333333334
      },
      "best_val_accuracy": {
        "mean": 0.5916666666666668,
        "std": 0.035246048723470876,
        "max": 0.6388888888888888
      },
      "experiment_count": 10
    },
    {
      "parameters": {
        "DROPOUT": 0.5,
        "HIDDEN_CHANNELS": 64,