{
  "experiment_info": {
    "timestamp": "2025-07-05 12:22:23",
    "dataset": "Wisconsin",
    "model": "GraphSAGE"
  },
  "total_experiments": 60,
  "final_results": {
    "train": {
      "mean": 1.0,
      "std": 0.0
    },
    "val": {
      "mean": 0.7306666666666666,
      "std": 0.06329472507422891
    },
    "test": {
      "mean": 0.7398692810457514,
      "std": 0.057151247682873656
    }
  },
  "best_results": {
    "val": {
      "mean": 0.7716666666666667,
      "std": 0.06178367278029222
    },
    "test": {
      "mean": 0.7137254901960783,
      "std": 0.05673865206329595
    }
  },
  "early_stopping": {
    "early_stopped_experiments": 60,
    "early_stopping_rate": 1.0,
    "average_stopping_epoch": 91.4,
    "stopping_epoch_std": 30.94252736930195,
    "stopping_epoch_range": [
      51,
      171
    ]
  },
  "feature_modification": {
    "modifications_applied": 1,
    "modification_types": [
      "missingness"
    ]
  }
}