{
  "experiment_info": {
    "timestamp": "2025-07-05 11:32:07",
    "dataset": "Cora",
    "model": "RGCN"
  },
  "total_combinations": 6,
  "total_experiments": 60,
  "best_combination_by_val": {
    "parameters": {
      "DROPOUT": 0.5,
      "HIDDEN_CHANNELS": 64,
      "MAX_HOPS": 4,
      "NUM_LAYERS": 2,
      "TEMPERATURE": 0.5
    },
    "final_test_accuracy": {
      "mean": 0.7850828729281768,
      "std": 0.017530255084953594,
      "max": 0.8268876611418048
    },
    "best_test_accuracy": {
      "mean": 0.8180478821362799,
      "std": 0.015557062307140263,
      "max": 0.850828729281768
    },
    "final_val_accuracy": {
      "mean": 0.800554528650647,
      "std": 0.016250412461423096,
      "max": 0.8299445471349353
    },
    "best_val_accuracy": {
      "mean": 0.8414048059149722,
      "std": 0.01814475592134274,
      "max": 0.8706099815157117
    },
    "experiment_count": 10
  },
  "best_combination_by_test": {
    "parameters": {
      "DROPOUT": 0.5,
      "HIDDEN_CHANNELS": 64,
      "MAX_HOPS": 2,
      "NUM_LAYERS": 2,
      "TEMPERATURE": 0.5
    },
    "final_test_accuracy": {
      "mean": 0.7996316758747698,
      "std": 0.011670703143834161,
      "max": 0.8268876611418048
    },
    "best_test_accuracy": {
      "mean": 0.8357274401473298,
      "std": 0.010476215582561996,
      "max": 0.85451197053407
    },
    "final_val_accuracy": {
      "mean": 0.7829944547134935,
      "std": 0.021511773051351064,
      "max": 0.8170055452865065
    },
    "best_val_accuracy": {
      "mean": 0.8330868761552681,
      "std": 0.01861414644034068,
      "max": 0.8613678373382625
    },
    "experiment_count": 10
  },
  "top_10_combinations": [
    {
      "parameters": {
        "DROPOUT": 0.5,
        "HIDDEN_CHANNELS": 64,
        "MAX_HOPS": 2,
        "NUM_LAYERS": 2,
        "TEMPERATURE": 0.5
      },
      "final_test_accuracy": {
        "mean": 0.7996316758747698,
        "std": 0.011670703143834161,
        "max": 0.8268876611418048
      },
      "best_test_accuracy": {
        "mean": 0.8357274401473298,
        "std": 0.010476215582561996,
        "max": 0.85451197053407
      },
      "final_val_accuracy": {
        "mean": 0.7829944547134935,
        "std": 0.021511773051351064,
        "max": 0.8170055452865065
      },
      "best_val_accuracy": {
        "mean": 0.8330868761552681,
        "std": 0.01861414644034068,
        "max": 0.8613678373382625
      },
      "experiment_count": 10
    },
    {
      "parameters": {
        "DROPOUT": 0.5,
        "HIDDEN_CHANNELS": 64,
        "MAX_HOPS": 3,
        "NUM_LAYERS": 2,
        "TEMPERATURE": 0.5
      },
      "final_test_accuracy": {
        "mean": 0.7878453038674034,
        "std": 0.014843050961038573,
        "max": 0.8195211786372008
      },
      "best_test_accuracy": {
        "mean": 0.8232044198895029,
        "std": 0.012598623481758399,
        "max": 0.8416206261510129
      },
      "final_val_accuracy": {
        "mean": 0.7805914972273568,
        "std": 0.018411130642921762,
        "max": 0.8188539741219963
      },
      "best_val_accuracy": {
        "mean": 0.8260628465804066,
        "std": 0.013442793224086293,
        "max": 0.8502772643253235
      },
      "experiment_count": 10
    },
    {
      "parameters": {
        "DROPOUT": 0.5,
        "HIDDEN_CHANNELS": 64,
        "MAX_HOPS": 4,
        "NUM_LAYERS": 2,
        "TEMPERATURE": 0.5
      },
      "final_test_accuracy": {
        "mean": 0.7850828729281768,
        "std": 0.017530255084953594,
        "max": 0.8268876611418048
      },
      "best_test_accuracy": {
        "mean": 0.8180478821362799,
        "std": 0.015557062307140263,
        "max": 0.850828729281768
      },
      "final_val_accuracy": {
        "mean": 0.800554528650647,
        "std": 0.016250412461423096,
        "max": 0.8299445471349353
      },
      "best_val_accuracy": {
        "mean": 0.8414048059149722,
        "std": 0.01814475592134274,
        "max": 0.8706099815157117
      },
      "experiment_count": 10
    },
    {
      "parameters": {
        "DROPOUT": 0.5,
        "HIDDEN_CHANNELS": 64,
        "MAX_HOPS": 4,
        "NUM_LAYERS": 1,
        "TEMPERATURE": 0.5
      },
      "final_test_accuracy": {
        "mean": 0.6836095764272561,
        "std": 0.016529506940933233,
        "max": 0.7108655616942909
      },
      "best_test_accuracy": {
        "mean": 0.7,
        "std": 0.019217379621688676,
        "max": 0.7292817679558011
      },
      "final_val_accuracy": {
        "mean": 0.67818853974122,
        "std": 0.012521655862802192,
        "max": 0.7060998151571165
      },
      "best_val_accuracy": {
        "mean": 0.712199630314233,
        "std": 0.013508714521695716,
        "max": 0.7338262476894639
      },
      "experiment_count": 10
    },
    {
      "parameters": {
        "DROPOUT": 0.5,
        "HIDDEN_CHANNELS": 64,
        "MAX_HOPS": 3,
        "NUM_LAYERS": 1,
        "TEMPERATURE": 0.5
      },
      "final_test_accuracy": {
        "mean": 0.6777163904235728,
        "std": 0.017664204505755874,
        "max": 0.6998158379373849
      },
      "best_test_accuracy": {
        "mean": 0.6935543278084714,
        "std": 0.027143763798000303,
        "max": 0.7458563535911602
      },
      "final_val_accuracy": {
        "mean": 0.6824399260628466,
        "std": 0.014241301504072627,
        "max": 0.7134935304990758
      },
      "best_val_accuracy": {
        "mean": 0.7112754158964879,
        "std": 0.019697695829585547,
        "max": 0.7375231053604436
      },
      "experiment_count": 10
    },
    {
      "parameters": {
        "DROPOUT": 0.5,
        "HIDDEN_CHANNELS": 64,
        "MAX_HOPS": 2,
        "NUM_LAYERS": 1,
        "TEMPERATURE": 0.5
      },
      "final_test_accuracy": {
        "mean": 0.6675874769797423,
        "std": 0.01666132409308809,
        "max": 0.6961325966850829
      },
      "best_test_accuracy": {
        "mean": 0.6922651933701658,
        "std": 0.026680627787240025,
        "max": 0.7532228360957642
      },
      "final_val_accuracy": {
        "mean": 0.6767097966728282,
        "std": 0.013818782766407139,
        "max": 0.6950092421441775
      },
      "best_val_accuracy": {
        "mean": 0.7134935304990759,
        "std": 0.014993936998649348,
        "max": 0.7430683918669131
      },
      "experiment_count": 10
    }
  ],
  "all_combinations": [
    {
      "parameters": {
        "DROPOUT": 0.5,
        "HIDDEN_CHANNELS": 64,
        "MAX_HOPS": 2,
        "NUM_LAYERS": 2,
        "TEMPERATURE": 0.5
      },
      "final_test_accuracy": {
        "mean": 0.7996316758747698,
        "std": 0.011670703143834161,
        "max": 0.8268876611418048
      },
      "best_test_accuracy": {
        "mean": 0.8357274401473298,
        "std": 0.010476215582561996,
        "max": 0.85451197053407
      },
      "final_val_accuracy": {
        "mean": 0.7829944547134935,
        "std": 0.021511773051351064,
        "max": 0.8170055452865065
      },
      "best_val_accuracy": {
        "mean": 0.8330868761552681,
        "std": 0.01861414644034068,
        "max": 0.8613678373382625
      },
      "experiment_count": 10
    },
    {
      "parameters": {
        "DROPOUT": 0.5,
        "HIDDEN_CHANNELS": 64,
        "MAX_HOPS": 3,
        "NUM_LAYERS": 2,
        "TEMPERATURE": 0.5
      },
      "final_test_accuracy": {
        "mean": 0.7878453038674034,
        "std": 0.014843050961038573,
        "max": 0.8195211786372008
      },
      "best_test_accuracy": {
        "mean": 0.8232044198895029,
        "std": 0.012598623481758399,
        "max": 0.8416206261510129
      },
      "final_val_accuracy": {
        "mean": 0.7805914972273568,
        "std": 0.018411130642921762,
        "max": 0.8188539741219963
      },
      "best_val_accuracy": {
        "mean": 0.8260628465804066,
        "std": 0.013442793224086293,
        "max": 0.8502772643253235
      },