{
  "experiment_info": {
    "timestamp": "2025-07-05 12:07:56",
    "dataset": "Cornell",
    "model": "GAT"
  },
  "total_experiments": 60,
  "final_results": {
    "train": {
      "mean": 0.9307339449541285,
      "std": 0.044392832352016146
    },
    "val": {
      "mean": 0.4069444444444444,
      "std": 0.0811163430580491
    },
    "test": {
      "mean": 0.41447368421052627,
      "std": 0.0734370855914517
    }
  },
  "best_results": {
    "val": {
      "mean": 0.5115740740740741,
      "std": 0.07612186776291475
    },
    "test": {
      "mean": 0.4206140350877193,
      "std": 0.0702014754330003
    }
  },
  "early_stopping": {
    "early_stopped_experiments": 60,
    "early_stopping_rate": 1.0,
    "average_stopping_epoch": 68.46666666666667,
    "stopping_epoch_std": 16.362015632419972,
    "stopping_epoch_range": [
      50,
      109
    ]
  },
  "feature_modification": {
    "modifications_applied": 1,
    "modification_types": [
      "missingness"
    ]
  }
}