{
  "experiment_info": {
    "timestamp": "2025-07-03 17:07:35",
    "dataset": "Wisconsin",
    "model": "RobustH2GCN"
  },
  "total_combinations": 9,
  "total_experiments": 90,
  "best_combination_by_val": {
    "parameters": {
      "DROPOUT": 0.5,
      "HIDDEN_CHANNELS": 64,
      "MAX_HOPS": 3,
      "NUM_LAYERS": 1,
      "TEMPERATURE": 0.5
    },
    "final_test_accuracy": {
      "mean": 0.8392156862745098,
      "std": 0.04866538684702298,
      "max": 0.9019607843137255
    },
    "best_test_accuracy": {
      "mean": 0.815686274509804,
      "std": 0.04898037645802665,
      "max": 0.8823529411764706
    },
    "final_val_accuracy": {
      "mean": 0.8780000000000001,
      "std": 0.045999999999999985,
      "max": 0.94
    },
    "best_val_accuracy": {
      "mean": 0.9099999999999999,
      "std": 0.028635642126552698,
      "max": 0.94
    },
    "experiment_count": 10
  },
  "best_combination_by_test": {
    "parameters": {
      "DROPOUT": 0.5,
      "HIDDEN_CHANNELS": 64,
      "MAX_HOPS": 4,
      "NUM_LAYERS": 1,
      "TEMPERATURE": 0.5
    },
    "final_test_accuracy": {
      "mean": 0.8882352941176471,
      "std": 0.05041160836149977,
      "max": 0.9411764705882353
    },
    "best_test_accuracy": {
      "mean": 0.8509803921568627,
      "std": 0.05419715671013826,
      "max": 0.9411764705882353
    },
    "final_val_accuracy": {
      "mean": 0.842,
      "std": 0.03944616584663203,
      "max": 0.94
    },
    "best_val_accuracy": {
      "mean": 0.868,
      "std": 0.0530659966456864,
      "max": 0.98
    },
    "experiment_count": 10
  },
  "top_10_combinations": [
    {
      "parameters": {
        "DROPOUT": 0.5,
        "HIDDEN_CHANNELS": 64,
        "MAX_HOPS": 4,
        "NUM_LAYERS": 1,
        "TEMPERATURE": 0.5
      },
      "final_test_accuracy": {
        "mean": 0.8882352941176471,
        "std": 0.05041160836149977,
        "max": 0.9411764705882353
      },
      "best_test_accuracy": {
        "mean": 0.8509803921568627,
        "std": 0.05419715671013826,
        "max": 0.9411764705882353
      },
      "final_val_accuracy": {
        "mean": 0.842,
        "std": 0.03944616584663203,
        "max": 0.94
      },
      "best_val_accuracy": {
        "mean": 0.868,
        "std": 0.0530659966456864,
        "max": 0.98
      },
      "experiment_count": 10
    },
    {
      "parameters": {
        "DROPOUT": 0.5,
        "HIDDEN_CHANNELS": 64,
        "MAX_HOPS": 2,
        "NUM_LAYERS": 1,
        "TEMPERATURE": 0.5
      },
      "final_test_accuracy": {
        "mean": 0.8725490196078433,
        "std": 0.043181795187343594,
        "max": 0.9215686274509803
      },
      "best_test_accuracy": {
        "mean": 0.8490196078431372,
        "std": 0.04644203640128239,
        "max": 0.9411764705882353
      },
      "final_val_accuracy": {
        "mean": 0.8320000000000001,
        "std": 0.04749736834815167,
        "max": 0.92
      },
      "best_val_accuracy": {
        "mean": 0.868,
        "std": 0.05075431016179808,
        "max": 0.94
      },
      "experiment_count": 10
    },
    {
      "parameters": {
        "DROPOUT": 0.5,
        "HIDDEN_CHANNELS": 64,
        "MAX_HOPS": 3,
        "NUM_LAYERS": 1,
        "TEMPERATURE": 2.0
      },
      "final_test_accuracy": {
        "mean": 0.8686274509803923,
        "std": 0.03926467528333487,
        "max": 0.9215686274509803
      },
      "best_test_accuracy": {
        "mean": 0.8450980392156863,
        "std": 0.049951918442576446,
        "max": 0.9019607843137255
      },
      "final_val_accuracy": {
        "mean": 0.8480000000000001,
        "std": 0.0699714227381436,
        "max": 0.96
      },
      "best_val_accuracy": {
        "mean": 0.8780000000000001,
        "std": 0.06289674077406554,
        "max": 0.98
      },
      "experiment_count": 10
    },
    {
      "parameters": {
        "DROPOUT": 0.5,
        "HIDDEN_CHANNELS": 64,
        "MAX_HOPS": 4,
        "NUM_LAYERS": 1,
        "TEMPERATURE": 1.0
      },
      "final_test_accuracy": {
        "mean": 0.8647058823529411,
        "std": 0.05071575355442181,
        "max": 0.9411764705882353
      },
      "best_test_accuracy": {
        "mean": 0.8431372549019608,
        "std": 0.058823529411764705,
        "max": 0.9803921568627451
      },
      "final_val_accuracy": {
        "mean": 0.868,
        "std": 0.04578209256903838,
        "max": 0.94
      },
      "best_val_accuracy": {
        "mean": 0.9019999999999999,
        "std": 0.050159744815937796,
        "max": 0.98
      },
      "experiment_count": 10
    },
    {
      "parameters": {
        "DROPOUT": 0.5,
        "HIDDEN_CHANNELS": 64,
        "MAX_HOPS": 4,
        "NUM_LAYERS": 1,
        "TEMPERATURE": 2.0
      },
      "final_test_accuracy": {
        "mean": 0.8627450980392156,
        "std": 0.04722193952467567,
        "max": 0.9607843137254902
      },
      "best_test_accuracy": {
        "mean": 0.8392156862745098,
        "std": 0.0560112033611204,
        "max": 0.9411764705882353
      },
      "final_val_accuracy": {
        "mean": 0.8779999999999999,
        "std": 0.03155946767611903,
        "max": 0.92
      },
      "best_val_accuracy": {
        "mean": 0.8939999999999998,
        "std": 0.03352610922848041,
        "max": 0.94
      },
      "experiment_count": 10
    },
    {
      "parameters": {
        "DROPOUT": 0.5,
        "HIDDEN_CHANNELS": 64,
        "MAX_HOPS": 3,
        "NUM_LAYERS": 1,
        "TEMPERATURE": 1.0
      },
      "final_test_accuracy": {
        "mean": 0.8568627450980392,
        "std": 0.023283023700074335,
        "max": 0.8823529411764706
      },
      "best_test_accuracy": {
        "mean": 0.8470588235294118,
        "std": 0.03594177015651641,
        "max": 0.9019607843137255
      },
      "final_val_accuracy": {
        "mean": 0.8640000000000001,
        "std": 0.04882622246293482,
        "max": 0.94
      },
      "best_val_accuracy": {
        "mean": 0.8880000000000001,
        "std": 0.03600000000000001,
        "max": 0.96
      },
      "experiment_count": 10
    },
    {
      "parameters": {
        "DROPOUT": 0.5,
        "HIDDEN_CHANNELS": 64,
        "MAX_HOPS": 2,
        "NUM_LAYERS": 1,
        "TEMPERATURE": 1.0
      },
      "final_test_accuracy": {
        "mean": 0.8509803921568627,
        "std": 0.034187442694436666,
        "max": 0.9019607843137255
      },
      "best_test_accuracy": {
        "mean": 0.8333333333333333,
        "std": 0.05279573340327945,
        "max": 0.9215686274509803
      },
      "final_val_accuracy": {
        "mean": 0.8779999999999999,
        "std": 0.027495454169735065,
        "max": 0.9
      },
      "best_val_accuracy": {
        "mean": 0.8939999999999999,
        "std": 0.018000000000000016,
        "max": 0.92
      },
      "experiment_count": 10
    },
    {
      "parameters": {
        "DROPOUT": 0.5,
        "HIDDEN_CHANNELS": 64,
        "MAX_HOPS": 3,
        "NUM_LAYERS": 1,
        "TEMPERATURE": 0.5
      },
      "final_test_accuracy": {
        "mean": 0.8392156862745098,
        "std": 0.04866538684702298,
        "max": 0.9019607843137255
      },
      "best_test_accuracy": {
        "mean": 0.815686274509804,
        "std": 0.04898037645802665,
        "max": 0.8823529411764706
      },
      "final_val_accuracy": {
        "mean": 0.8780000000000001,
        "std": 0.045999999999999985,
        "max": 0.94
      },
      "best_val_accuracy": {
        "mean": 0.9099999999999999,
        "std": 0.028635642126552698,
        "max": 0.94
      },
      "experiment_count": 10
    },
    {
      "parameters": {
        "DROPOUT": 0.5,
        "HIDDEN_CHANNELS": 64,
        "MAX_HOPS": 2,
        "NUM_LAYERS": 1,
        "TEMPERATURE": 2.0
      },
      "final_test_accuracy": {
        "mean": 0.8294117647058823,
        "std": 0.03401833641744603,
        "max": 0.9019607843137255
      },
      "best_test_accuracy": {
        "mean": 0.8196078431372549,