{
  "experiment_info": {
    "timestamp": "2025-07-07 01:57:53",
    "dataset": "Wisconsin",
    "model": "MLP"
  },
  "total_combinations": 6,
  "total_experiments": 60,
  "best_combination_by_val": {
    "parameters": {
      "DROPOUT": 0.5,
      "HIDDEN_CHANNELS": 64,
      "MAX_HOPS": 3,
      "NUM_LAYERS": 2,
      "TEMPERATURE": 0.5
    },
    "final_test_accuracy": {
      "mean": 0.696078431372549,
      "std": 0.03191925607078373,
      "max": 0.7450980392156863
    },
    "best_test_accuracy": {
      "mean": 0.6705882352941177,
      "std": 0.04866538684702298,
      "max": 0.7450980392156863
    },
    "final_val_accuracy": {
      "mean": 0.738,
      "std": 0.05173006862551024,
      "max": 0.84
    },
    "best_val_accuracy": {
      "mean": 0.7839999999999999,
      "std": 0.05043808085167397,
      "max": 0.9
    },
    "experiment_count": 10
  },
  "best_combination_by_test": {
    "parameters": {
      "DROPOUT": 0.5,
      "HIDDEN_CHANNELS": 64,
      "MAX_HOPS": 4,
      "NUM_LAYERS": 2,
      "TEMPERATURE": 0.5
    },
    "final_test_accuracy": {
      "mean": 0.7352941176470588,
      "std": 0.07904174263037794,
      "max": 0.8627450980392157
    },
    "best_test_accuracy": {
      "mean": 0.7274509803921568,
      "std": 0.07412179675072862,
      "max": 0.8235294117647058
    },
    "final_val_accuracy": {
      "mean": 0.6900000000000001,
      "std": 0.06648308055437867,
      "max": 0.8
    },
    "best_val_accuracy": {
      "mean": 0.724,
      "std": 0.06974238309665079,
      "max": 0.82
    },
    "experiment_count": 10
  },
  "top_10_combinations": [
    {
      "parameters": {
        "DROPOUT": 0.5,
        "HIDDEN_CHANNELS": 64,
        "MAX_HOPS": 4,
        "NUM_LAYERS": 2,
        "TEMPERATURE": 0.5
      },
      "final_test_accuracy": {
        "mean": 0.7352941176470588,
        "std": 0.07904174263037794,
        "max": 0.8627450980392157
      },
      "best_test_accuracy": {
        "mean": 0.7274509803921568,
        "std": 0.07412179675072862,
        "max": 0.8235294117647058
      },
      "final_val_accuracy": {
        "mean": 0.6900000000000001,
        "std": 0.06648308055437867,
        "max": 0.8
      },
      "best_val_accuracy": {
        "mean": 0.724,
        "std": 0.06974238309665079,
        "max": 0.82
      },
      "experiment_count": 10
    },
    {
      "parameters": {
        "DROPOUT": 0.5,
        "HIDDEN_CHANNELS": 64,
        "MAX_HOPS": 2,
        "NUM_LAYERS": 2,
        "TEMPERATURE": 0.5
      },
      "final_test_accuracy": {
        "mean": 0.7254901960784313,
        "std": 0.06323339410430234,
        "max": 0.8235294117647058
      },
      "best_test_accuracy": {
        "mean": 0.7313725490196079,
        "std": 0.05264988855724531,
        "max": 0.8627450980392157
      },
      "final_val_accuracy": {
        "mean": 0.736,
        "std": 0.061838499334961224,
        "max": 0.82
      },
      "best_val_accuracy": {
        "mean": 0.768,
        "std": 0.06337191807101944,
        "max": 0.84
      },
      "experiment_count": 10
    },
    {
      "parameters": {
        "DROPOUT": 0.5,
        "HIDDEN_CHANNELS": 64,
        "MAX_HOPS": 2,
        "NUM_LAYERS": 1,
        "TEMPERATURE": 0.5
      },
      "final_test_accuracy": {
        "mean": 0.7215686274509804,
        "std": 0.06608744920138321,
        "max": 0.8235294117647058
      },
      "best_test_accuracy": {
        "mean": 0.6901960784313724,
        "std": 0.07583952786593613,
        "max": 0.8235294117647058
      },
      "final_val_accuracy": {
        "mean": 0.736,
        "std": 0.06681317235396027,
        "max": 0.86
      },
      "best_val_accuracy": {
        "mean": 0.766,
        "std": 0.05063595560468864,
        "max": 0.86
      },
      "experiment_count": 10
    },
    {
      "parameters": {
        "DROPOUT": 0.5,
        "HIDDEN_CHANNELS": 64,
        "MAX_HOPS": 4,
        "NUM_LAYERS": 1,
        "TEMPERATURE": 0.5
      },
      "final_test_accuracy": {
        "mean": 0.7039215686274509,
        "std": 0.04838808893824733,
        "max": 0.7843137254901961
      },
      "best_test_accuracy": {
        "mean": 0.692156862745098,
        "std": 0.04644203640128239,
        "max": 0.7647058823529411
      },
      "final_val_accuracy": {
        "mean": 0.742,
        "std": 0.06289674077406557,
        "max": 0.8
      },
      "best_val_accuracy": {
        "mean": 0.768,
        "std": 0.05946427498927402,
        "max": 0.84
      },
      "experiment_count": 10
    },
    {
      "parameters": {
        "DROPOUT": 0.5,
        "HIDDEN_CHANNELS": 64,
        "MAX_HOPS": 3,
        "NUM_LAYERS": 1,
        "TEMPERATURE": 0.5
      },
      "final_test_accuracy": {
        "mean": 0.7019607843137254,
        "std": 0.0683748853888733,
        "max": 0.803921568627451
      },
      "best_test_accuracy": {
        "mean": 0.6941176470588235,
        "std": 0.05202548690753568,
        "max": 0.803921568627451
      },
      "final_val_accuracy": {
        "mean": 0.732,
        "std": 0.084,
        "max": 0.84
      },
      "best_val_accuracy": {
        "mean": 0.768,
        "std": 0.07332121111929342,
        "max": 0.86
      },
      "experiment_count": 10
    },
    {
      "parameters": {
        "DROPOUT": 0.5,
        "HIDDEN_CHANNELS": 64,
        "MAX_HOPS": 3,
        "NUM_LAYERS": 2,
        "TEMPERATURE": 0.5
      },
      "final_test_accuracy": {
        "mean": 0.696078431372549,
        "std": 0.03191925607078373,
        "max": 0.7450980392156863
      },
      "best_test_accuracy": {
        "mean": 0.6705882352941177,
        "std": 0.04866538684702298,
        "max": 0.7450980392156863
      },
      "final_val_accuracy": {
        "mean": 0.738,
        "std": 0.05173006862551024,
        "max": 0.84
      },
      "best_val_accuracy": {
        "mean": 0.7839999999999999,
        "std": 0.05043808085167397,
        "max": 0.9
      },
      "experiment_count": 10
    }
  ],
  "all_combinations": [
    {
      "parameters": {
        "DROPOUT": 0.5,
        "HIDDEN_CHANNELS": 64,
        "MAX_HOPS": 4,
        "NUM_LAYERS": 2,
        "TEMPERATURE": 0.5
      },
      "final_test_accuracy": {
        "mean": 0.7352941176470588,
        "std": 0.07904174263037794,
        "max": 0.8627450980392157
      },
      "best_test_accuracy": {
        "mean": 0.7274509803921568,
        "std": 0.07412179675072862,
        "max": 0.8235294117647058
      },
      "final_val_accuracy": {
        "mean": 0.6900000000000001,
        "std": 0.06648308055437867,
        "max": 0.8
      },
      "best_val_accuracy": {
        "mean": 0.724,
        "std": 0.06974238309665079,
        "max": 0.82
      },
      "experiment_count": 10
    },
    {
      "parameters": {
        "DROPOUT": 0.5,
        "HIDDEN_CHANNELS": 64,
        "MAX_HOPS": 2,
        "NUM_LAYERS": 2,
        "TEMPERATURE": 0.5
      },
      "final_test_accuracy": {
        "mean": 0.7254901960784313,
        "std": 0.06323339410430234,
        "max": 0.8235294117647058
      },
      "best_test_accuracy": {
        "mean": 0.7313725490196079,
        "std": 0.05264988855724531,
        "max": 0.8627450980392157
      },
      "final_val_accuracy": {
        "mean": 0.736,
        "std": 0.061838499334961224,
        "max": 0.82
      },
      "best_val_accuracy": {
        "mean": 0.768,
        "std": 0.06337191807101944,
        "max": 0.84
      },
      "experiment_count": 10
    },
    {
      "parameters": {
        "DROPOUT": 0.5,
        "HIDDEN_CHANNELS": 64,
        "MAX_HOPS": 2,
        "NUM_LAYERS": 1,
        "TEMPERATURE": 0.5
      },
      "final_test_accuracy": {
        "mean": 0.7215686274509804,
        "std": 0.06608744920138321,
        "max": 0.8235294117647058
      },
      "best_test_accuracy": {
        "mean": 0.6901960784313724,
        "std": 0.07583952786593613,
        "max": 0.8235294117647058
      },