{
  "experiment_info": {
    "timestamp": "2025-07-05 12:08:40",
    "dataset": "Cornell",
    "model": "H2GCN"
  },
  "total_combinations": 6,
  "total_experiments": 60,
  "best_combination_by_val": {
    "parameters": {
      "DROPOUT": 0.5,
      "HIDDEN_CHANNELS": 64,
      "MAX_HOPS": 3,
      "NUM_LAYERS": 1,
      "TEMPERATURE": 0.5
    },
    "final_test_accuracy": {
      "mean": 0.6763157894736842,
      "std": 0.05000000000000002,
      "max": 0.7631578947368421
    },
    "best_test_accuracy": {
      "mean": 0.6736842105263159,
      "std": 0.05789473684210526,
      "max": 0.7631578947368421
    },
    "final_val_accuracy": {
      "mean": 0.6666666666666666,
      "std": 0.08958064164776167,
      "max": 0.8055555555555556
    },
    "best_val_accuracy": {
      "mean": 0.7277777777777777,
      "std": 0.07432826755699808,
      "max": 0.8055555555555556
    },
    "experiment_count": 10
  },
  "best_combination_by_test": {
    "parameters": {
      "DROPOUT": 0.5,
      "HIDDEN_CHANNELS": 64,
      "MAX_HOPS": 3,
      "NUM_LAYERS": 1,
      "TEMPERATURE": 0.5
    },
    "final_test_accuracy": {
      "mean": 0.6763157894736842,
      "std": 0.05000000000000002,
      "max": 0.7631578947368421
    },
    "best_test_accuracy": {
      "mean": 0.6736842105263159,
      "std": 0.05789473684210526,
      "max": 0.7631578947368421
    },
    "final_val_accuracy": {
      "mean": 0.6666666666666666,
      "std": 0.08958064164776167,
      "max": 0.8055555555555556
    },
    "best_val_accuracy": {
      "mean": 0.7277777777777777,
      "std": 0.07432826755699808,
      "max": 0.8055555555555556
    },
    "experiment_count": 10
  },
  "top_10_combinations": [
    {
      "parameters": {
        "DROPOUT": 0.5,
        "HIDDEN_CHANNELS": 64,
        "MAX_HOPS": 3,
        "NUM_LAYERS": 1,
        "TEMPERATURE": 0.5
      },
      "final_test_accuracy": {
        "mean": 0.6763157894736842,
        "std": 0.05000000000000002,
        "max": 0.7631578947368421
      },
      "best_test_accuracy": {
        "mean": 0.6736842105263159,
        "std": 0.05789473684210526,
        "max": 0.7631578947368421
      },
      "final_val_accuracy": {
        "mean": 0.6666666666666666,
        "std": 0.08958064164776167,
        "max": 0.8055555555555556
      },
      "best_val_accuracy": {
        "mean": 0.7277777777777777,
        "std": 0.07432826755699808,
        "max": 0.8055555555555556
      },
      "experiment_count": 10
    },
    {
      "parameters": {
        "DROPOUT": 0.5,
        "HIDDEN_CHANNELS": 64,
        "MAX_HOPS": 2,
        "NUM_LAYERS": 2,
        "TEMPERATURE": 0.5
      },
      "final_test_accuracy": {
        "mean": 0.6710526315789473,
        "std": 0.07373118803222052,
        "max": 0.7368421052631579
      },
      "best_test_accuracy": {
        "mean": 0.6736842105263158,
        "std": 0.07824246709115003,
        "max": 0.7368421052631579
      },
      "final_val_accuracy": {
        "mean": 0.6361111111111111,
        "std": 0.06015668841029919,
        "max": 0.7222222222222222
      },
      "best_val_accuracy": {
        "mean": 0.7083333333333333,
        "std": 0.057265355911356425,
        "max": 0.8333333333333334
      },
      "experiment_count": 10
    },
    {
      "parameters": {
        "DROPOUT": 0.5,
        "HIDDEN_CHANNELS": 64,
        "MAX_HOPS": 3,
        "NUM_LAYERS": 2,
        "TEMPERATURE": 0.5
      },
      "final_test_accuracy": {
        "mean": 0.6605263157894736,
        "std": 0.06494190883817402,
        "max": 0.7894736842105263
      },
      "best_test_accuracy": {
        "mean": 0.6473684210526317,
        "std": 0.05668594533825794,
        "max": 0.7105263157894737
      },
      "final_val_accuracy": {
        "mean": 0.6277777777777778,
        "std": 0.0767793053393625,
        "max": 0.7222222222222222
      },
      "best_val_accuracy": {
        "mean": 0.6833333333333333,
        "std": 0.058531409738070764,
        "max": 0.75
      },
      "experiment_count": 10
    },
    {
      "parameters": {
        "DROPOUT": 0.5,
        "HIDDEN_CHANNELS": 64,
        "MAX_HOPS": 2,
        "NUM_LAYERS": 1,
        "TEMPERATURE": 0.5
      },
      "final_test_accuracy": {
        "mean": 0.6578947368421053,
        "std": 0.07894736842105261,
        "max": 0.7894736842105263
      },
      "best_test_accuracy": {
        "mean": 0.6447368421052632,
        "std": 0.07739705878869864,
        "max": 0.7631578947368421
      },
      "final_val_accuracy": {
        "mean": 0.6694444444444444,
        "std": 0.0799787780493776,
        "max": 0.7777777777777778
      },
      "best_val_accuracy": {
        "mean": 0.6944444444444444,
        "std": 0.07657804862272347,
        "max": 0.8333333333333334
      },
      "experiment_count": 10
    },
    {
      "parameters": {
        "DROPOUT": 0.5,
        "HIDDEN_CHANNELS": 64,
        "MAX_HOPS": 4,
        "NUM_LAYERS": 1,
        "TEMPERATURE": 0.5
      },
      "final_test_accuracy": {
        "mean": 0.644736842105263,
        "std": 0.06786208925382961,
        "max": 0.7368421052631579
      },
      "best_test_accuracy": {
        "mean": 0.6473684210526315,
        "std": 0.062496537300199564,
        "max": 0.7368421052631579
      },
      "final_val_accuracy": {
        "mean": 0.6444444444444445,
        "std": 0.052411006289203345,
        "max": 0.75
      },
      "best_val_accuracy": {
        "mean": 0.7027777777777777,
        "std": 0.04976798018658033,
        "max": 0.7777777777777778
      },
      "experiment_count": 10
    },
    {
      "parameters": {
        "DROPOUT": 0.5,
        "HIDDEN_CHANNELS": 64,
        "MAX_HOPS": 4,
        "NUM_LAYERS": 2,
        "TEMPERATURE": 0.5
      },
      "final_test_accuracy": {
        "mean": 0.6421052631578947,
        "std": 0.03157894736842107,
        "max": 0.7105263157894737
      },
      "best_test_accuracy": {
        "mean": 0.6157894736842107,
        "std": 0.03938586722919937,
        "max": 0.6578947368421053
      },
      "final_val_accuracy": {
        "mean": 0.6305555555555556,
        "std": 0.08962369891612043,
        "max": 0.7777777777777778
      },
      "best_val_accuracy": {
        "mean": 0.6916666666666667,
        "std": 0.056177078933768575,
        "max": 0.7777777777777778
      },
      "experiment_count": 10
    }
  ],
  "all_combinations": [
    {
      "parameters": {
        "DROPOUT": 0.5,
        "HIDDEN_CHANNELS": 64,
        "MAX_HOPS": 3,
        "NUM_LAYERS": 1,
        "TEMPERATURE": 0.5
      },
      "final_test_accuracy": {
        "mean": 0.6763157894736842,
        "std": 0.05000000000000002,
        "max": 0.7631578947368421
      },
      "best_test_accuracy": {
        "mean": 0.6736842105263159,
        "std": 0.05789473684210526,
        "max": 0.7631578947368421
      },
      "final_val_accuracy": {
        "mean": 0.6666666666666666,
        "std": 0.08958064164776167,
        "max": 0.8055555555555556
      },
      "best_val_accuracy": {
        "mean": 0.7277777777777777,
        "std": 0.07432826755699808,
        "max": 0.8055555555555556
      },
      "experiment_count": 10
    },
    {
      "parameters": {
        "DROPOUT": 0.5,
        "HIDDEN_CHANNELS": 64,
        "MAX_HOPS": 2,
        "NUM_LAYERS": 2,
        "TEMPERATURE": 0.5
      },
      "final_test_accuracy": {
        "mean": 0.6710526315789473,
        "std": 0.07373118803222052,
        "max": 0.7368421052631579
      },
      "best_test_accuracy": {
        "mean": 0.6736842105263158,
        "std": 0.07824246709115003,
        "max": 0.7368421052631579
      },
      "final_val_accuracy": {
        "mean": 0.6361111111111111,
        "std": 0.06015668841029919,
        "max": 0.7222222222222222
      },
      "best_val_accuracy": {
        "mean": 0.7083333333333333,
        "std": 0.057265355911356425,
        "max": 0.8333333333333334
      },