{
  "experiment_info": {
    "timestamp": "2025-07-05 20:58:03",
    "dataset": "Chameleon",
    "model": "H2GCN"
  },
  "total_combinations": 6,
  "total_experiments": 60,
  "best_combination_by_val": {
    "parameters": {
      "DROPOUT": 0.5,
      "HIDDEN_CHANNELS": 64,
      "MAX_HOPS": 2,
      "NUM_LAYERS": 1,
      "TEMPERATURE": 0.5
    },
    "final_test_accuracy": {
      "mean": 0.2245614035087719,
      "std": 0.020103801116431296,
      "max": 0.2412280701754386
    },
    "best_test_accuracy": {
      "mean": 0.22543859649122808,
      "std": 0.026054994281191478,
      "max": 0.26096491228070173
    },
    "final_val_accuracy": {
      "mean": 0.22417582417582418,
      "std": 0.019360629051028783,
      "max": 0.25274725274725274
    },
    "best_val_accuracy": {
      "mean": 0.23186813186813188,
      "std": 0.01981072129375818,
      "max": 0.25934065934065936
    },
    "experiment_count": 10
  },
  "best_combination_by_test": {
    "parameters": {
      "DROPOUT": 0.5,
      "HIDDEN_CHANNELS": 64,
      "MAX_HOPS": 2,
      "NUM_LAYERS": 2,
      "TEMPERATURE": 0.5
    },
    "final_test_accuracy": {
      "mean": 0.23903508771929824,
      "std": 0.02061870047990028,
      "max": 0.2675438596491228
    },
    "best_test_accuracy": {
      "mean": 0.23903508771929824,
      "std": 0.02061870047990028,
      "max": 0.2675438596491228
    },
    "final_val_accuracy": {
      "mean": 0.22527472527472528,
      "std": 0.01293719793649357,
      "max": 0.2549450549450549
    },
    "best_val_accuracy": {
      "mean": 0.22527472527472528,
      "std": 0.01293719793649357,
      "max": 0.2549450549450549
    },
    "experiment_count": 10
  },
  "top_10_combinations": [
    {
      "parameters": {
        "DROPOUT": 0.5,
        "HIDDEN_CHANNELS": 64,
        "MAX_HOPS": 2,
        "NUM_LAYERS": 2,
        "TEMPERATURE": 0.5
      },
      "final_test_accuracy": {
        "mean": 0.23903508771929824,
        "std": 0.02061870047990028,
        "max": 0.2675438596491228
      },
      "best_test_accuracy": {
        "mean": 0.23903508771929824,
        "std": 0.02061870047990028,
        "max": 0.2675438596491228
      },
      "final_val_accuracy": {
        "mean": 0.22527472527472528,
        "std": 0.01293719793649357,
        "max": 0.2549450549450549
      },
      "best_val_accuracy": {
        "mean": 0.22527472527472528,
        "std": 0.01293719793649357,
        "max": 0.2549450549450549
      },
      "experiment_count": 10
    },
    {
      "parameters": {
        "DROPOUT": 0.5,
        "HIDDEN_CHANNELS": 64,
        "MAX_HOPS": 4,
        "NUM_LAYERS": 1,
        "TEMPERATURE": 0.5
      },
      "final_test_accuracy": {
        "mean": 0.23267543859649123,
        "std": 0.014725677161578557,
        "max": 0.25877192982456143
      },
      "best_test_accuracy": {
        "mean": 0.23267543859649123,
        "std": 0.014725677161578557,
        "max": 0.25877192982456143
      },
      "final_val_accuracy": {
        "mean": 0.22945054945054943,
        "std": 0.01694447056474408,
        "max": 0.25934065934065936
      },
      "best_val_accuracy": {
        "mean": 0.22945054945054943,
        "std": 0.01694447056474408,
        "max": 0.25934065934065936
      },
      "experiment_count": 10
    },
    {
      "parameters": {
        "DROPOUT": 0.5,
        "HIDDEN_CHANNELS": 64,
        "MAX_HOPS": 3,
        "NUM_LAYERS": 1,
        "TEMPERATURE": 0.5
      },
      "final_test_accuracy": {
        "mean": 0.22719298245614036,
        "std": 0.026410647749692272,
        "max": 0.2631578947368421
      },
      "best_test_accuracy": {
        "mean": 0.22083333333333335,
        "std": 0.026966551617234293,
        "max": 0.2631578947368421
      },
      "final_val_accuracy": {
        "mean": 0.22219780219780222,
        "std": 0.02301824040577066,
        "max": 0.25054945054945055
      },
      "best_val_accuracy": {
        "mean": 0.23120879120879123,
        "std": 0.013962532021335025,
        "max": 0.25054945054945055
      },
      "experiment_count": 10
    },
    {
      "parameters": {
        "DROPOUT": 0.5,
        "HIDDEN_CHANNELS": 64,
        "MAX_HOPS": 2,
        "NUM_LAYERS": 1,
        "TEMPERATURE": 0.5
      },
      "final_test_accuracy": {
        "mean": 0.2245614035087719,
        "std": 0.020103801116431296,
        "max": 0.2412280701754386
      },
      "best_test_accuracy": {
        "mean": 0.22543859649122808,
        "std": 0.026054994281191478,
        "max": 0.26096491228070173
      },
      "final_val_accuracy": {
        "mean": 0.22417582417582418,
        "std": 0.019360629051028783,
        "max": 0.25274725274725274
      },
      "best_val_accuracy": {
        "mean": 0.23186813186813188,
        "std": 0.01981072129375818,
        "max": 0.25934065934065936
      },
      "experiment_count": 10
    },
    {
      "parameters": {
        "DROPOUT": 0.5,
        "HIDDEN_CHANNELS": 64,
        "MAX_HOPS": 4,
        "NUM_LAYERS": 2,
        "TEMPERATURE": 0.5
      },
      "final_test_accuracy": {
        "mean": 0.22280701754385962,
        "std": 0.021061767023759597,
        "max": 0.2565789473684211
      },
      "best_test_accuracy": {
        "mean": 0.219078947368421,
        "std": 0.02191775983918323,
        "max": 0.2565789473684211
      },
      "final_val_accuracy": {
        "mean": 0.22615384615384615,
        "std": 0.02055738226192986,
        "max": 0.25274725274725274
      },
      "best_val_accuracy": {
        "mean": 0.2276923076923077,
        "std": 0.019415439846468374,
        "max": 0.25274725274725274
      },
      "experiment_count": 10
    },
    {
      "parameters": {
        "DROPOUT": 0.5,
        "HIDDEN_CHANNELS": 64,
        "MAX_HOPS": 3,
        "NUM_LAYERS": 2,
        "TEMPERATURE": 0.5
      },
      "final_test_accuracy": {
        "mean": 0.22171052631578947,
        "std": 0.011622807017543861,
        "max": 0.24342105263157895
      },
      "best_test_accuracy": {
        "mean": 0.22171052631578947,
        "std": 0.011622807017543861,
        "max": 0.24342105263157895
      },
      "final_val_accuracy": {
        "mean": 0.22109890109890112,
        "std": 0.016972953473677204,
        "max": 0.25054945054945055
      },
      "best_val_accuracy": {
        "mean": 0.22109890109890112,
        "std": 0.016972953473677204,
        "max": 0.25054945054945055
      },
      "experiment_count": 10
    }
  ],
  "all_combinations": [
    {
      "parameters": {
        "DROPOUT": 0.5,
        "HIDDEN_CHANNELS": 64,
        "MAX_HOPS": 2,
        "NUM_LAYERS": 2,
        "TEMPERATURE": 0.5
      },
      "final_test_accuracy": {
        "mean": 0.23903508771929824,
        "std": 0.02061870047990028,
        "max": 0.2675438596491228
      },
      "best_test_accuracy": {
        "mean": 0.23903508771929824,
        "std": 0.02061870047990028,
        "max": 0.2675438596491228
      },
      "final_val_accuracy": {
        "mean": 0.22527472527472528,
        "std": 0.01293719793649357,
        "max": 0.2549450549450549
      },
      "best_val_accuracy": {
        "mean": 0.22527472527472528,
        "std": 0.01293719793649357,
        "max": 0.2549450549450549
      },
      "experiment_count": 10
    },
    {
      "parameters": {
        "DROPOUT": 0.5,
        "HIDDEN_CHANNELS": 64,
        "MAX_HOPS": 4,
        "NUM_LAYERS": 1,
        "TEMPERATURE": 0.5
      },
      "final_test_accuracy": {
        "mean": 0.23267543859649123,
        "std": 0.014725677161578557,
        "max": 0.25877192982456143
      },
      "best_test_accuracy": {
        "mean": 0.23267543859649123,
        "std": 0.014725677161578557,
        "max": 0.25877192982456143
      },
      "final_val_accuracy": {
        "mean": 0.22945054945054943,
        "std": 0.01694447056474408,
        "max": 0.25934065934065936
      },
      "best_val_accuracy": {
        "mean": 0.22945054945054943,
        "std": 0.01694447056474408,