{
  "experiment_info": {
    "timestamp": "2025-07-07 00:28:29",
    "dataset": "Citeseer",
    "model": "RGCN"
  },
  "total_combinations": 6,
  "total_experiments": 60,
  "best_combination_by_val": {
    "parameters": {
      "DROPOUT": 0.5,
      "HIDDEN_CHANNELS": 64,
      "MAX_HOPS": 4,
      "NUM_LAYERS": 2,
      "TEMPERATURE": 0.5
    },
    "final_test_accuracy": {
      "mean": 0.20270270270270271,
      "std": 0.02420167052067122,
      "max": 0.23123123123123124
    },
    "best_test_accuracy": {
      "mean": 0.26756756756756755,
      "std": 0.05010067509737548,
      "max": 0.36786786786786785
    },
    "final_val_accuracy": {
      "mean": 0.21473684210526317,
      "std": 0.024707457923056685,
      "max": 0.25413533834586466
    },
    "best_val_accuracy": {
      "mean": 0.286015037593985,
      "std": 0.0402985074001854,
      "max": 0.35037593984962406
    },
    "experiment_count": 10
  },
  "best_combination_by_test": {
    "parameters": {
      "DROPOUT": 0.5,
      "HIDDEN_CHANNELS": 64,
      "MAX_HOPS": 2,
      "NUM_LAYERS": 2,
      "TEMPERATURE": 0.5
    },
    "final_test_accuracy": {
      "mean": 0.2237237237237238,
      "std": 0.022442299569409466,
      "max": 0.2627627627627628
    },
    "best_test_accuracy": {
      "mean": 0.26126126126126126,
      "std": 0.03865017695329302,
      "max": 0.32882882882882886
    },
    "final_val_accuracy": {
      "mean": 0.20616541353383458,
      "std": 0.022978014400657484,
      "max": 0.25413533834586466
    },
    "best_val_accuracy": {
      "mean": 0.2654135338345865,
      "std": 0.031177179273211977,
      "max": 0.3082706766917293
    },
    "experiment_count": 10
  },
  "top_10_combinations": [
    {
      "parameters": {
        "DROPOUT": 0.5,
        "HIDDEN_CHANNELS": 64,
        "MAX_HOPS": 2,
        "NUM_LAYERS": 2,
        "TEMPERATURE": 0.5
      },
      "final_test_accuracy": {
        "mean": 0.2237237237237238,
        "std": 0.022442299569409466,
        "max": 0.2627627627627628
      },
      "best_test_accuracy": {
        "mean": 0.26126126126126126,
        "std": 0.03865017695329302,
        "max": 0.32882882882882886
      },
      "final_val_accuracy": {
        "mean": 0.20616541353383458,
        "std": 0.022978014400657484,
        "max": 0.25413533834586466
      },
      "best_val_accuracy": {
        "mean": 0.2654135338345865,
        "std": 0.031177179273211977,
        "max": 0.3082706766917293
      },
      "experiment_count": 10
    },
    {
      "parameters": {
        "DROPOUT": 0.5,
        "HIDDEN_CHANNELS": 64,
        "MAX_HOPS": 3,
        "NUM_LAYERS": 1,
        "TEMPERATURE": 0.5
      },
      "final_test_accuracy": {
        "mean": 0.20330330330330332,
        "std": 0.018244324539440287,
        "max": 0.22372372372372373
      },
      "best_test_accuracy": {
        "mean": 0.2033033033033033,
        "std": 0.012220414384009488,
        "max": 0.21921921921921922
      },
      "final_val_accuracy": {
        "mean": 0.2055639097744361,
        "std": 0.01679975879375339,
        "max": 0.22706766917293233
      },
      "best_val_accuracy": {
        "mean": 0.22210526315789475,
        "std": 0.013568043649271616,
        "max": 0.25263157894736843
      },
      "experiment_count": 10
    },
    {
      "parameters": {
        "DROPOUT": 0.5,
        "HIDDEN_CHANNELS": 64,
        "MAX_HOPS": 4,
        "NUM_LAYERS": 2,
        "TEMPERATURE": 0.5
      },
      "final_test_accuracy": {
        "mean": 0.20270270270270271,
        "std": 0.02420167052067122,
        "max": 0.23123123123123124
      },
      "best_test_accuracy": {
        "mean": 0.26756756756756755,
        "std": 0.05010067509737548,
        "max": 0.36786786786786785
      },
      "final_val_accuracy": {
        "mean": 0.21473684210526317,
        "std": 0.024707457923056685,
        "max": 0.25413533834586466
      },
      "best_val_accuracy": {
        "mean": 0.286015037593985,
        "std": 0.0402985074001854,
        "max": 0.35037593984962406
      },
      "experiment_count": 10
    },
    {
      "parameters": {
        "DROPOUT": 0.5,
        "HIDDEN_CHANNELS": 64,
        "MAX_HOPS": 3,
        "NUM_LAYERS": 2,
        "TEMPERATURE": 0.5
      },
      "final_test_accuracy": {
        "mean": 0.20120120120120116,
        "std": 0.017014072641700052,
        "max": 0.22372372372372373
      },
      "best_test_accuracy": {
        "mean": 0.24729729729729727,
        "std": 0.018981378378758223,
        "max": 0.2882882882882883
      },
      "final_val_accuracy": {
        "mean": 0.21699248120300751,
        "std": 0.01401080964979522,
        "max": 0.23609022556390977
      },
      "best_val_accuracy": {
        "mean": 0.27112781954887216,
        "std": 0.034860308522652705,
        "max": 0.3684210526315789
      },
      "experiment_count": 10
    },
    {
      "parameters": {
        "DROPOUT": 0.5,
        "HIDDEN_CHANNELS": 64,
        "MAX_HOPS": 2,
        "NUM_LAYERS": 1,
        "TEMPERATURE": 0.5
      },
      "final_test_accuracy": {
        "mean": 0.20060060060060061,
        "std": 0.015374084968372621,
        "max": 0.22372372372372373
      },
      "best_test_accuracy": {
        "mean": 0.20930930930930933,
        "std": 0.013298252147438155,
        "max": 0.23573573573573572
      },
      "final_val_accuracy": {
        "mean": 0.18902255639097745,
        "std": 0.017716940710185133,
        "max": 0.21353383458646616
      },
      "best_val_accuracy": {
        "mean": 0.2267669172932331,
        "std": 0.01041400883800348,
        "max": 0.24962406015037594
      },
      "experiment_count": 10
    },
    {
      "parameters": {
        "DROPOUT": 0.5,
        "HIDDEN_CHANNELS": 64,
        "MAX_HOPS": 4,
        "NUM_LAYERS": 1,
        "TEMPERATURE": 0.5
      },
      "final_test_accuracy": {
        "mean": 0.1953453453453453,
        "std": 0.018698969309966174,
        "max": 0.21921921921921922
      },
      "best_test_accuracy": {
        "mean": 0.20645645645645647,
        "std": 0.013332961334528732,
        "max": 0.22522522522522523
      },
      "final_val_accuracy": {
        "mean": 0.19578947368421054,
        "std": 0.025668076142378187,
        "max": 0.23007518796992482
      },
      "best_val_accuracy": {
        "mean": 0.21834586466165415,
        "std": 0.01144834063799957,
        "max": 0.23458646616541354
      },
      "experiment_count": 10
    }
  ],
  "all_combinations": [
    {
      "parameters": {
        "DROPOUT": 0.5,
        "HIDDEN_CHANNELS": 64,
        "MAX_HOPS": 2,
        "NUM_LAYERS": 2,
        "TEMPERATURE": 0.5
      },
      "final_test_accuracy": {
        "mean": 0.2237237237237238,
        "std": 0.022442299569409466,
        "max": 0.2627627627627628
      },
      "best_test_accuracy": {
        "mean": 0.26126126126126126,
        "std": 0.03865017695329302,
        "max": 0.32882882882882886
      },
      "final_val_accuracy": {
        "mean": 0.20616541353383458,
        "std": 0.022978014400657484,
        "max": 0.25413533834586466
      },
      "best_val_accuracy": {
        "mean": 0.2654135338345865,
        "std": 0.031177179273211977,
        "max": 0.3082706766917293
      },
      "experiment_count": 10
    },
    {
      "parameters": {
        "DROPOUT": 0.5,
        "HIDDEN_CHANNELS": 64,
        "MAX_HOPS": 3,
        "NUM_LAYERS": 1,
        "TEMPERATURE": 0.5
      },
      "final_test_accuracy": {
        "mean": 0.20330330330330332,
        "std": 0.018244324539440287,
        "max": 0.22372372372372373
      },
      "best_test_accuracy": {
        "mean": 0.2033033033033033,
        "std": 0.012220414384009488,
        "max": 0.21921921921921922
      },
      "final_val_accuracy": {
        "mean": 0.2055639097744361,
        "std": 0.01679975879375339,
        "max": 0.22706766917293233
      },
      "best_val_accuracy": {
        "mean": 0.22210526315789475,
        "std": 0.013568043649271616,