{
  "experiment_info": {
    "timestamp": "2025-07-03 16:27:03",
    "dataset": "Texas",
    "model": "H2GCN"
  },
  "total_combinations": 9,
  "total_experiments": 90,
  "best_combination_by_val": {
    "parameters": {
      "DROPOUT": 0.5,
      "HIDDEN_CHANNELS": 64,
      "MAX_HOPS": 4,
      "NUM_LAYERS": 1,
      "TEMPERATURE": 0.5
    },
    "final_test_accuracy": {
      "mean": 0.8578947368421053,
      "std": 0.050207326390365556,
      "max": 0.9473684210526315
    },
    "best_test_accuracy": {
      "mean": 0.8236842105263158,
      "std": 0.04714861280833925,
      "max": 0.8947368421052632
    },
    "final_val_accuracy": {
      "mean": 0.8638888888888889,
      "std": 0.054786341453655595,
      "max": 0.9444444444444444
    },
    "best_val_accuracy": {
      "mean": 0.9083333333333334,
      "std": 0.039381796885438386,
      "max": 0.9722222222222222
    },
    "experiment_count": 10
  },
  "best_combination_by_test": {
    "parameters": {
      "DROPOUT": 0.5,
      "HIDDEN_CHANNELS": 64,
      "MAX_HOPS": 2,
      "NUM_LAYERS": 1,
      "TEMPERATURE": 0.5
    },
    "final_test_accuracy": {
      "mean": 0.881578947368421,
      "std": 0.08003634908287131,
      "max": 0.9736842105263158
    },
    "best_test_accuracy": {
      "mean": 0.8605263157894736,
      "std": 0.0441133016164216,
      "max": 0.9473684210526315
    },
    "final_val_accuracy": {
      "mean": 0.8416666666666668,
      "std": 0.06922186552431728,
      "max": 0.9444444444444444
    },
    "best_val_accuracy": {
      "mean": 0.8944444444444443,
      "std": 0.04444444444444442,
      "max": 0.9722222222222222
    },
    "experiment_count": 10
  },
  "top_10_combinations": [
    {
      "parameters": {
        "DROPOUT": 0.5,
        "HIDDEN_CHANNELS": 64,
        "MAX_HOPS": 2,
        "NUM_LAYERS": 1,
        "TEMPERATURE": 0.5
      },
      "final_test_accuracy": {
        "mean": 0.881578947368421,
        "std": 0.08003634908287131,
        "max": 0.9736842105263158
      },
      "best_test_accuracy": {
        "mean": 0.8605263157894736,
        "std": 0.0441133016164216,
        "max": 0.9473684210526315
      },
      "final_val_accuracy": {
        "mean": 0.8416666666666668,
        "std": 0.06922186552431728,
        "max": 0.9444444444444444
      },
      "best_val_accuracy": {
        "mean": 0.8944444444444443,
        "std": 0.04444444444444442,
        "max": 0.9722222222222222
      },
      "experiment_count": 10
    },
    {
      "parameters": {
        "DROPOUT": 0.5,
        "HIDDEN_CHANNELS": 64,
        "MAX_HOPS": 4,
        "NUM_LAYERS": 3,
        "TEMPERATURE": 0.5
      },
      "final_test_accuracy": {
        "mean": 0.8789473684210527,
        "std": 0.055450809225540736,
        "max": 0.9736842105263158
      },
      "best_test_accuracy": {
        "mean": 0.876315789473684,
        "std": 0.05771503210384555,
        "max": 0.9736842105263158
      },
      "final_val_accuracy": {
        "mean": 0.85,
        "std": 0.04681194318431309,
        "max": 0.9166666666666666
      },
      "best_val_accuracy": {
        "mean": 0.888888888888889,
        "std": 0.04120110270608699,
        "max": 0.9444444444444444
      },
      "experiment_count": 10
    },
    {
      "parameters": {
        "DROPOUT": 0.5,
        "HIDDEN_CHANNELS": 64,
        "MAX_HOPS": 3,
        "NUM_LAYERS": 2,
        "TEMPERATURE": 0.5
      },
      "final_test_accuracy": {
        "mean": 0.868421052631579,
        "std": 0.039032623616292964,
        "max": 0.9210526315789473
      },
      "best_test_accuracy": {
        "mean": 0.8368421052631578,
        "std": 0.062051716434482075,
        "max": 0.9210526315789473
      },
      "final_val_accuracy": {
        "mean": 0.8472222222222221,
        "std": 0.05306936992928553,
        "max": 0.9166666666666666
      },
      "best_val_accuracy": {
        "mean": 0.8805555555555555,
        "std": 0.04487637339278751,
        "max": 0.9444444444444444
      },
      "experiment_count": 10
    },
    {
      "parameters": {
        "DROPOUT": 0.5,
        "HIDDEN_CHANNELS": 64,
        "MAX_HOPS": 3,
        "NUM_LAYERS": 1,
        "TEMPERATURE": 0.5
      },
      "final_test_accuracy": {
        "mean": 0.8657894736842107,
        "std": 0.05322039056883337,
        "max": 0.9210526315789473
      },
      "best_test_accuracy": {
        "mean": 0.8710526315789473,
        "std": 0.05699054691502029,
        "max": 0.9473684210526315
      },
      "final_val_accuracy": {
        "mean": 0.836111111111111,
        "std": 0.04555894296349088,
        "max": 0.9166666666666666
      },
      "best_val_accuracy": {
        "mean": 0.8722222222222221,
        "std": 0.049999999999999975,
        "max": 0.9444444444444444
      },
      "experiment_count": 10
    },
    {
      "parameters": {
        "DROPOUT": 0.5,
        "HIDDEN_CHANNELS": 64,
        "MAX_HOPS": 4,
        "NUM_LAYERS": 1,
        "TEMPERATURE": 0.5
      },
      "final_test_accuracy": {
        "mean": 0.8578947368421053,
        "std": 0.050207326390365556,
        "max": 0.9473684210526315
      },
      "best_test_accuracy": {
        "mean": 0.8236842105263158,
        "std": 0.04714861280833925,
        "max": 0.8947368421052632
      },
      "final_val_accuracy": {
        "mean": 0.8638888888888889,
        "std": 0.054786341453655595,
        "max": 0.9444444444444444
      },
      "best_val_accuracy": {
        "mean": 0.9083333333333334,
        "std": 0.039381796885438386,
        "max": 0.9722222222222222
      },
      "experiment_count": 10
    },
    {
      "parameters": {
        "DROPOUT": 0.5,
        "HIDDEN_CHANNELS": 64,
        "MAX_HOPS": 4,
        "NUM_LAYERS": 2,
        "TEMPERATURE": 0.5
      },
      "final_test_accuracy": {
        "mean": 0.8526315789473685,
        "std": 0.05907880084379907,
        "max": 0.9736842105263158
      },
      "best_test_accuracy": {
        "mean": 0.8131578947368421,
        "std": 0.04316110386014927,
        "max": 0.868421052631579
      },
      "final_val_accuracy": {
        "mean": 0.8333333333333334,
        "std": 0.060858061945018437,
        "max": 0.9722222222222222
      },
      "best_val_accuracy": {
        "mean": 0.8694444444444445,
        "std": 0.0512949592017205,
        "max": 0.9722222222222222
      },
      "experiment_count": 10
    },
    {
      "parameters": {
        "DROPOUT": 0.5,
        "HIDDEN_CHANNELS": 64,
        "MAX_HOPS": 3,
        "NUM_LAYERS": 3,
        "TEMPERATURE": 0.5
      },
      "final_test_accuracy": {
        "mean": 0.8526315789473685,
        "std": 0.06781104593013225,
        "max": 0.9736842105263158
      },
      "best_test_accuracy": {
        "mean": 0.8315789473684211,
        "std": 0.06249653730019956,
        "max": 0.9473684210526315
      },
      "final_val_accuracy": {
        "mean": 0.8222222222222223,
        "std": 0.028327886186626596,
        "max": 0.8611111111111112
      },
      "best_val_accuracy": {
        "mean": 0.8722222222222221,
        "std": 0.035572912430182464,
        "max": 0.9444444444444444
      },
      "experiment_count": 10
    },
    {
      "parameters": {
        "DROPOUT": 0.5,
        "HIDDEN_CHANNELS": 64,
        "MAX_HOPS": 2,
        "NUM_LAYERS": 3,
        "TEMPERATURE": 0.5
      },
      "final_test_accuracy": {
        "mean": 0.85,
        "std": 0.05269732735394942,
        "max": 0.9473684210526315
      },
      "best_test_accuracy": {
        "mean": 0.8052631578947368,
        "std": 0.037586465413383424,
        "max": 0.868421052631579
      },
      "final_val_accuracy": {
        "mean": 0.8222222222222222,
        "std": 0.06826780959691392,
        "max": 0.9444444444444444
      },
      "best_val_accuracy": {
        "mean": 0.861111111111111,
        "std": 0.06211299937499415,
        "max": 0.9722222222222222
      },
      "experiment_count": 10
    },
    {
      "parameters": {
        "DROPOUT": 0.5,