{
  "experiment_info": {
    "timestamp": "2025-07-05 12:16:45",
    "dataset": "Texas",
    "model": "RGCN"
  },
  "total_combinations": 6,
  "total_experiments": 60,
  "best_combination_by_val": {
    "parameters": {
      "DROPOUT": 0.5,
      "HIDDEN_CHANNELS": 64,
      "MAX_HOPS": 2,
      "NUM_LAYERS": 1,
      "TEMPERATURE": 0.5
    },
    "final_test_accuracy": {
      "mean": 0.7921052631578946,
      "std": 0.043161103860149284,
      "max": 0.8421052631578947
    },
    "best_test_accuracy": {
      "mean": 0.7868421052631578,
      "std": 0.05055098082183828,
      "max": 0.868421052631579
    },
    "final_val_accuracy": {
      "mean": 0.8111111111111112,
      "std": 0.09686442096757053,
      "max": 0.9444444444444444
    },
    "best_val_accuracy": {
      "mean": 0.8861111111111111,
      "std": 0.06388888888888887,
      "max": 1.0
    },
    "experiment_count": 10
  },
  "best_combination_by_test": {
    "parameters": {
      "DROPOUT": 0.5,
      "HIDDEN_CHANNELS": 64,
      "MAX_HOPS": 2,
      "NUM_LAYERS": 1,
      "TEMPERATURE": 0.5
    },
    "final_test_accuracy": {
      "mean": 0.7921052631578946,
      "std": 0.043161103860149284,
      "max": 0.8421052631578947
    },
    "best_test_accuracy": {
      "mean": 0.7868421052631578,
      "std": 0.05055098082183828,
      "max": 0.868421052631579
    },
    "final_val_accuracy": {
      "mean": 0.8111111111111112,
      "std": 0.09686442096757053,
      "max": 0.9444444444444444
    },
    "best_val_accuracy": {
      "mean": 0.8861111111111111,
      "std": 0.06388888888888887,
      "max": 1.0
    },
    "experiment_count": 10
  },
  "top_10_combinations": [
    {
      "parameters": {
        "DROPOUT": 0.5,
        "HIDDEN_CHANNELS": 64,
        "MAX_HOPS": 2,
        "NUM_LAYERS": 1,
        "TEMPERATURE": 0.5
      },
      "final_test_accuracy": {
        "mean": 0.7921052631578946,
        "std": 0.043161103860149284,
        "max": 0.8421052631578947
      },
      "best_test_accuracy": {
        "mean": 0.7868421052631578,
        "std": 0.05055098082183828,
        "max": 0.868421052631579
      },
      "final_val_accuracy": {
        "mean": 0.8111111111111112,
        "std": 0.09686442096757053,
        "max": 0.9444444444444444
      },
      "best_val_accuracy": {
        "mean": 0.8861111111111111,
        "std": 0.06388888888888887,
        "max": 1.0
      },
      "experiment_count": 10
    },
    {
      "parameters": {
        "DROPOUT": 0.5,
        "HIDDEN_CHANNELS": 64,
        "MAX_HOPS": 3,
        "NUM_LAYERS": 1,
        "TEMPERATURE": 0.5
      },
      "final_test_accuracy": {
        "mean": 0.7789473684210527,
        "std": 0.05156820511122479,
        "max": 0.8421052631578947
      },
      "best_test_accuracy": {
        "mean": 0.7842105263157895,
        "std": 0.048237638894272,
        "max": 0.868421052631579
      },
      "final_val_accuracy": {
        "mean": 0.775,
        "std": 0.07076521779365001,
        "max": 0.8611111111111112
      },
      "best_val_accuracy": {
        "mean": 0.8388888888888889,
        "std": 0.060603956192420635,
        "max": 0.9166666666666666
      },
      "experiment_count": 10
    },
    {
      "parameters": {
        "DROPOUT": 0.5,
        "HIDDEN_CHANNELS": 64,
        "MAX_HOPS": 4,
        "NUM_LAYERS": 1,
        "TEMPERATURE": 0.5
      },
      "final_test_accuracy": {
        "mean": 0.7657894736842106,
        "std": 0.06907581446529835,
        "max": 0.868421052631579
      },
      "best_test_accuracy": {
        "mean": 0.7447368421052631,
        "std": 0.057715032103845536,
        "max": 0.8157894736842105
      },
      "final_val_accuracy": {
        "mean": 0.7722222222222221,
        "std": 0.06666666666666668,
        "max": 0.8888888888888888
      },
      "best_val_accuracy": {
        "mean": 0.8527777777777779,
        "std": 0.054220059155397585,
        "max": 0.9166666666666666
      },
      "experiment_count": 10
    },
    {
      "parameters": {
        "DROPOUT": 0.5,
        "HIDDEN_CHANNELS": 64,
        "MAX_HOPS": 2,
        "NUM_LAYERS": 2,
        "TEMPERATURE": 0.5
      },
      "final_test_accuracy": {
        "mean": 0.6842105263157895,
        "std": 0.06657426652986063,
        "max": 0.7631578947368421
      },
      "best_test_accuracy": {
        "mean": 0.6789473684210526,
        "std": 0.05741427428755639,
        "max": 0.7894736842105263
      },
      "final_val_accuracy": {
        "mean": 0.6555555555555556,
        "std": 0.06712803318663649,
        "max": 0.75
      },
      "best_val_accuracy": {
        "mean": 0.7388888888888889,
        "std": 0.04681194318431313,
        "max": 0.8055555555555556
      },
      "experiment_count": 10
    },
    {
      "parameters": {
        "DROPOUT": 0.5,
        "HIDDEN_CHANNELS": 64,
        "MAX_HOPS": 4,
        "NUM_LAYERS": 2,
        "TEMPERATURE": 0.5
      },
      "final_test_accuracy": {
        "mean": 0.6684210526315789,
        "std": 0.06023959548557681,
        "max": 0.7631578947368421
      },
      "best_test_accuracy": {
        "mean": 0.6973684210526316,
        "std": 0.05163530755354889,
        "max": 0.8157894736842105
      },
      "final_val_accuracy": {
        "mean": 0.7166666666666666,
        "std": 0.0666666666666667,
        "max": 0.8055555555555556
      },
      "best_val_accuracy": {
        "mean": 0.7833333333333334,
        "std": 0.0666666666666667,
        "max": 0.8611111111111112
      },
      "experiment_count": 10
    },
    {
      "parameters": {
        "DROPOUT": 0.5,
        "HIDDEN_CHANNELS": 64,
        "MAX_HOPS": 3,
        "NUM_LAYERS": 2,
        "TEMPERATURE": 0.5
      },
      "final_test_accuracy": {
        "mean": 0.6421052631578947,
        "std": 0.0764517844543892,
        "max": 0.7631578947368421
      },
      "best_test_accuracy": {
        "mean": 0.6763157894736842,
        "std": 0.044113301616421595,
        "max": 0.7368421052631579
      },
      "final_val_accuracy": {
        "mean": 0.6888888888888889,
        "std": 0.06894263136661587,
        "max": 0.8055555555555556
      },
      "best_val_accuracy": {
        "mean": 0.7749999999999999,
        "std": 0.03611111111111113,
        "max": 0.8333333333333334
      },
      "experiment_count": 10
    }
  ],
  "all_combinations": [
    {
      "parameters": {
        "DROPOUT": 0.5,
        "HIDDEN_CHANNELS": 64,
        "MAX_HOPS": 2,
        "NUM_LAYERS": 1,
        "TEMPERATURE": 0.5
      },
      "final_test_accuracy": {
        "mean": 0.7921052631578946,
        "std": 0.043161103860149284,
        "max": 0.8421052631578947
      },
      "best_test_accuracy": {
        "mean": 0.7868421052631578,
        "std": 0.05055098082183828,
        "max": 0.868421052631579
      },
      "final_val_accuracy": {
        "mean": 0.8111111111111112,
        "std": 0.09686442096757053,
        "max": 0.9444444444444444
      },
      "best_val_accuracy": {
        "mean": 0.8861111111111111,
        "std": 0.06388888888888887,
        "max": 1.0
      },
      "experiment_count": 10
    },
    {
      "parameters": {
        "DROPOUT": 0.5,
        "HIDDEN_CHANNELS": 64,
        "MAX_HOPS": 3,
        "NUM_LAYERS": 1,
        "TEMPERATURE": 0.5
      },
      "final_test_accuracy": {
        "mean": 0.7789473684210527,
        "std": 0.05156820511122479,
        "max": 0.8421052631578947
      },
      "best_test_accuracy": {
        "mean": 0.7842105263157895,
        "std": 0.048237638894272,
        "max": 0.868421052631579
      },
      "final_val_accuracy": {
        "mean": 0.775,
        "std": 0.07076521779365001,
        "max": 0.8611111111111112
      },
      "best_val_accuracy": {
        "mean": 0.8388888888888889,
        "std": 0.060603956192420635,
        "max": 0.9166666666666666
      },
      "experiment_count": 10
    },
    {
      "parameters": {
        "DROPOUT": 0.5,
        "HIDDEN_CHANNELS": 64,
        "MAX_HOPS": 4,